coll_id,coll_house,coll_x,coll_y,doc_id,doc_pageNum,doc_date,doc_fulltext,doc_image,res_full,res_head,ner_confidence,res_cat,res_norm,res_norm_confidence,fuzzy_match
HGB_1_024_040,Barfüsserplatz 15,2611302.138354082,1267114.9650077126,668dfb9d-8780-4d4a-a39b-4be080ecbfe2_20240705,14,1492,"Hanns Rosenfeld der Wachtmeister verkauft an Len
Hetzerin wil Ulrich Hetzers des Webers Wwe, das Hus &
Hofstatt zuwendig dem Esselltinn, zwuschen dem Hus zum
Strussen zu einer, ư dem Hus zer Steinas gelegen ist,
zinst voneig. zu s. Lienhart 10sh. ư 1 hun 1℔. zu erschat,
sodan sol man davon geben 1 ℔ widerk mit 20 ℔ zu Clingental,
sonstfrei, sum 32 fl.",https://files.transkribus.eu/Get?id=GTBFRSLYCPTUKOXVHSZSWNCJ&fileType=view,Clingental ,Clingental ,0.9173821210861206,rel,Kloster Klingental,1.0,False
HGB_1_024_066,Barfüsserplatz 29,2611333.3941644696,1267149.2194807678,ab16bc69-171e-4d91-81da-f43ccb09db9a_20240705,23,1523,"Melchior Lompar der Miner, u. seine Frau Ursula, verkaufen
an s. Sebastians Bruderschaft der schüzen, 30 sh. jährl zinses,
ab jrem hus u. Hofstatt genant Weiderlich, by der Barfüsser closter,
gegen der alten schal über, neben dem Hus Osterich glegen,
Zinst jährl einer Closterfrauen zu Clingental 3℔. sodan aber
ab jrem Hus u. Hofstatt genant zum Narren, an dem vorbestimten
Hus glegen ist, zinst dem Spital voneig. 8sh. sonstfrei,
um 50 ℔.",https://files.transkribus.eu/Get?id=JQFGPLGQSSGOQWRDNTPWGSFN&fileType=view,einer Closterfrauen zu Clingental ,Closterfrauen zu Clingental ,0.88949915766716,rel,Kloster Klingental,1.0,False
HGB_1_024_115,Barfüsserplatz 28,2611327.614136818,1267149.1169899958,801760e2-13f7-4a7b-92ab-b92f55fd325a_20240705,19,1523,"Melchior Lumpar der Kaurer u. seine Frau Ursula
verkaufen an s. Sebastians Bruderschaft der Schüzen.
30 sh. jährl. zinses ab jrem hus u. Hofstatt genant Wei¬
denlich by der Barfüsser Closter gegen der alten schal.
über, neben dem Hus Osterich glegen, zinst jährlich einer
Closterfrauen zu Clingenthal 5 ℔ sodan aber ab jrem Hus
u. Hofstatt genannt zum Värren, an dem vorbestimben
Hus glegen ist, zinst dem Spital von eig. 8 sh. sonst frei.
um 50 ℔.",https://files.transkribus.eu/Get?id=BQPFCYPJFZWCFPVJUAWTMAES&fileType=view,einer Closterfrauen zu Clingenthal ,Closterfrauen zu Clingenthal ,0.837795689702034,rel,Kloster Klingental,1.0,False
HGB_1_024_116,Barfüsserplatz 30,2611334.6649472862,1267157.820265856,5da065f0-d31c-4d3c-a489-04308819cd01_20240705,11,1454,"Do gend ze kaufen Mr. Conrat Wagner der Lütenmacher
u Elsin Brunnerin, an Ennelin Breytenbachin u. Peter
Breitenbach den Bartscherer jren sim das Hus & Hofstatt
genant Osterich, als es gelegen ist vor der Barfüssen Closter
gegen der nüwen Schal über, nebend Clewin Weydenlichs hus
ze einer siten ư dem Hus genant Götzenhus zer andern
siten, zinset voneig. zu s. Lienh 13sh. 4 dn denne so
vordend die frauen von Clingental daruf 18 dn.
um 140 fl.",https://files.transkribus.eu/Get?id=IJFCXNSZMKRWHENNOFCQOBKF&fileType=view,die frauen von Clingental ,frauen von Clingental ,0.9784636348485947,rel,Kloster Klingental,1.0,False
HGB_1_058_020,Freie Strasse 1,2611281.9863638678,1267451.4916674045,e5a59ebf-42f3-4e7c-8327-7c8061355f2a_20240705,22,1492,"Schultheissen Urkunde.
Frow Margreth von Bussnach sesshafft zu Sultz verkauft
Clausen Kleinbruder dem Koch, Burger zu Basel, und
Elsy siner Efrowen das Huse und Hoffstatt, als das in der
Statt Basel am Kornmarckt zwüschen dem Huse zer
Guldin Monen und dem Huse zum Scheppelin gele¬
gen und Appenzel genannt ist, zinst von Eigenschafft
Som Wins oder 15sh. u. Pfg. dafür der Dormiterye uff
Burg und z Soum Wins (1sh.) der Presentz uff Burg, 10 Gld.
Gelts widerkoiffig den Frowen zu Clingental und 6 ℔. 6 sh.
der gen. Presentz sind ouch widerkauffig, um 90 Gld.",https://files.transkribus.eu/Get?id=XPVYRMZPKNJKFRYRPBMQBURX&fileType=view,den Frowen zu Clingental ,Frowen zu Clingental ,0.8744285106658936,rel,Kloster Klingental,1.0,False
HGB_1_058_020,Freie Strasse 1,2611281.9863638678,1267451.4916674045,1be35f81-746f-4bc6-9a9d-67c5cecf6381_20240705,23,1492,"Frau Margreth von Bussnach sesshaft zu Sultz, verkauft
an Claus Kleinbruder den Koch, u. seine Frau Elsy,
das Hus genant Appengell, zwüschen dem Hus zem
Scheppelin, ư zem Monen zer andern siten gelegen,
zinst von eig, 1/2 som wins der Dormiterye oder 10sh.
dafür, ư 1/2son der presentz ư l. fr. münster uff Burg, oder
10sh. dafür sodan sol man davon geben 10 fl widerk.
mit 200 fl dem Clingental, soden 6 ℔ 6 sh. der Presentz
uff Burg, auch widerk. sonstfrei, um 99 fl.",https://files.transkribus.eu/Get?id=SNMZAGSMJJNZEJNPHVNNJUHU&fileType=view,dem Clingental ,Clingental ,0.9671759307384491,rel,Kloster Klingental,1.0,False
HGB_1_058_020,Freie Strasse 1,2611281.9863638678,1267451.4916674045,2901be9c-8b11-4549-b050-a6316a2996d9_20240705,24,1492,"Gross Basel.
Frau Margareth von Busnach, sesshaft
zer Sultz, gab Clausen Kleinbruder zu kaufen ein
Haus und Hof sambt allen begriff zu Basel am
Kornmarckt, zwischen dem Haus zum Monen und
Scheppelin gelegen und Appenzell genandt, welches von
eigenschaft zinste 11/2 saum wein oder darfür 10ß der
dormiteris auf burg und ½ saum weins oder ouch 10ß
darfür der Presenz, so dan 10 ß geltz den frauen zu
Clingenthal, widerkeufig umb 6 ℔ 6ß, auch der
Presenz widerkeufig.
Datum: Ao 1492
gab Asimus Bernhart, jetz Balthasar Humell der jung
in gold reinisch 10 fl. thut.. 11 ℔ 10ß. Jetz Andreas Betz der
Apotecker; jetzt Johannes Stehelin d. Jnger; jetzt Einamuel
Stupanus der Apotecker Ao 68.
Clingenthal F. Registratur, fol. 71.",https://files.transkribus.eu/Get?id=WDSUZBBWYFDHULNPSGNPOUXK&fileType=view,den frauen zu Clingenthal ,frauen zu Clingenthal ,0.9953405261039734,rel,Kloster Klingental,1.0,False
HGB_1_058_020,Freie Strasse 1,2611281.9863638678,1267451.4916674045,bdc2a5d3-4bc1-45d3-abd5-fcaf78660e33_20240705,25,1492,"ein brief wie frau Margreth von Busnacht
sesshaft zu Sultz, Clausen Kleinbruder zu kau¬
fen geben hette ein Haus und Hoff sampt allen
begriffen zu Basel am Kornmerckt zwischen
dem Haus zum Monen und Scheppelin gelegen
und Appengell genant, welches von eigenschaft
zinste 1/2 saum Wein oder darfür so der der
besten uf berg unser frawen Münster und ½ saum
weins oder auch 10 ß darfür der Presentz, so dan
10ß gelts den frowen zu Clingenthal widerkauffig
und 6 ℔ 6ß auch der Presentz widerkäufig,",https://files.transkribus.eu/Get?id=UYRSNMDQKSMUHMAWYBZEQKLF&fileType=view,den frowen zu Clingenthal ,frowen zu Clingenthal ,0.9768936932086945,rel,Kloster Klingental,1.0,False
HGB_1_058_020,Freie Strasse 1,2611281.9863638678,1267451.4916674045,d297acb2-a660-48dd-90b4-c12d8499a69d_20240705,27,1495,"Schultheissen Urkunde.
Frow Elsi wylent Clausen Kleinbruders des Kochs
sel. gelassen Wittibe verkauft Wentzen dem Juch¬
scherer, Burger ze Basel, und Elsy siner Eefrowen
das Huss und Hoffstatt genannt Appezell, als das
in der Statt Basel an dem Kornmarckt, zwischen
den Hüsern zum Guldin Honen und zum Cren,
lin gelegen ist, zinst von Eigenschafft der Presentz uff
Burg 10 sh. u. Pfg. und der Dormitorye daselbs z Som
rots Wins, 2 ℔. 6 sh. und 3 1/2 ℔. sind bed widerkouffig der
Presentz uff Burg, 10 Gld. widerkouffig den Frowen
zu Clingental umb 80 Gld. in Gold.",https://files.transkribus.eu/Get?id=WKKPJMDELHZQKWCTGENBRESR&fileType=view,den Frowen zu Clingental ,Frowen zu Clingental ,0.8475566655397415,rel,Kloster Klingental,1.0,False
HGB_1_058_020,Freie Strasse 1,2611281.9863638678,1267451.4916674045,6ff136a3-fa80-4430-b3fe-3d31e8fe6362_20240705,28,1495,"Elsy wyl Clausen Clembruders des Kochs sel Wwe.
verkauft an Wentzel, dem tuchscherer, ư seine Frau
Elsy, das Hus & Hofstatt genant Appezell an dem
Kornmarckt, zwüschen den Hüsern zum guldin Mernen
ư zum Krentzlin gelegen ist, zinst voneig. der Presentz
uf Burg 10sh. der Dormiterye daselbs 1/2soum rotz wins,
fürer sol man geben 2 ℔ 6 sh. u dem 3 1/2 ℔ widerk.
der obgl. Presentz uf Burg, soden 10 fl. auch widerk.
zu Clingental, sonstfrei, um 80 fl.",https://files.transkribus.eu/Get?id=UUXWUOMYLJFLHVVFHJSGWMIE&fileType=view,Clingental ,Clingental ,0.7528842687606812,rel,Kloster Klingental,1.0,False
HGB_1_058_020,Freie Strasse 1,2611281.9863638678,1267451.4916674045,9a3ae331-ccdc-4f4c-aaf4-002b4a744c9f_20240705,30,1506,"Schultheissen Urkunde.
Wenczlaw der Tuchscherer, Burger zu Basel, und
Elsin sin Efrow verkaufen Niclausen Lampartern
dem Buchtruker, Burger zu Basel, und Margretha
siner Efrowen eim Huss und Hoffstatt gelegen in der
Statt Basel am Kornmerkt zwüschen den Hüssern
zum Obrenzlin und zum Bonen und zu Appen,
zel genant, zinst von Eygenschaft der Presentz uff
Burg 10 sh. und der Dormatarye daselbs Som Rotz¬
wins, 2 ℔. 6 sh. und 1/2 ℔. widerkfg. der Presentz, sodan
den Frowen zu Clingental 10 Gld, umb 80 Gld.",https://files.transkribus.eu/Get?id=MUKIEGTJWMOHEPGVWHAAFQMP&fileType=view,den Frowen zu Clingental ,Frowen zu Clingental ,0.9937271624803543,rel,Kloster Klingental,1.0,False
HGB_1_058_020,Freie Strasse 1,2611281.9863638678,1267451.4916674045,ed04c671-1b03-400b-8d22-6ca9e3b69a17_20240705,35,1506,"Wentzel der tuchscherer, u. seine Frau Elsin, verkaufen
an Niclan Lamparter den Buchtrucker, ein Hus & Hofstatt,
am Kornmerckt, zwüschen den Hüsern zum Gulden Menen,
ư zum crenzlin, u. Appenzell genant, zinst von eig.
der Presenz uf Burg 10sh. u. der Dormentarye daselbs einen
halben dem rot mus, darnach in widerk gülten 2 ℔ 6 sh.
u. dan 3 1/2 ℔ der obgenanten Presenz, sodan 10 fl dem
Clingental, sonst frei, um 80 fl.
Die Schaffner willigen ein.",https://files.transkribus.eu/Get?id=XJJFMNQFYSHVHBNNDECXDOGI&fileType=view,dem Clingental ,Clingental ,0.9359749853610992,rel,Kloster Klingental,1.0,False
HGB_1_058_020,Freie Strasse 1,2611281.9863638678,1267451.4916674045,44ad62a1-781f-4023-b66e-72f642952f40_20240705,37,1508,"Niclaus Lamparter der Bucktucker u. seine Frau Margreth.
verkaufen an Wenzelm den tuchscherer, u. seine Frau Elsinen,
4 fl jährl zinses, ab jrem Hus & Hofstatt am Kornmerckt, zwüschen
den Husern zum gulden Monen, ư. zum Krentzlin gelegen, u.
Appenzell genant ist, zinst voneig der Presentz uf Burg 10sh.
u. der Dorinentarye daselbs einen halben som rot wins, sodan
jährl widerk. 2 ℔ 6sh. u. dan 3 1/2 ℔ der genanten Presentz, sodan
10 fl dem Clingental, sonst frei, sum 80 fl. widerk.",https://files.transkribus.eu/Get?id=UXNHUTIOUTCPEYZMJWVNVXNV&fileType=view,dem Clingental ,Clingental ,0.9220456779003143,rel,Kloster Klingental,1.0,False
HGB_1_058_020,Freie Strasse 1,2611281.9863638678,1267451.4916674045,7e9bfb72-b0da-416f-a483-781a0cf0b342_20240705,38,1510,"Viclaus Lamparter der Buchtucker, u. seine Frau Margreth.
verkaufen an Bartholome Rossnagel den Seckler, das Hus Hof¬
statt u. gesess hinder u. vor, genant Appencell, by dem Kornmarkt,
zwüschen den husern zum Krentzlin u. zu der Monen gelegen ist,
zinst jährl der Dormentarye der hohen Stift ein halben Som rot wins,
von eig. u. dan aber 1 ℔, der Presentz gemelten Stift, u. willigen
der Dormentarius et der Freusentiarius ein, jtem in widerk. gültl.
2 ℔ 6 sh. u. aber 3 1/2 ℔ auch der Presenz uf Burg, u. zuletz 10 fl.
dem Clingenthal, sonst frei, um 11/2 fl.",https://files.transkribus.eu/Get?id=IIPVNPSBSXDPKXKHAWIRXEVD&fileType=view,dem Clingenthal ,Clingenthal ,0.9354017972946167,rel,Kloster Klingental,1.0,False
HGB_1_058_024,"Freie Strasse 7, 9",2611292.3497203076,1267435.1011372518,18dc9e94-1c58-4c45-b98c-c5a0ffe4cd3f_20240705,"3, 4",1411,"Item git ze koffende frow Katherin, Wolfele
zm Clausen seligen genant von Senheim von
Hartmanswilr burgers ze Basel wilent elicher
frowen in namen ir selbs Angnesen Zinlis
und Hansen ire und dez selben Clausen eli¬
che kinden, Heinry von Biel dem kouffman
ne burger et die zwei huser und hofst deren
man daz eine nemmet zem Falken und dz
ander zem Swartzen huse aneinander gelegen
ze Basel in der statt an der fryen strasse zwu-
schent den hüsern so man nemmet zem
Stralen und zem Gilgen vor und hinder
und ouch mit dem gange hinden uß in
die gassen als man gat von den Augustiner
ze sant Martis lutkilchen mit allen iren
Rechten begre und zugl da daz eine huse [sep] und hofst zem Swartzen huse eigen ist und
dz ander zem Falken erbe ist von den frowen
ze Clingental und sunderlich einer jarzit mei¬
sterin so ze ze ziten da ist als von einer tragerin
von den geistl bruderen dem prior und conent
dez closters zen Bredigeren und den herren der
stifft ze sant Peter den davon gangent 2 1/2 ℔
zins ȡ angar. ze zinse et fotide erschatz als
hie nach geschr stat videlz de bre 2 ℔ den
herren ze sant Peter 10ß und der erschatz
einer schaffnerin so ze ze giten ist item
den Barfüssen 2 ℔ angl.",https://files.transkribus.eu/Get?id=XQKZITVXPSQCFRSOXIEFVDZW&fileType=view | https://files.transkribus.eu/Get?id=GZPVZCGMXQZYDSSFDDKXVXLT&fileType=view,den frowen ze Clingental ,frowen ze Clingental ,0.930042490363121,rel,Kloster Klingental,1.0,False
HGB_1_058_056,Freie Strasse 55,2611416.624807424,1267268.7649549488,c2f2877e-aa91-4948-83f0-780797c8cb58_20240705,30,1508,"Peter Pfister der Küffer, verkauft an Hannsen Yssnach
dem Leistmacher, jnwoner zu Basel, u. seine Frau Margreth,
hinder vor.
das Hus & Hofstatt, von der Fryenstrass, oberthalb dem Hus zum
swartzen berg, u. andersyt an dem Hus zum Ygel gelegen, u.
Wyssenberg genant ist erbe von dem Spital dem jährl darab gand
4 ℔ 5sh. ư 10 sh erschatz, ư willigt der Spitalschuber ein,
sodan sol man jährl auch geben 11 1/2sh. dem Clingental, abl sonst frei.
sum 8ß.",https://files.transkribus.eu/Get?id=DZFNAMKFONPFOGMHEHHPHZSM&fileType=view,dem Clingental ,Clingental ,0.9481477737426758,rel,Kloster Klingental,1.0,False
HGB_1_058_056,Freie Strasse 55,2611416.624807424,1267268.7649549488,3b99c241-9360-48c6-816d-53f3766b4234_20240705,34,1528,"Hans Metzger von Schlengen, u. seine Frau Barbara Oly
verkaufen an Hansen Rottelmeyer den Schuchmacher u. seine
Frau Dorothea, das Hus u. Hofstatt hinden u. vor, an der
Fryenstrass, oberthalp dem Hus zum Schwartzenberg, u. andersyt
551483 an dem Hus zum Egel gelegen, u. Wyssenberg genant, ist ein
Erb von dem Spital, zinst demselben Spital jährl. 2 ℔, u. 5sh.
zu erschatz, sodan den Frauen zu Clingental 12 1/2sh. sind abl.
sonst frei, sum 41 ℔.",https://files.transkribus.eu/Get?id=MHSGWJNSFNAZQEOGYPPQTVPO&fileType=view,den Frauen zu Clingental ,Frauen zu Clingental ,0.9914469867944717,rel,Kloster Klingental,1.0,False
HGB_1_058_067,Freie Strasse 73,2611443.6153886304,1267219.1250583658,5fff7a06-998c-4726-97e0-c86effd654ba_20240705,22,1439,"Martin Virabend verkauft an Hansen Endinger
dem Winleder, 2fl geltes, ab sinem Hus & Hofstatt
genant zer ihrem Welt, gelegen an der Frygenstrass
nebend der Scherer Fringkstuben genant zem Stern,
ze einer siten, ư dem Hus zer oben Wall zer andern
siten, zinst voneig. der Augustiner Closter, 1 ℔ 5 sh.
soden gab von der erbsch. 2 fl gelts den frowen von Clingental
widerk mit 30fl.
ư ab andern guter,
um 40 fl widerk.",https://files.transkribus.eu/Get?id=SWFUEFSHGOVOAFBVBWEKYHWW&fileType=view,den frowen von Clingental ,frowen von Clingental ,0.995157852768898,rel,Kloster Klingental,1.0,False
HGB_1_058_067,Freie Strasse 73,2611443.6153886304,1267219.1250583658,8bc68b54-2c21-44bd-9a9c-7e3d6cf7b37d_20240705,28,1450,"git ze kaufen Marty Virabent der stosser, an die
Ellenden Herberg 8sh. ab
u aber uff dem Hus & Hofstatt genant zer nidern Welt¬
so gelegen ist an der fryenstrass, nebent der scherer Zunfthus
ư zu der andern siten neben dem Hus genant zer obern Welt
zinset voneig. dem Augustinern 1 ℔ 5 sh. u. zu Clingental
2fl gelts widerkmit 30 fl. in denn auch 1 fl den Augustinern
widerk. ư denn so gat och darab 2 1/2 fl. Claus Schmidlin widerk.
um 8 ℔ 1sh.",https://files.transkribus.eu/Get?id=IHZSBMYFZRXXTABHFHMSFPNX&fileType=view,Clingental ,Clingental ,0.8570802807807922,rel,Kloster Klingental,1.0,False
HGB_1_058_068,Freie Strasse 75,2611445.9490665947,1267214.1957187983,a4d4af5d-9e72-4d95-aae8-cdf75dedac55_20240705,32,1464,"Adelheit Rütlingers Peters von Sarburg des sniders
efrau, verkauft an Ulli Zossen, das Hus & Hofstatt
genant zer obern Welt, als das gelegen an der frienstrasse
zwüschent den Hüsern eins genant Winsperg u. das ander
zer nidern welt, zinset voneig dem Spital 1 ℔, 2rda
zinset unst jährl S. Alban 1 fl gelts dem Spital 1 fl.
Brot ze wisung, 5 sh. erschatz, ư zu Clingental 1 fl gelts.)
widerk. sonstfrei, sum 80 fl.
solicher Sum sol der Käufer 60 fl abetragen oder die jährl.
mit 3 fl gelts verzinsen, den von s. Alban Clingental & dem Spital",https://files.transkribus.eu/Get?id=LETOJAFOWGZJTMWJJHHZKBCL&fileType=view,Clingental ,Clingental ,0.9323011636734009,rel,Kloster Klingental,1.0,False
HGB_1_058_072,Freie Strasse 83,2611480.3316316046,1267167.7837042715,e2031c0c-b0f8-431e-955c-f9628e6f8473_20240705,24,1470,"rechoman
Elsin Kuttingerin mit Johannes zum bilgerstab ver¬
kauft an Conrade Vogt procurator des bischoff hofs, u.
seine Frau Cristina, das Hus & Hofstatt genant
zer Krupffen, an den Swellen by dem Spitalbrunnen
83/1392 über, zwüschen den Husern zer Schufellen ze einer &
dem hohen Steg zer andern siten, zinset 17 1/2sh u.
Fring brot ze wisung & 5 sh erschatz dem Spital,
sodan sol man dem Spital geben 1fl widerk mit 20 fl.
u. dem Clingental 1 1/2 fl widerk mit 30fl. sonstfrei,
sum 32 fl.",https://files.transkribus.eu/Get?id=ACDFLYLKXLTNGLURJDKMPBEM&fileType=view,dem Clingental ,Clingental ,0.8867874145507812,rel,Kloster Klingental,1.0,False
HGB_1_058_072,Freie Strasse 83,2611480.3316316046,1267167.7837042715,847e016f-da45-4fa9-86f9-0713d6f92d54_20240705,37,1512,"Heinrich Karicher procurator Lical des Bischöfl hofs, verkauft
an Cosiman Hertel den buchtrucker, jnwoner zu Basel, u. seine
Frau Rosina, das Hus & Hofstatt genant zur Kupfen, under
den Swöllen gegen dem Spital, zwüschen dem Hus zum hohen Steg
zu einer, u. dem Hus zu der Schufflen zur andern sidten
zinst dem Spital 16sh. 20dn. u. 4ring brot ze wysung, von eig.
sodan gat darab dem genanten Spital 1 fl. jährl. abl. u. willigt
der Spitalschüber ein, jtem zinset 1 1/2 fl. dem Clingenthal,
jtem 1 fl. dem closterfrauen an den Steinen, u. zulet 1 fl. Mr.
Jorig fellen dem Scherer, der Peten, abl.
sonst frei.
sum 30 fl.",https://files.transkribus.eu/Get?id=HGMLRKBGGDEXSZMUROXZUWAB&fileType=view,dem Clingenthal ,Clingenthal ,0.9584217071533203,rel,Kloster Klingental,1.0,False
HGB_1_058_089,Freie Strasse 105,2611522.7932835002,1267092.135499964,85c0b043-748a-48dd-982a-8c97f74e192f_20240705,"13, 14",1527,"Adam Petri der Truckerherr und seine Frau
Anna Selber verkaufen an Hansen Selben
hart den jungern, den Küffer die beide Hü¬
ser, das cleiner und das grosser, hinden und
vor, als die hinderemandern an den Schwer¬
hin, das grosser zwüschen dem Hus zum Hel¬
den und dem Hus zu Blawenberg glegen,
und das Cleiner vornen bey dem unwendigen
Eschamerthor zwischen Suters des Schniders.
sel. Hus und Mörrers Hus gelegen, und zum
grossen und Clemen Mulbann genant sind
zinset das Hus zum grossen Mulbann von
Eig. der Presenz uff Burg 7 sh., so zinse
dan die beide Huser den Frowen zu Clingeital
5 ℔, und Ludwig Becherer auch 5 ℔, sind [sep] beid zins ablösig, sonst frei, um 127 fl.",https://files.transkribus.eu/Get?id=UEBILHVIHIRHPQSLQXNAFHXV&fileType=view | https://files.transkribus.eu/Get?id=FRJMMHTODGUMVDWPUFPHFECF&fileType=view,den Frowen zu Clingeital ,Frowen zu Clingeital ,0.9667210727930069,rel,Kloster Klingental,0.9514854955953156,True
HGB_1_058_107,Freie Strasse,2611278.365528941,1267440.8130504154,ce315196-deff-48fa-b038-0613339165bb_20240705,4,1465,"Ennglin Duglich genant Kurger von Wiler an
Obrechtztal, verkauft an Thiebolden Wäselin den
tichscherer & seine Frau Annen, das Hus & Hofstatt,
genant zem wyssen sun, als das gewidmet was Hanns
von Rattstatt destuchscherers ehefrauen ư nach jrem
abgang an den genanten Cuntzlin als einem nechsten
erben desselben von Settstatt, sel gevallen ist, gelegen
by dem Kornmerckt under den Bechern, einsche am
dem orthuse so ouch genant ist zem wyssen turn,
u. andersite an dem Huse genant Buch gerin brünlin
gesessen ist, zinset frau Cleil Rottin Closterfannen zu Clingental
5 ℔ ư 4sh. jährl 1 1/2 ℔ Pfeffer u 2ring brot wisung, u.
15 sh erschatz, sonstfrei, um 65 fl.",https://files.transkribus.eu/Get?id=DZIVYBDQLGNYZCFNKWIAUWHF&fileType=view,Closterfannen zu Clingental ,Closterfannen zu Clingental ,0.7172709902127584,rel,Kloster Klingental,0.6942810911323936,False
HGB_1_058_146,Freie Strasse 28,2611363.0412503965,1267335.3154565152,feb7fea4-dd3e-48cf-8ad9-381f2b570ac5_20240705,19,1490,"Hanns börlin der Brotbech, obfnet wie er Conrat
Stubenwegs des Wirts Hus & Hofstatt an der fryenstras
oben an der Brotbeckenzunfthus vor der von Lutzel
gestrichen Schüris.)
hofe über gelegen, und Hus oder zum rotten Beren genant
ist, zinst Michel Meiger 5 Vernzel Korngelts sind
widerk. mit 60 ℔. ư zu Clingental 1 ℔ widerk mit 20 ℔.
sodenn ist dasselb Hus mit samt Johannes Harders hus
der zer Sennen hof genant zwüschen Eschemerthor u dem
Eseltern, uff der Stattgraben usswendig gelegen, um 10fl.
widerk mit 200 fl. Heinrichen von Münchenstein der Küffer,
verschriben, gefrönt, u hat Hanns Lönlin darina
gebotten 46 fl.",https://files.transkribus.eu/Get?id=MYZXPSHNNNOEDVIGVJQXFZCD&fileType=view,Clingental ,Clingental ,0.9891993999481201,rel,Kloster Klingental,1.0,False
HGB_1_058_149,"Freie Strasse Theil von 30, Vorderhaus",2611366.9273429434,1267330.0854218162,7b45d147-36fe-4d72-b113-3cc9c18206a5_20240705,5,1471,"Jkr. Hanns Schlierbach verkauft an Burkhart
Syfrid den Kornmesser & seine Frau Elsin, das vorder
Hus & Hofstatt genant zum fuchs, an der fryenstrass,
zwuschen der alten Mücken & Dinis sebhus
zinset jährl voneig. 13sh. den frauen zu Clingental
sonstfrei, um 104 fl.",https://files.transkribus.eu/Get?id=DMCHYYUXNAWQGLDWEMXPJFLH&fileType=view,den frauen zu Clingental ,frauen zu Clingental ,0.9867531359195709,rel,Kloster Klingental,1.0,False
HGB_1_058_149,"Freie Strasse Theil von 30, Vorderhaus",2611366.9273429434,1267330.0854218162,c45e5475-ca8a-46c5-a88f-5d8d1be7fb1a_20240705,6,1471,"Jkr. Hanns Schlierbach verkauft an Burkhart
Syfriden den Kornmesser & seine Frau Elsin, das
vorden Hus & Hofstatt genant zum Fuchs so gelegen
ist an der fryenstrass, neben sifflis hus ze einer,
ư der alten Micken zer andern siten,
alles naher bezeichiel 1
och der gang so huhinder zu dem Sprachhus gat desen
vorgenanten Hus offen sin,
un s.
ist das gedacht hus mit damt den mittlen & hindern
huseren erb von den frauen zu Clingental, die jährl dauf
habent 2 1/2 ℔ 1sh. & 1 sh erschatz, sodan sol man geben
hoher
2sh. den herren der stift von eins selgerets wegen, ư 3 u.
um 104 fl.",https://files.transkribus.eu/Get?id=UELRVVDRCWFGUJSLKAPOOHTR&fileType=view,den frauen zu Clingental ,frauen zu Clingental ,0.9952178746461868,rel,Kloster Klingental,1.0,False
HGB_1_058_149,"Freie Strasse Theil von 30, Vorderhaus",2611366.9273429434,1267330.0854218162,ff4223e4-fb75-467a-b8ed-b01d94068959_20240705,7,1471,"Burkhart Syfrid der Kornmesser & seine Frau
Elsin, verkaufen an Jkr. Hannsen Schlierbach
2 1/2 fl gelts, ab irem fordern Hus & Hofstatt genant
zem Richs an der fryenstrass, zwüschen Viflis hus
ze einer, ư zer alten Mücken zer andern siten,
zinset jährl 1 ℔ 6sh. ze Clingental an die tregerye
des mitteln & hindern huses, sonstfrei, um 50 fl.
widerk.",https://files.transkribus.eu/Get?id=ZOUVXAQXJFWXRGHEJFBQBDKG&fileType=view,Clingental ,Clingental ,0.8261137008666992,rel,Kloster Klingental,1.0,False
HGB_1_058_149,"Freie Strasse Theil von 30, Vorderhaus",2611366.9273429434,1267330.0854218162,c6fa63e9-6348-44a6-a928-5476358938dd_20240705,8,1475,"Burkhart Syfrid der Kornmesser & seine Frau Elsin,
verkaufen an Clausen Klein bruder den Koch, ư seine
Frau Elsin, das Hus & Hofstatt genant zem Fuchs¬
gelegen an den fryenstrass zwüschen Ulrich Meltingershus
ze einer, ư zer Dinis hus zer andern siten, zinset von
Vorderhäuslig, 11 1/2sh zu Clingental, über denselben zins das mittelhus
darhinder treger ist, sonstfrei, sum 104 fl.",https://files.transkribus.eu/Get?id=BJOZREHTGNKZDUJUZPXZDMDP&fileType=view,Clingental ,Clingental ,0.9714090824127197,rel,Kloster Klingental,1.0,False
HGB_1_058_149,"Freie Strasse Theil von 30, Vorderhaus",2611366.9273429434,1267330.0854218162,760d9153-3dfc-4d8e-8ac8-510370c5cddb_20240705,9,1475,"Burkhart Syfrid der Kornmesser & seine Frau Elsa,
verkaufen an Claus Clembruder den Weber & seine Frau
Elsa, das vorderhus & hofstatt genant zem Fuch
an der fryenstrass, zwüschen Vifflis hus ze einer, ư der
alten Müken zer andern siten, neml in der veri hinhinder
mie zem mitten hus mit der gesicht als es harkemen ist
& damit den zweiteil des Kellers, ư sw. mit Zusatz wegen
gemeinsamen gang, sachtroff etc. Eist das vorder hus
mit dem mittler & hinderhus erb des Closters Clingental
die jährl daruf haben 2 1/2 ℔ 1 sh. & 1 sh erschatz, sodan sol
man davon geben 2sh. den herren uf der hohen Stift von eins
Jarzits wegen
um 104 fl.",https://files.transkribus.eu/Get?id=YBIKPHOCAXVXATQCRIPMAYGH&fileType=view,des Closters Clingental ,Closters Clingental ,0.9954775969187418,rel,Kloster Klingental,1.0,False
HGB_1_058_149,"Freie Strasse Theil von 30, Vorderhaus",2611366.9273429434,1267330.0854218162,037472a2-6f84-4326-afe6-097aede4d1f5_20240705,10,1484,"Official Urkunde.
Barbara wilent Jacob Sollen des Molers zu Basel sel. Wittwe,
vergabt dem Closter zu Sant Alban zu Basel 2 1/2 Guldin Geltz,
und 50 Gld. Hauptgutz, so ir als Erben des Jacob Sollen sel. jerlich
zu geben pflichtig sind Claus Cleinbruder der Koch zu Basel und
Elsy Meysterin sin Gemahel von und ab dem Huse und Gesesse
genannt zum Fuchs, als es gelegen ist zu Basel an der fryen,
Strass, zwüschen dem Huse genant zur alten Mücken, so
vormals Ulrich Meltingers was, zu einer, und dem Hus vor¬
mals der Fifias Huss und yetz zum Roten Beren genant,
zu der andern Siten, zinset jerlich dem Gotzhuse Clingental zu
mindern Basel 1 1/2 sh. ist von Claus Cleinbruder von Burckart
Sifriten und Elsin siner Gemahel erkoufft worden.",https://files.transkribus.eu/Get?id=HNSHOYNYTLVSTBPZABCCTXLS&fileType=view,dem Gotzhuse Clingental zu mindern Basel ,Gotzhuse Clingental ,0.9633236130078634,rel,Kloster Klingental,1.0,False
HGB_1_058_149,"Freie Strasse Theil von 30, Vorderhaus",2611366.9273429434,1267330.0854218162,a38976b0-6d54-44f7-95c5-751c070b8c20_20240705,11,1494,"Elsy Zwiglin wil Clausen Kleinbruders sel. Wwe.
verkauft an Orttlin Rul von Oppenhen, ư seine Frau
Ursulen, das vorderhus & hofstatt an der freyenstrass,
zwuschen fifflins hus und der alten Mücken gelegen
30/1173 wist daselb vorderhus zum Fuchs mit dem mittlen
u. hindem husern Erb von den frauen zu Clingenthal,
denen man jährl. geben soll 2 1/2 sh. u. 1 sh erschatz,
sodan 2sh. der hohen Stift von eins selgeret wegen
des sollen die jnhabere des vordem huses zum Fichs
dem mittlen Hus als einem treger des gantzen zinsen,
ư jährl geben 1 ℔ 6sh. das hinder hus 16sh. u. das
mittel hus das übrig, sonstfrei, um 104 fl.",https://files.transkribus.eu/Get?id=HUHPWQLZGULEOKXQTLXRMIMI&fileType=view,den frauen zu Clingenthal ,frauen zu Clingenthal ,0.9956470131874084,rel,Kloster Klingental,1.0,False
HGB_1_058_150,"Freie Strasse Theil von 30, Mittelhaus",2611366.9273429434,1267330.0854218162,78dd4c10-153f-4207-951a-d66dad3b6548_20240705,6,1465,"Clewi Kross, Weiss zem Swartzen Rappen verkauft
an Frena Vassbinderin das hinder und das mittel
hus genant zem Fuchs, als jn die von seinem Vatter
und Muter sel. ze Erbe ankomen sint, an der
Fryenstrass, einsit an der alten Muggen und ander
site an der Visslins huse, stosset hinden an den
Birsich und vorzu an das vorder huse zum Fuchs
zinset von Eig zu Clingenthal ...., sodann ouch 2fl.
gelts zu S. Martin, widerk. mit 40 fl., 2 ℔ 2
uf Burg an ein Jarzit 4 sol Iren Vassbinden Trege
zins sin + daran wirt jr vom vordern hus 12ß.",https://files.transkribus.eu/Get?id=MRSXSGFKWAANLVQPZBFWUBTD&fileType=view,Clingenthal ,Clingenthal ,0.8174680471420288,rel,Kloster Klingental,1.0,False
HGB_1_058_150,"Freie Strasse Theil von 30, Mittelhaus",2611366.9273429434,1267330.0854218162,6ba765dd-5ea7-45d2-9ddc-2d8635dfd1ae_20240705,8,1504,"Heinrich Meltinger Vogt zu Buseck, verkauft an
Jorgen Spörlin den Küffer, ư seine Frau Ursula, nanb
das mittel hus & hofstatt zum Fuchs, zwüschen dem Hus
zum rotten beren, ư der allten Muggen gelegen zinst
solich hus u. die andern zwei huser zum Fuchs von eig.
dem Clingental 1 ℔ 5 sh. des sich disen, hus 5sh. zugeben gepurt,
sonst frei, um 29 fl. 1ork.
Der Schaffner zu Clingental willigt ein.",https://files.transkribus.eu/Get?id=ALWHDNNPNUSNMMREBZFNIDBH&fileType=view,dem Clingental ,Clingental ,0.9502077698707581,rel,Kloster Klingental,1.0,False
HGB_1_058_151,"Freie Strasse Theil von 30, Hinterhaus",2611366.9273429434,1267330.0854218162,d91a2047-05cb-4a6a-adb7-fc402a057766_20240705,4,1427,"Schultheissen-Urkunde.
Clewin Hötzli der Winman Burger ze Basel, und Angnes
sin Ewirtin verkaufen Claus Wartenberg dem Wechsler,
Bürger ze Basel, 2 Gld. Geltes jerliches Zinses von und ab der
Erbschatt des hindern Huses genant zem Buchs, so gelegen,
ist ze Basel in der Statt an der frygen Strass nebend
dem Huse zer alten Muggen ze einer Siten und zer Vifant
Hus zer andern Siten und reychet hinderzu uff den Birsich
und zinset von Eygenschaft wegen den Frowen ze Clingental
5sh. miner Blig, umb 4 Guldin.",https://files.transkribus.eu/Get?id=LUWPWNOKPXNFMNXWPSVRVYJT&fileType=view,den Frowen ze Clingental ,Frowen ze Clingental ,0.9943973124027252,rel,Kloster Klingental,1.0,False
HGB_1_058_151,"Freie Strasse Theil von 30, Hinterhaus",2611366.9273429434,1267330.0854218162,fba61c49-006a-4812-8e5a-b353d74bfd38_20240705,9,1465,"Clewi Kross Wirt zem swartzen rappen, verkaufen an
freue vassbinderin, das hinder u des mittel hus u. hof¬
statt genant zem Fichs, als jn die von sine vatter &
mitter sel. Geserbe ankomen ư gelegen sint, an der
fryenstross, einsite an der alten müggen u. andersite
an der Vifflins huse, stosset hindenzu an den Birsich
u vorzu an das vorder hus zem Fuchs, zinset, undentlich
von eig zu Clingenthal, .... um 8 fl.
sodan ouch 2fl gelts zu s. Martin widerk.
mit 40 fl.
2 1/2 ℔ 2sh. uf Burg an ein jarzit u. sol dren Vassbindern
tregl. sin und doran wirt jr von vordern hus 1sh.",https://files.transkribus.eu/Get?id=OEBKNPVRAMIPOYWLDCYUDZZH&fileType=view,Clingenthal ,Clingenthal ,0.790363073348999,rel,Kloster Klingental,1.0,False
HGB_1_058_151,"Freie Strasse Theil von 30, Hinterhaus",2611366.9273429434,1267330.0854218162,f3bb1c87-4e8f-4df4-9ef1-d3d8dfa23017_20240705,11,1501,"Ennelin Vassbinder, verkauft an Elsy Kleinbruderin wil.
Clausen Klenbenders des Kochs Witwe, das Hinder Hus zum
Fuchs mit siner Hofstatt, mit dem höflin harfür, untz zu
dem mittlen hus u. sust mit allen sinen rechten, wie der alt
brieff im 27 dar usgangen das anzergt, so gelegen ist an
der fryenstrass, zwüschen dem Hus zer alten Muggn, ư zer
Zins hus gelegen ist, stosst hinden us uf den Birsich, zinst
8sh. zu Clingental an die tregerge, als das mittel hus treger
ist um 1 ℔ 6 sh. gegen denselben frauen, so die frauen zu
Clingental uff den drü husern zum fuchs nemb dem vordern
dem mittlen u dem hindern haben, soden 1 sh. erschatz
soden den heuen zu s. Martin 2fl widerk sonstfrei, um
9 ℔. in dem Kauf ist usbedungen das Ennelin Fasshinder
jr lebtag inhaben solle das Stüblin & Kemerlin etc.
fertigungsbuch 55.",https://files.transkribus.eu/Get?id=LRNBLNNDZREGNSDKHMDVWUSP&fileType=view,Clingental ,Clingental ,0.9742920994758606,rel,Kloster Klingental,1.0,False
HGB_1_058_157,Freie Strasse 38,2611389.835813522,1267294.512449785,b22cce2a-437c-4d72-81e4-187943d8c69c_20240705,13,1521,"Hans Rumeli Bgr zu Rinfelden, u. seine Frau Margreth.
Solflin, verkaufen an Ruprecht Winter den Kremer, das Hus
u. Hofstatt gnant zum Phlung, hinden u. vor, so vor giten den
hüser gwesen, und zusamen gebuwen sind mit der Hofstatt hinder
dem hindern hüslin, u. mit dem gang u. der privaten, in derselben
hindem hofstatt, u. das alles an der Fryenstrass, vor dem Hus
Valckemperg über, zwüschen dem Hus zum Voig, u. der gassen
als man in die wysse gassen gat glegen, zinsen uberhart voneig.
der Bresenz uf Burg 2 ℔, u. sovil ze erschatz, 6dn me Hl. der Raten
erndgelt, u 2ring brot ze wysung, sodann ungevörlich ein halb
Juch. Reben in Eschamervorstatt, hinder s. Jacobs brunnen,
zwüschen der gassen u. Lienhart Billings sel. garten glegen, zinst
von eig. der Bresenz uf Burg 3 1/2sh. den fl zu Clingental 9 1/2sh.
u. den Augustmersherren 1 ℔ 3sh. um 517 1/2 fl.",https://files.transkribus.eu/Get?id=OYSZGSHEWMFTFLOVPMZNYYDJ&fileType=view,den fl zu Clingental ,fl zu Clingental ,0.6957311034202576,rel,Kloster Klingental,0.9325825170951844,False
HGB_1_058_171,Freie Strasse 54,2611426.5278421477,1267229.2439767146,31477994-1f68-4b1f-8376-86c6febf68f1_20240705,25,1517,"Steffan Vischer der Wagner, bgr. u. sesshaft zu mindem Basel, und
seine Frau Agnes, verkaufen an Johansen Boman Grichtschüber
u. seine Frau Margreth von Thünsel genant Silberberg, das Hus Hof
u. Hofstatt hinden u. vor, an der Fryenstrass, zenechst an dem Zunfthus
der Schuchmacher u. dem gessli als man in die wyssen gassen gat am Egg
glegen, und zum Salast genant, u. sy von Heinrich Vischer einem Caplanen
der hohen Stift jm Bruder u. swager sel. erplich ankomen, zinst von
eig. einem Thumprobst der hochen Stift 2sh. 3dn, sodan sol mangeben zu
widerk. gulten jtem Peter von Than sel Witwe 2fl. den frauen zu Clingental
2 fl auch an ein Caplanei zu S. Theodor 2fl u. Anthon Blech priester
ze Lauser 5 fl. sonstfrei, um 10 fl.",https://files.transkribus.eu/Get?id=EQVCHCQXUGJXEWYMHFQASFQF&fileType=view,den frauen zu Clingental ,frauen zu Clingental ,0.9892121106386185,rel,Kloster Klingental,1.0,False
HGB_1_058_173,Freie Strasse 58,2611437.3728440013,1267212.1474457146,f26a0151-69c3-4181-9cc6-227fe381b4d8_20240705,14,1463,"Do gab ze kaufen Mathis Spanring der Hussmit
Hanns Walchen dem Koch, das Hus u. die Hofstatt
genant zer Müschelen, oben an der frienstrasse gelegen ist
nebent dem Huse genant zem grünen Ringe uf ein u.
dem Huse genant Miltenberg andersite, zinset voneig.
den armen lüten zu s. Jacob 1 ℔, sodan hand dieselben
Veltsiechen daruf 1 fl gelts widerk mit 20fl. die frauen zu
Clingenthal 5 fl gelts widerk mit 100 fl. sonstfrei, um
20 fl.",https://files.transkribus.eu/Get?id=IBHPPTXQGMHSKTLSWNJIUSRM&fileType=view,die frauen zu Clingenthal ,frauen zu Clingenthal ,0.9092664569616318,rel,Kloster Klingental,1.0,False
HGB_1_058_173,Freie Strasse 58,2611437.3728440013,1267212.1474457146,0bc476ef-689e-4b3a-a0b3-ccf181611e7c_20240705,28,1524,"Hanns Wernher genant lehenmans des Hafners sel. Kind,
und dan Claus Schmid von Hündlingen u. seine Frau Barbara
Dingerli, des vermelten Kinds ehl. mitter verkaufen an Ulrichen
und Hansen Anthan den Steinmetzen, gepruder, das Hus u. Hofstat
samt dem gertlin darhinder, wie dan dasselb gertlin undermret
ist und mit wyter, an der Fryenstrass, zwüschen den Hüsern Miltenberg
u. zum grünen hing gelegen, u. zur wüschelen genant ist,
zinset von eig. dem gotshus der annen sondersiechen 1℔.
sodan aber demselben gotshus 1 fl. abl. zinses, u. dan Gallus Bechmers
sel. Kinder 2fl u. Martin von Seltz 1 ℔. u. dem Frauen zu Clingental
1 fl. sind dis zins auch abl. sonst frei, sum 20 fl.",https://files.transkribus.eu/Get?id=OHGKFNAJVIFKIIPMHQFVUCMG&fileType=view,dem Frauen zu Clingental ,Frauen zu Clingental ,0.952812522649765,rel,Kloster Klingental,1.0,False
HGB_1_058_203,Freie Strasse Theil von 96,2611531.2935751546,1267051.2316468142,6e1233c3-558f-4098-b348-0f438fc1f0da_20240705,13,1446,"Do gend ze kaufen Conrad von Werde der schnider
Elsi von Werde sin swester soden Ennelin Oserichs
der vorgenanten Grats u Elsin swester tochter
Johannes von Werde den Kaufhusschriber, alle rechtring
so si hand von erbs wegen von irem vatter u sitter, an dem
Huse genant kleinen Benwilr so gelegen ist, unden an dem
Hof genant Beinwilr an dem ort, u. andersit neben dem
Huse genant Roten flich, so voneig. zinset zu Clingental
15sh.
sum 35 ℔ 8sh. 3d.",https://files.transkribus.eu/Get?id=DGISWTVTWNBGLYDDIVSMLOIR&fileType=view,Clingental ,Clingental ,0.9187263250350952,rel,Kloster Klingental,1.0,False
HGB_1_058_203,Freie Strasse Theil von 96,2611531.2935751546,1267051.2316468142,89b307c6-c9be-472b-b17d-9a8ae614fc90_20240705,16,1449,"Do gend ze kaufen Brid von Werd wil. Johanessen
sel. von Werd etzwen des Zolschribers jm koffhus ewirtin,
u. die fünf Kinder Hans Margarethlin, Heinrich, Urselin,
Ludwig, an Hansen Alten, den scherer u seine Frau
Ennelin, daz Hus & Hofstatt genant kleinen Bewilr,
gelegen jnnerthalb den jnner Eschenmerthor gemechst
nidwendig dem Hof ze Beinwilr an dem Ort, ư zer
andern siten nebent dem Hus zer Rotenfli, zinset
voneig ze Clingental 30sh. u. 2ringbrot wisung,
sum 73fl.",https://files.transkribus.eu/Get?id=PUDIURWCJQOSDCBSAFXCYIYV&fileType=view,Clingental ,Clingental ,0.8770524263381958,rel,Kloster Klingental,1.0,False
HGB_1_058_203,Freie Strasse Theil von 96,2611531.2935751546,1267051.2316468142,99aaa9da-9473-40c3-a1d7-ddd6e9575ff9_20240705,17,1449,"gend ze kaufen Hans Alt der scherer u seine Frau
Ennelin, Ludman Meltinger, anins flor, de domo
genant clem Bewilr, gelegen jnnerthalb dem inneren
Eschemerthor nebent dem Hus zer Roten fl u. nidwendig
genechst dem hof Beinwilr ann ort, zinst voneig. zu
n 2ring brot isem
Clingental 30sh. ư denn dem Barfüssern 1 fl. widerk mit 20fl.
um 20 fl. widerk.",https://files.transkribus.eu/Get?id=MXDAUBOXJKACMXHUCKAZXLAS&fileType=view,isem Clingental ,isem Clingental ,0.5043768435716629,rel,Kloster Klingental,1.0,False
HGB_1_058_203,Freie Strasse Theil von 96,2611531.2935751546,1267051.2316468142,b00d0be2-afbe-4dad-bf91-e4712cc51fb2_20240705,18,1449,"Schultheissen-Urkunde.
Hans Alt der Scherer, Burger ze Basel, und Ennelin sin
Ewirtin verkaufen Ludman Meltinger, Burger ze Ba-
sel, 1 Guldin Geltes jerliches Zinses von und ab irem Hus
und Hoffstatt genant Cleinen Beinwilr, als es gelegen ist
ze Basel in der Statt innerthalb dem uneren Escheme
thor, nidwendig genechst dem Hoff Beinwilr, am Ort¬
nebend dem Huse zer Rottenflü und zinset von Eygen,
schafft wegen dem Closter ze Clingental 30 sh. Zinspfg. und
em Ring Brotes ze Wisung, dem Closter zen Barfüssen
1 Gld. Geltes widerkoiffig mit 20 Gld, umb 20 Gld.",https://files.transkribus.eu/Get?id=HDMEDOUDMELJEQDJDPZQCKCD&fileType=view,dem Closter ze Clingental ,Closter ze Clingental ,0.9962652772665024,rel,Kloster Klingental,1.0,False
HGB_1_058_203,Freie Strasse Theil von 96,2611531.2935751546,1267051.2316468142,851b8dde-082a-480a-9d05-df35ae88268e_20240705,24,1493,"Ennelin Hanns Alten des scherers sel Wwe, verkauft
an Andres Krepfflin den pruc, an des Erzpriesterb Hofs
u seine Frau Margarethen, das Hus & Hofstatt
oben bi dem jnnern Eschemerthor an dem Egk under
der Herren von Fierstein hofen an Jkr. Jacob Jselins hofe
gelegen, u. clemen Bewil genant ist, zinst dem
Clingental 15sh. sodan 1 fl gelts zu s. Martin, widerk.
u. 1 fl wil. Ludwig Peigers sel. Erben, auch widerk. soden
1 fl. dem Spital auch widerk. sonstfrei, um 2fl.",https://files.transkribus.eu/Get?id=YJPRJEZCQKDETUSTYHUFNXCW&fileType=view,dem Clingental ,Clingental ,0.9465433359146118,rel,Kloster Klingental,1.0,False
HGB_1_058_203,Freie Strasse Theil von 96,2611531.2935751546,1267051.2316468142,a3d9090c-9330-42f9-8a6d-5e1fbda46f4f_20240705,31,1507,"Hanns Eberlinger Caplan u. Schaffner zu s. Martin, jnnamen
derselben herren, verkauft an Jr. Jacob Jselin der Peten,
das Hus & Hofstatt jnnerthalb dem jnneren Eschemerthor,
an
an dem Egk zwüschen dem Hofe Rotenfhus u. dem Hus
Rottenflin gelegen, u. Cleinen Benwiler genant ist,
zinst voneig. dem Clingental 30sh. u. 1 ring brot zewysung,
sodan sol man davon geben dem Spital 1 fl. den gemelten,
herren zu s. Martin 1 fl. u. Rudolff Gaenstein auch 1fl.
sind alle des widerk. u. ist solich Kauf bescheben daz
J. Jacob die obgemelten Zins künftig abtragen soll.",https://files.transkribus.eu/Get?id=JFYDQTYQDQGBXKYHNBIOHTIS&fileType=view,dem Clingental ,Clingental ,0.9443631172180176,rel,Kloster Klingental,1.0,False
HGB_1_157_013,"Rhein und Rheinbrücke: Kleinbasel vor Bläsithor [Bläsitor], Cluben-Schloss",2611451.6517668194,1267779.555361138,90418815-d3d9-42fb-a402-d296328498d5_20240705,47,1522,"Bob. Conrat Doltter schultheiss ze minderenn Basel. u. S. v. die in
No 112, hat kund, das vor ihm in ottenem gericht meister Hanns Smon
von Oug sesshafft zu Gubenn, burger ze Basel, unnd frow Veren Alerin,
sin eefrow, an Burgermeister unnd set von Basel verkauft haben das hus
Klütenn under der mindern stat Basel an dem Ron gelegenn mit behusung
Stallung schürenn garttenn ackern mattenn hatz veld win werd wegen
wasserzinsen wasseralen weg steg mitsampt der holzsägen und allem
schift und geschir, euch mitsampt den zwegen pappirmülen, die eine
ab und die ander undt dem huss Rubenn gelegenn, samt allem Zubehör¬
zinset alles inn gemeyn über unnd über dess erstenn von eigenschafft 11
7ß nach hut des altenn kouffbriefts, sodann 1ß unnd ein sing brots dem
Predigerherrn zu Basel, dann aber denen von Clingental 10ß von ettlichent
ackerenn und dan 1ß von Conrat Kungenn matten, wider sol man
darvon gebenn inn widerkouftigen gultten dem gotshuss zu sanct Bläsin 13ß.
unnd Hannsenn Rosen s. Kaufpreis 800 ℔. fur jeden guldin 1 ℔ 5ß.
Stebler gutter Basler pfennigenn. Zengen: Jacob Suracher, Anthoni Grünen¬
waldt, Conrat Rephun, Franz Gallicion, Peter Munzinger und Rudolf Supper,
all Burgere ze Basel. Besiegung wie in m 20.
1522 Juni 2.
Originat St. Urk. w 2809 ß.- auf dem Onschlag rechts: x pro
thocolto judici minoris Basilee t. Cowenstein ingrossavit. - Bezaubige
Aeschrift von 1830 Hausurkunden u 29 9. Das Siegel hängt.",https://files.transkribus.eu/Get?id=EORXBMWYNPUWYWIVVHYKALEC&fileType=view,denen von Clingental ,denen von Clingental ,0.9589317242304484,rel,Kloster Klingental,1.0,False
HGB_1_157_013,"Rhein und Rheinbrücke: Kleinbasel vor Bläsithor [Bläsitor], Cluben-Schloss",2611451.6517668194,1267779.555361138,664fe3d6-444f-4dc0-9871-a297204ab675_20240705,"50, 51",1522,"Schultheissenurkunde.
Hanns Symon von Oug, seßhaft zu Cuben, Burger zu
Basel und Frow Veren Aderinn, sin Eefrow verkouffen
dem Burgermeister und Rat der Stat Basel das hus
Klübenn under der undern Stat Basel an dem
Ryn gelegenn, mit Behusung, Stallung, Schüren,
Garttenn, Ackern, Matten Holtzeld, Wun, Weyd, Wyger,
Wasserrinsen, Wassersalen, Weg, Steg mit sampt der
Holtzfägen und allen Schiff und Geschier, ouch mitsamt
den zweyen Baggirmülen, die eine ob und die andere
wydt dem huß lüber gelegenn mit Scheff und Geschior
und isonderseit alle ligenden Gütter in dem Ban
der mindern Stat Basel und die Gerechtigkeiten des
Lehenns, so ußwendig der mindern Stat Basel Bam
gelegenn, so die Verkouffer erkauft habent, alles ingehegt
zinst alles in gemeyn von Eigenschaft ein Pfund Z Schill. [sep] nach dem Kouffbrief, sodan 4 Schilling und 1
Ring Brots den Bredigerherrn zu Basel, dan aber
den von Klingental 10 Schilling von etlichen
Ackern und dam 1 Schilling 6 Pfennig von Conrat
Rüngenn Matten, gibt wytter in widerkuffig Gül¬
ten dem Gotshuß zu Sant Bläsin 13 Guldin und
Hannsen Rotysen Gulden, um 800 Guldin zu
1 Pfunt 5 Schilling stebler gutter Baßler Phennigen
bar bezalt.",https://files.transkribus.eu/Get?id=NUAZSBQKBOYBDJADPKWZQASJ&fileType=view | https://files.transkribus.eu/Get?id=NJQWKYMCAYSMTRFVEPIKORXJ&fileType=view,den von Klingental ,Klingental ,0.9750435948371887,rel,Kloster Klingental,1.0,False
HGB_1_157_013,"Rhein und Rheinbrücke: Kleinbasel vor Bläsithor [Bläsitor], Cluben-Schloss",2611451.6517668194,1267779.555361138,62d7268e-8d59-4c59-b1dd-a8b90286c8aa_20240705,"52, 53",1522,"Item da gebenn ze kouffenn die ersamen
meister Hanns Symon vom Oug sesshafft
zue Cluben burger zur Basel und frow Iren¬
Oderin sin efrow, der statt Basel das hus Klu¬
ben under der mindern statt Basell am Rin
glegen mit behusung Stallung schüren garten
ackern matten holtz veld win weid wyger
wasserunsen wasservallen weg steg mit
sampt der holtz sagen und allen schiff und ge¬
scher darzu mit sampt den zweyen bapyr.
mulen die eine ob und die ander und dem
huß Bluben glegen mit allen schiff und ze
schar zu den Bapir mulen gehörend und in
sonders alle und Zegliche ligende güter im
bann der mindern statt Basel und des b.
hens so ußwendig der mindern statt Basel [sep] bann gelegen so die verkoiffere bishar zu Klu¬
ben gezogen und erkoufft haben, zinset alles in
gmen über und über des ersten von eigenschafft
ư ein pfand seben schilling nach lut des
allten kouffbriefs, sodann vier schilling und
ein ring brots den Bredigern herrn zu Basel dam
aber denen von Klingenthal 10ß von etlichem
ackernn und dann ein schilling 6ȡ von Cun¬
rat Rungenn matten, wyther soll man dar¬
von geben in widerkoiffigen gulten dem gotz
hus zu sant Blesien 13 gl. und Hansen Rot,
ysen gl fürer noch anders ist solichs alles so
obstat mit beladen noch verbunden, und ist
diser kouff harüber beschehen umb achthun¬
dert guldin.",https://files.transkribus.eu/Get?id=ZNHNSQDLKNHIRFCZZZVGLAIL&fileType=view | https://files.transkribus.eu/Get?id=WIJEHLNEISIOECXDFERPKIUH&fileType=view,denen von Klingenthal ,denen von Klingenthal ,0.9754649996757507,rel,Kloster Klingental,0.9693205522689193,False
HGB_1_122_030,Marktplatz Theil von 7 neben 8,2611261.6982418005,1267445.6898077002,84539876-3acb-4774-829f-1f34ecee60fe_20240705,56,1458,"Official-Urkunde.
Die Bruderschafft Sant Johans Capell uff Burg ze Basel ver¬
lecht ze einem Erb Heinrich Hochgesang dem Koch ze Ba-
sel. und Margret siner elichen Husfrow das Huss und Gesess,
als es gelegen ist am Kornmerckt ze Basel und vor Zitten
zem Barben und aber nun zem Rotten Swert geheyssen
ist, vormals zinshafftig und gond dar ab jerlichen dem Propst
ze sant Lienhard ze Basel 2 Guldin Gelts so dann den Frowen
des Closters ze Klingental 30 sh. und 2 Kappen Gelts, item den
Frowen des Closters sant Marien Magdalenen an den Steynen
2 ℔ 16 sh., dem Spital der armen Lütten ze Basel 4sh. und
2 Kappen, Lienharden von Richenstein edlem Knecht ze Basel
15sh. 3 Tag, um 6sh. 1 ℔. und Pfg. die Entrichtung obiger Zins.
se und Verbanung von 50 Gld. im ersten Jar¬",https://files.transkribus.eu/Get?id=YCHGKMQWZHTQXWHKNZXRQFPL&fileType=view,den Frowen des Closters ze Klingental ,Frowen des Closters ze Klingental ,0.9849599997202555,rel,Kloster Klingental,1.0,False
HGB_1_122_030,Marktplatz Theil von 7 neben 8,2611261.6982418005,1267445.6898077002,4d7ea543-0a3b-48e3-86d0-def2ee35a6a1_20240705,63,1482,"Hanns Winkler der Koch und seine Frau Elsin, ver¬
kaufen an Laurenez Kleinhaus den Koch ư seine Frau
Gerdrut, das Hus und Hofstatt genant zem guldin
barben, an Kornmerkt, zwüschen dem Hus zem Rich
ze einer, ư dem Hus zem blowen Vogel zer andern
siten, zinset voneig 30sh. ư zwen Kappenen zu wisung
dem Clingental, jtem 2fl. zu s. Lienh. 2 ℔ 16sh. dem
frauen an den Steinen, 15 sh. 3dn. Hans Heinrich Grieben
4 sh. Zapinen dem Spital, 1 ℔ 6 sh. 9 dm s. Joh Brud, uf
Burg, ư dan Mr. Lienhart Einfaltig 3fl widerk mit 60 fl.
sonstfrei, um 75 fl.",https://files.transkribus.eu/Get?id=ZCDZJJCLTLAQOTKCGQAPZXPL&fileType=view,dem Clingental ,Clingental ,0.9346572756767273,rel,Kloster Klingental,1.0,False
HGB_1_122_030,Marktplatz Theil von 7 neben 8,2611261.6982418005,1267445.6898077002,66a1536e-5293-43ee-b775-59a4229cad66_20240705,65,1485,"Laurenz Cleinhaus der gremper, ư sein Kind
Magdalenlin, verkaufen an Werlin schndlin von Kirseng
u seine Frau Elsin, das Hus & Hofstatt genant zem
guldin Barben, an dem Kornmerkt, zwüschen den
Husern zem Kiel ư zem blawen Vogel gelegen ist, zinset
von eig. dem Clingental 30sh. u 2 Kappenen ze wysung,
u 30 sh erschatz, fürer sol man geben 2fl. zu s. Lienh.
2 ℔ 6 sh. dem frauen an der Steinen, jtem 15 sh. J. Hans
Henrich Grieben, jtem 4sh. & Kapponen dem Spital, jtem
1 ℔ 6 sh. 9 dn s. Johanns Bruderschaft uf Burg, ư zuletst
3 fl. Mr. Lienhart Einfaltig widerk mit 60 fl. sonst frei.
um 70fl.",https://files.transkribus.eu/Get?id=HJLOAFCNOCZIKDRCYDOMBEYM&fileType=view,dem Clingental ,Clingental ,0.899596780538559,rel,Kloster Klingental,1.0,False
HGB_1_122_030,Marktplatz Theil von 7 neben 8,2611261.6982418005,1267445.6898077002,b29c5708-8ac9-4fa3-ba21-e59a5f1f1854_20240705,66,1485,"Laurenz Kleinhaus der gremper, verkauft an Werlin,
Schnewyss von Kirsingen & seine Frau Elsin, das Hus &
Hofstatt genant zem guldin Barben, am Kornmerkt, zwüschen
den Hüsern zum Kiel, ư zem guldin Barben, zinset von
eig 30sh. ư zwen Kappannen, wysung, ư 30 sh erschatz den frauen
zu Clingental, sodan aber 2fl. zu s. Lienhart, u 2 ℔ 16sh.
den frauen an den Steinen, 15 sh. 3dn. J. Hanns Heinrich Grieben,
jtem 4sh. u. kappen dem Spital, 1 ℔ 6 sh. an s. Joh Brudersch.
ư zuletst 3 fl gelts widerk mit 60 fl. sonstfrei, um 70fl.",https://files.transkribus.eu/Get?id=DSSBPJWQFQJZKRMIZYZDSIFM&fileType=view,den frauen zu Clingental ,frauen zu Clingental ,0.9888427257537842,rel,Kloster Klingental,1.0,False
HGB_1_122_030,Marktplatz Theil von 7 neben 8,2611261.6982418005,1267445.6898077002,2a5acbf8-8533-4088-8f48-aa446b2cd485_20240705,69,1491,"Hanns Loly der Brotbeck, verkauft an Drepold Schnell
den Koch zum wissen crütz, ư seine Frau Margrethen, das
Hus & Hofstatt an dem Kornmerckt, zwüschen den husern
zum Riel, ư zum blowen Vogel gelegen, ư zum gulden Barben
genant ist, zinst voneig. dem Clingental 30sh. 2 Kappan zu
wisung, ư 30sh. erschatz, fürer sol man geben 2fl gelts zur
S. Lienhart 2 ℔ 6 sh. den frauen an den steinen, jtem 15sh. Jkr.
Hanns Heinrich dem Grieben jtem 4 sh. 2 cappanen dem Spittel¬
jtem 1 ℔ 6 sh. 4 dn s. Joh Brudersch. uff Burg, soden 3fl gelts
Lienhart Einfeltigs sel. Erben, ư dem jungen Hanns Graden
1 fl bedezins widerk. sonstfrei, um 43fl.",https://files.transkribus.eu/Get?id=HDSXTNKVUJMGDFWUZCLTASIJ&fileType=view,dem Clingental ,Clingental ,0.9407698214054108,rel,Kloster Klingental,1.0,False
HGB_1_122_030,Marktplatz Theil von 7 neben 8,2611261.6982418005,1267445.6898077002,044cae5b-33ed-4e06-a1a2-7b37378cb4e0_20240705,74,1498,"Vil Lienhardt Enfellings sel. Kinder, verkaufen an
Hannsen Lodin den Brotbecken, das Hus & Hofstatt an
dem Kornmerkt, zwüschen den Hüsern zem Kiel zu einer,
ư zum blauwen Vogel zer anndern siten gelegen, ư zum
guldin Barben genant ist, zinst jährl s. Johanns Brudersch.
uff Burg 1 ℔ 6sh. den frauen an den Steinen 2 ℔ 1sh. Jkr. Hanns
Heinrich Grieben 16sh. 3dn. dem Spital 4sh. 4kappinen, soden
dem Clingental 30sh. u. 4 Kappen, zu s. Lienhart 2fl
u. zuletst den obgemelten Einfeltigs sel. Erben 3fl sonstfrei.
um 27 fl.",https://files.transkribus.eu/Get?id=MHJSVRRWUDNEDCGVDUELHNAW&fileType=view,dem Clingental ,Clingental ,0.6389957815408707,rel,Kloster Klingental,1.0,False
HGB_1_122_030,Marktplatz Theil von 7 neben 8,2611261.6982418005,1267445.6898077002,79adfa02-192b-466b-bf69-03ca59f74142_20240705,84,1511,"Hans Floser der Watman verkauft an Peter Rose von
Bysantz, dem Byretlinmacher, jnwoner zu Basel, u. seine Frau
Margrethen, das Hus u. Hofstatt genant zum gulden Barben,
an dem Kornmarkt, zwüschen den hüsern zum Riel zu einer
u. zum blauen fogel zur andern siten, zinst jährl & Johans
bruderschaft uf Burg 1 ℔ 6 sh. 6dns Item an Maria Magdalena 2 ℔ 16sh.
jtem Jn Hans Heinrich Grieben 15 sh. 3dn. jtem dem Spital 4sh. u.
fr Zwenkaporen 3sh. dem Clingental 30sh. u. 3sh. fur zwen
Kaponen, u. aber denselben frauen 30sh. zu erschatz, als dann die
vilgemelten Zinssherren willigen ein, sonst frei, um 60 fl.",https://files.transkribus.eu/Get?id=GFWKXJXKJPQRXDFUKLDIQYUZ&fileType=view,dem Clingental ,Clingental ,0.724740594625473,rel,Kloster Klingental,1.0,False
HGB_1_122_030,Marktplatz Theil von 7 neben 8,2611261.6982418005,1267445.6898077002,09a1dfa8-c041-4ccb-9713-bb987d94cae0_20240705,88,1521,"Hanns Schwartz der scherer, u. seine Frau Margretha, ver¬
kaufen an Hansen Watze den parethmacher, u. seine Frau Sophia,
das Hus u. Hofstatt am Kornmarkt, zwüschen den hüsern zum Kiel
u. zum Clowen Vogel glegen, u. zum gulden Barban gnant ist,
zinst voneig. s. Johansbruderschaft uf Burg 1 ℔ 6sh. 9 dn. Jr. Hans
Heinrich Grieben sel. Erben 15 sh. 3dn. jtem den frauen zus. maria
Magdalena 2 ℔ 16sh. den herren zu s. Lienhart 2 ℔ 6 sh. jtem dem
Spital 4sh. u. für zwen Capunen 3sh. u. den frauen zu Clingental
30sh. ein ring brot ze wysung, u. für 2 Capumen 3sh. u. 30sh. zu erschatz,
sonst frei, um 41 ℔.",https://files.transkribus.eu/Get?id=WTKRREJSFFEDSKTYYTCHRTAG&fileType=view,den frauen zu Clingental ,frauen zu Clingental ,0.9733898192644119,rel,Kloster Klingental,1.0,False
HGB_1_122_032,Marktplatz Theil von 9 neben Hutgasse 2,2611223.1324756765,1267464.0384626968,d9c7f7c6-a5ca-43c5-bfd4-74259955adf7_20240705,39,1459,"Do offnete Margret Philipsin wil. Philippsen sel.
von Mentz eins gufenmachers Wie, nach dem sy ein
biss hette genant Angelberg, so an dem Kornmerckt
gelegen ist, zwüschent dem Huse genant Sppenhein uf
einer ư zer andern siten an Conrat Hartmanns sel hus
wilent eins seklers, ist erbe von dem Spital, demselben
zinset es ouch jährl von der erbsch. 232 ℔, ư dem ouch jährl.
3 fl. widerk mit 45 fl. 5 sh erschatz, sodan ze Clingental
3 fl widerk. mit 45 fl. ư Cleirei Seckingers des metzgers und
gen Ennelin Gerhartin 2 1/2 fl. widerk mit 50 fl. solich hus von
irem ehrl man an sy komen, u. hand so wer
sy in den willen komen solich hus Joachin Mörnower
dem teschenmacher ze übergeben, das er fürer zinsen wolle.
v Angelberg = Th v 9 neben Hung 2 ao 1482",https://files.transkribus.eu/Get?id=LXIJWNMHXQRGZTREYZSHALOS&fileType=view,Clingental ,Clingental ,0.9766833186149597,rel,Kloster Klingental,1.0,False
HGB_1_122_032,Marktplatz Theil von 9 neben Hutgasse 2,2611223.1324756765,1267464.0384626968,ff7bf9c7-24bf-45fe-9d52-0af629915f6b_20240705,41,1459,"Joachim eltorwer der Geschenmacher u. seine Frau Tulins
verkaufen an Enelin Gebhartin jetzmit Mr Clausen
segkingers ewirtin 2 1/2 fl. gelts, aberein Huse &
Hofstatt genant Angelberg gelegen am Kornmerckt,
zinschent Hartmanns des scklers uff ein, ư dem Huse
genant Oppenhein andersite, ist Erbe von dem Spital
dem jährl. davon gehörent 2 1/2 ℔ ze zinse, 5 sh erschatz,
sodan aber demselben Spital 3 fl. widerk mit 45 fl.
sodan hand die closterfrauen ze Clingental auch daruff
jährl 3fl. widerk. mit 45 fl. sonstfrei, um 50 fl widerk.",https://files.transkribus.eu/Get?id=JSEDCIJVDFELBIVMTOLWUZWP&fileType=view,die closterfrauen ze Clingental ,closterfrauen ze Clingental ,0.9874608367681503,rel,Kloster Klingental,1.0,False
HGB_1_122_032,Marktplatz Theil von 9 neben Hutgasse 2,2611223.1324756765,1267464.0384626968,91fabc77-df36-4410-8a84-28f09b1eb411_20240705,47,1482,"Do ist Joachim des teschenmachers hus genant
Angelberg, am Kornmerkt, zwüschen dem Hus Oppenhein
ze einer, ư dem Hus Brodenbole zer andern siten gelegen
ist, zinst voneig. 2 1/2 ℔ 1/2 ℔ Pfeffer ze wisung u 2 1/2sh.
erschatz, dem Spital sodan aber 3fl. widerk mit 45 fl.
den frauen zu Clingental, von anusung etlicher Schult¬
forderen zum dritten gericht verkauft, u hat der
Spitalmeister darum geben 111fl.",https://files.transkribus.eu/Get?id=DEIHEITHXFKKEAERTGZRCSRH&fileType=view,den frauen zu Clingental ,frauen zu Clingental ,0.9822131991386414,rel,Kloster Klingental,1.0,False
HGB_1_122_040,Marktplatz 2,2611258.2395578786,1267492.751778926,ff36bb61-0dfb-4b98-ae0f-3ff8f9f622d0_20240705,54,1526,"Angnes Vorbürgerin, Niclausen Brum des gremers sel. Witwe.
verkauft an Jacoben Gotz Saltzherren u. des Rats zu Basel, u.
seine Frau Margretha, die beide Hüser u. Hofstetten, hinden
u. vor, als die hinderemander, memb das Vorderhus am Kornmerkt
zwüschen der Statt Basel Richthus, u. dem hus grossen Nüwenburg,
u. das hinderhus uf s. Martinsberg, zwüschen dem Hus Gilgenstein,
u. Eptingerhoff gelegen, u. bede Hüser zum Hasen genant sind,
zinsen von eig. dem Clingental 17 1/2 sh. zue ringbrot zu wysung, u.
1/2 ℔ Pfeffer zu erschatz, sodan den Predigerherren 4 fl. sind abl. mit 100 fl.
u. der Bartidian der hohen Stift 15 fl. sind ouch abl. mit 300 fl. sonst frei,
sum 663 fl.",https://files.transkribus.eu/Get?id=MQPTHCWPJWFMWXKDPUKXFQEC&fileType=view,dem Clingental ,Clingental ,0.9844220876693726,rel,Kloster Klingental,1.0,False
HGB_1_122_046,Marktplatz Theil von 8 neben 7,2611254.0475211227,1267444.1683880573,8e7ac88c-3aa2-4a25-8e4f-3e2dfdd69d12_20240705,"10, 9",1415,"Item do gabent ze kouffende Lienh von
Sept der koch und Grede eins uxor, Agnesen
Riffinen Rüdi Riffen seligen wilent eins
brotbecken und burgers ze Basel elicher fro¬
wen das huse und hofstat genant zem
blawen Vogel gelegen ze Basel in der statt
an dem Kornmerkt zwüschent den husern
zem guldin Barben und zem roten Fogel
vor und hinder mit allen sinen rechten
begriffen und zugehörden ist erbe zem
halben teile von dem tumherren der stiffte
uff Burg ze Basel und zem halben teile
von den frowen von Clingental ze min¬
ren Basel den da von gangent 5 ℔ genon
liche Baseler zinsph jerl get zen 4 fronvasten
von der eigensch ze zinse ein ℔ pfeffers jerlich [sep] halber ze sant Marte tage und halber carnis
ze wysunge und 1 ℔ ze erschatz die selben
zinse wisung und erschatze getwedern teile
zem halben teile zugehörent pro summa
zweyhundert und 10 flor.",https://files.transkribus.eu/Get?id=COXPJVRKOBRCSNLSNFVXILYR&fileType=view | https://files.transkribus.eu/Get?id=NWTFFLNZGKWJDFEXWZKACKQR&fileType=view,den frowen von Clingental ze min ¬ ren Basel ,frowen von Clingental ,0.9589676393402947,rel,Kloster Klingental,1.0,False
HGB_1_122_046,Marktplatz Theil von 8 neben 7,2611254.0475211227,1267444.1683880573,039a7c79-c6e3-466d-b458-d7693f4fbc42_20240705,19,1446,"Haus von Hirsingen der Winman u seine Frau Gredlin,
verkaufen an Heinrichen Wissbach dem Wuman u. seine Frau
Ennele, daz Hus & Hofstatt genant zem Blawen Vogel,
als es hinder u. vor begffen hat, gelegen den dem
Kornmergt, zwüschen den hüsern zem roten Vogel ư zem
gulden Barben, ist erb von den frowen ze Clingental u.
der Brud, s. Johnf Burg, darab gand 5 ℔ u 1 ℔ Pfeffer
ze wisung, ư 1 ℔ erschatz, sonstfrei, sum 420 fl.",https://files.transkribus.eu/Get?id=QDXBJVNFKWJFAQRWAZFYPUJF&fileType=view,den frowen ze Clingental ,frowen ze Clingental ,0.9984560608863831,rel,Kloster Klingental,1.0,False
HGB_1_122_046,Marktplatz Theil von 8 neben 7,2611254.0475211227,1267444.1683880573,6bb16407-a285-4648-9635-a0c1b0055dda_20240705,26,1471,"Claus von Biedertal Vogt zu Münchenstein, ver¬
kauft an Peter zer lich den Koch & seine Frau Kathrina
das Hus & Hofstatt hinden & vor genant zem
blawen Vogel gelegen an dem Kornmarkt, zemehen dem
Husern zem roten Vogel ze einer & zem Barben zer
andern siten, zinset voneig. 1 ℔ 5 sh. an die Presenz
der hohen Stift ư 1/2 ℔ Pfeffer ze wisung u. 5 sh erschatz
sodan 1 ℔ 5 sh. dem Clingental, sonstfrei, um
225 fl.",https://files.transkribus.eu/Get?id=AYAEVRSIUDYVAPABUNUZMAYL&fileType=view,dem Clingental ,Clingental ,0.9556857645511627,rel,Kloster Klingental,1.0,False
HGB_1_122_046,Marktplatz Theil von 8 neben 7,2611254.0475211227,1267444.1683880573,243d98ae-4be5-4e2c-93de-b58f307faeb9_20240705,33,1482,"Heinrich von Brunn an einem Jkr. Lienhart Grieb am
andern u. Frau Agnes von Biedertal wyl Claus von Bieder¬
tals sel Wwes am dritten teil, offnet do der genant.
Heinrich von Brunn wie Heinrich Erezberg schaffner das
Closters Clingental, in dem vergangnen Jor¬
sodan aber einen Hptbrief wisend 8 fl. uff dem Hus zum
blauwen Vogel am Kornmerkt, zwüschen dem Hus zem
guldin Barben ze einer u. dem Hus zem roten Vogel
gelegen ist, zinst 1 ℔ 5 sh. an die Presenz uf Burg, ư dan
aber 1 ℔ 5 sh. dem Clingental, um versessen zins, als
sy auch dauf habent 5 fl. gelts widerk. mit 100 fl. Hptg.
u. s. v.
überkaufen einander
& bot Frau Agnes Bredertalin
1℔ 5 sh.
fertigungsbuch fol. 52.",https://files.transkribus.eu/Get?id=IOBZRACRERDKOQNQSJGPRFLT&fileType=view,dem Clingental ,Clingental ,0.9654191434383392,rel,Kloster Klingental,1.0,False
HGB_1_122_046,Marktplatz Theil von 8 neben 7,2611254.0475211227,1267444.1683880573,0b6e8dd4-0d4f-4378-81d8-6ade5c52c9e5_20240705,44,1520,"Das gotshus s. Alban, sant Benedicten Regel des Ordens von
Cuniae verkauft an Clausen Rinck den Koch, u. seine Frau
Katherina, das Hus u. Hofstatt am Kornmarkt, zwüschen den
hüsern zum gulden barban, u. zur wysen thuben glegen, und
zum blawen fogel genant ist, zinset von eig. der Presen, uf Burg 1 fl.
u. 1/2 ℔ Pfeffer, u. den frauen zu Clingental auch 1 fl. u. 1/2 ℔ Pfeffer,
auch soll man zu erschatz geben der Presenz uf Burg 5sh. u. den
frauen zu Cligental 5 fl. sind abl. sonst frei, sum 59 fl. 17sh.",https://files.transkribus.eu/Get?id=WTHMBALZGZSYWLGEXXFBTRVP&fileType=view,den frauen zu Clingental ,frauen zu Clingental ,0.990460991859436,rel,Kloster Klingental,1.0,False
HGB_1_122_046,Marktplatz Theil von 8 neben 7,2611254.0475211227,1267444.1683880573,0b6e8dd4-0d4f-4378-81d8-6ade5c52c9e5_20240705,44,1520,"Das gotshus s. Alban, sant Benedicten Regel des Ordens von
Cuniae verkauft an Clausen Rinck den Koch, u. seine Frau
Katherina, das Hus u. Hofstatt am Kornmarkt, zwüschen den
hüsern zum gulden barban, u. zur wysen thuben glegen, und
zum blawen fogel genant ist, zinset von eig. der Presen, uf Burg 1 fl.
u. 1/2 ℔ Pfeffer, u. den frauen zu Clingental auch 1 fl. u. 1/2 ℔ Pfeffer,
auch soll man zu erschatz geben der Presenz uf Burg 5sh. u. den
frauen zu Cligental 5 fl. sind abl. sonst frei, sum 59 fl. 17sh.",https://files.transkribus.eu/Get?id=WTHMBALZGZSYWLGEXXFBTRVP&fileType=view,den frauen zu Cligental ,frauen zu Cligental ,0.9929669350385666,rel,Kloster Klingental,1.0,False
HGB_1_122_049,"Marktplatz Theil von 8, Mitte",2611254.0475211227,1267444.1683880573,8d0dc013-0f11-4db5-9dd7-653b5e3900af_20240705,12,1422,"gend ze kaufen Claus Jungling von Rapolzwilr u.
Elsin Wolfflins sin ewirtin, Henman Hirsinger dem
koch ư Grede sin ewirtin, daz Huse u. Hofstatt
gelegen am Kornmergkt, zwüschent dem husern zer
Tuben und zem Clausen Vogel ist erb von dem Clingental
etc.
um 236 fl.
denen darab gand 8 1/2 ℔.
fertigungsbuch pg. 234.
12℔ Theffer wisung, ư 1 ℔ erschatz",https://files.transkribus.eu/Get?id=OEEYJRLQUIPMFYOFAWGTJUBO&fileType=view,dem Clingental ,Clingental ,0.9869287014007568,rel,Kloster Klingental,1.0,False
HGB_1_122_049,"Marktplatz Theil von 8, Mitte",2611254.0475211227,1267444.1683880573,8ed69d30-2076-4471-812c-ccf7922f07c7_20240705,20,1447,"Claus Wegkmen der Wirt zem roten fogel am Korn¬
mergt, ư sin sun Morand Wegkman, verkaufen an
Greden Wambscherin daz Hus & Hofstatt zem roten Vogel
mit den zwen stellen derhinder, gelegen an dem Korn¬
mergkt, zwüschen den hüsern zem blawen Vogel u.
zer wissen Tuben, zinset voneig dem Brediger Closter
als si daz ankomen ist von den frowen ze Clingental 8 1/2 ℔.
1/2 ℔ Pfeffn ze wisung, ư 1 ℔ erschatz
sum 390 fl.",https://files.transkribus.eu/Get?id=SZBJIGKNUDMJEUZRTMAPAMPB&fileType=view,den frowen ze Clingental ,frowen ze Clingental ,0.9986166507005692,rel,Kloster Klingental,1.0,False
HGB_1_122_049,"Marktplatz Theil von 8, Mitte",2611254.0475211227,1267444.1683880573,d0627777-b021-4171-a47b-76a5ed743cad_20240705,23,1461,"Do gab ze kaufen Hanns Schürer von Hegenhein,
auch jnnamen Ennelin schurerin siner mitter, auch
anstatt Heinrich Schürers sins bruders, an Grede
friesenin, Clewin Lostorffs sel Wwe. das Hus & Hofstatt
genant zem roten Vogel als das am Kornmerckt.
zwüschent den Hüsern zem blowen Vogel u. zer wyssen
tuben gelegen ist, zinst jährl. voneig den Bredigern 4 ℔ 5 sh.
sodan 1/2 ℔ Pfeffer wisung, ư sol man auch jährl. geben 4 fl.
den Closterfrauen zu Clingental sint aber widerk.
sonstfrei, sum 38 fl.",https://files.transkribus.eu/Get?id=ZHMZPCSZRESPGUHJCFPIUHOK&fileType=view,den Closterfrauen zu Clingental ,Closterfrauen zu Clingental ,0.9902050197124481,rel,Kloster Klingental,1.0,False
HGB_1_122_051,Marktplatz Theil von 8 neben Gerbergasse 1 und Mitte,2611254.0475211227,1267444.1683880573,6d86d27a-4a8e-4824-bce9-aec201966c2c_20240705,4,1505,"wil. Burckart Wanuschers Hanns Wannschers u. Margreth
Wannscherin sel. Kinden, alle von Künglingen, verkaufen
an Clewe rinck von Friessen, u. seine Frau Katherin Surlin,
die zwei hüser zum roten fogel, u. zur wyssen tuben.
so jetz zur zu ein hin ist, mit samt dem hindern gehus,
u. der stallung, am Kornmarkt, einersit an dem Hus zur Gablen,
andersit an dem Hus zum plowen vogel, zinst das Hus
zum roten Vogel den Predigern von eig. alle fronfasten 1 ℔ 15 den
1/2 ℔ Pfeffer ze wysung, so soll man auch geben dem Clingental
5 ℔ widerk sodanso zinst die wysse tuben voneig. dem
Spital alle fronfasten 8 sh. 4 dn 11/2 ℔ Pfeffer, u. 10 sh erschatz,
jtem s. Lienhart 1 ℔ 3 1/2sh. den Predigern 3 1/2sh. Item den Augustinern
3sh. jtem s. Peter 9 ℔, sonst frei, sum 1200℔.
Die Schaffner willigen ein.",https://files.transkribus.eu/Get?id=MKSWZWCQRLKLQCNDWBRJUCCV&fileType=view,dem Clingental ,Clingental ,0.9874970614910126,rel,Kloster Klingental,1.0,False
HGB_1_122_059,Marktplatz Theil von 16 neben Sporengasse 14,2611202.6728325277,1267499.6706221516,7db571a4-0d63-4e2b-aa54-78d41e2db375_20240705,"3, 4",1458,"Do gab ze kaufen Heinrich Halbisen, her Johanns
Eschesaburlin, ein Hus & Hofstatt hinder & vor mit dem
stalle u mit dem gadden ư mit dem gemeinen Zugang,
als das hinder u den Ringkel by dem Kornmerckhbrunnen,
gelegen ist, stosset an Heini Rudis des Brotbeken hus das
etwan der gestüchern u. Reblüten Zunfthus was, u. stossel
auch hinder an die fleischschole, ư zinsen jährlichl dem
Peten 10sh. sodan gab er im auch ze kaufen den halben
teil so er hat an dem Hüslin, so auch desells als obstat nebent
an der schole u. hinder zu an dem obgeschr. verkauften
Hüslin gelegen ist, gegen dem Huse zem roten Kopf über¬
z ist der ander halbe kil dem Closterfrauen zu Gnadental
u zinset dis gez hus überhaupt denselben Closterfrauen jährl
2 ℔ pheffer sodan gab er im ze kaufen die 6sh. 9 dn so
er gehepi hat uf dem Stusslin zwüschent den obgemeten zwen
Ganticherbach Sporeng 24 [sep] Hüslin gelegen, als sy alle under ein sach gebuwen sin
um 65 fl.",https://files.transkribus.eu/Get?id=WLUDOJRYTOQINIYSLCIAAIEE&fileType=view | https://files.transkribus.eu/Get?id=VFDZHKXRXBJKXCVHMLQLZPBL&fileType=view,dem Closterfrauen zu Gnadental ,Closterfrauen zu Gnadental ,0.9202239960432053,rel,Kloster Klingental,1.0,False
HGB_1_063_013,Gerbergasse Theil von 1,2611246.53095841,1267442.4972386577,4c1a1875-d8d2-4380-bbed-227d98066b65_20240705,3,1413,"Item da gent ze kouffende frow Anastasia Strlein,
bergin mit junckher Peter ze der Wite milli irem
elichen mane und vogt Hanns Groshentzin,
von Wolffwilr dem kach zer Gabel iren dritten
teile des huses und hofstat zer Gabel gelegen ze
Basel am Kornmerkt zwüschent den husern zem
Gleigen und zer ouben daz selb huse über und
bis
über erbe ist von der den geistlichen frowen des
closters ze Clingental den da von gangent und man
geben sol 2 1/2 ℔ gewonlich Baseler zinsph jerlich
glich get ze den vier fronvasten umb 90 gl.
und ist beschenh mit zinst und willen bruder
Joh von Howingen irs schaffners.",https://files.transkribus.eu/Get?id=UHQLHAIONVUVCBTLNZMTQVLX&fileType=view,den geistlichen frowen des closters ze Clingental ,geistlichen frowen des closters ze Clingental ,0.9507737330027989,rel,Kloster Klingental,0.9759791176880733,False
HGB_1_063_013,Gerbergasse Theil von 1,2611246.53095841,1267442.4972386577,8301a9af-de50-4fbc-bcc5-de4579936d3d_20240705,7,1422,"git ze kaufen Rudolf Stralenberg, Hansen Koch
zer Gablen u Brygde sue uxor, sinen teil an dem
Hus & Hofstatt genant zer gablen als jn der von sinem
verteil erb ankomen ist, gelegen an Kornmerst, ze
einersiten nebent dem Hus zer Gleygen ư zer andern
siten neben dem Hus zem Tuben ist erb von dem Cligental
et. um 40 fl.
denen darab gand 5 ℔ u. 5sh. fertigungsbuch pg 238.
den herren s. Lienh. mit wysung u erschatz",https://files.transkribus.eu/Get?id=LGSNKMSHDMXBTBOCOTPXWFZJ&fileType=view,dem Cligental ,Cligental ,0.9716631770133972,rel,Kloster Klingental,0.9131622342851081,False
HGB_1_063_013,Gerbergasse Theil von 1,2611246.53095841,1267442.4972386577,b5ee3b88-a392-44f9-a4ec-69269cf28633_20240705,8,1423,"git ze kaufen Frow Elsin Stralenbergin Jken¬
Ludmans Rudis wilers ebfrow an Hansen den
Loch zer gablen Brygde sie uxor, dem
achtenden teil an dem Hus u. Hofstatt genant
zer gablen ist erb von dem Clingental, et
und 38 fl.
fertigungsbuch pg. 274.
denen ab dem huse gand 5 ℔
u. 5 sh. den heuens. Lilich, mit wisung u erschatz",https://files.transkribus.eu/Get?id=MOOEHQDWZRJJVUTAZFAJKYDL&fileType=view,dem Clingental ,Clingental ,0.9921922385692596,rel,Kloster Klingental,1.0,False
HGB_1_063_022,Gerbergasse Theil von 7 neben 5,2611251.833209035,1267417.020604114,50f7297d-6d2a-41e2-9402-2fe9905d0b2d_20240705,6,1461,"Peter Kölier der Gürtler diser zyt ein pfrunder in dem
Spital, verkauft an Gilgen Mast den Kremer, das Hus
& Hofstatt am nidern Rindermerckt gelegen ist, zwüschent
dem Huse genant Biberstein u des Kouffers hus genant
Mülhus, zinset voneig. wegen deren von Hegenhein alle
jor 3 1/2 ℔ zu Clingental 4℔. sonstfrei, sum 40 fl.",https://files.transkribus.eu/Get?id=AXVEZBIJIMHSTYMDMONQYEXU&fileType=view,Clingental ,Clingental ,0.9175179600715637,rel,Kloster Klingental,1.0,False
HGB_1_063_058,Gerbergasse Theil von 59 neben 57,2611306.01729483,1267218.2496124643,414e8f03-9637-4e12-91db-b86b91b1479c_20240705,"19, 20",1429,"Da bekennen sich Wilhelm Diethelin der gerwer
ze ein teil, u. Heinrich Wolff von Friburg och ein
gerwer zem andern seil. dass si von ir beider huser
eins nachsels miteinander überkomen werand.
also daz Wilhelm Drethelm, sin Hus & Hofstatt
gelegen under den gerwern, zwuschen Ulin Henselmans
u Bischoffs von Gewillr den gerwern husern, zinst
de proprietat
dem gotshus s. Lienh. 30sh. u 18 de
zwer brot
und 1 heder so man hört und 18 ȡ guerschatz, und den 10 gangen ab d Aschaft g
wisung zer andn.
dem genanten Heinrich Wolff
unt. und den Spital um ein ander hus an s. Lienhartzberg, zwuschen ell
Hansen von Basel der Stett werkmeister u den von
Hus der closterfrowen hüser, zinst voneig. dem Clingental
4sh. u den herren von Linzel 2 ℔. u. des hette
aber Wolff dem genanten Wilhelm Diethelm geben 40 fl.
fertigungsbuch fol. 39. [sep] Henselman, des Gerners hus neben Th. v 59 neben 57
auf S. v. 57 Ao 1438
Heuselmann, der Gerwer Eig v. Th. v 57 neben 57
nach 1493
Diethelm Wilhelm Eig v Th. v 59 neben 57 seit 1423
Th. v. 59 neben 57 ist Eig v. St. Leonhard
Zinst diesem Kloster 30ß u. 18 ȡ Ao 1423
Wolf Hrch. der Gerner Eig v. Th. v 57 neben 57 Ao 1436",https://files.transkribus.eu/Get?id=GROFRLSCXUDQVSYPZRHNXJDD&fileType=view | https://files.transkribus.eu/Get?id=RSYPDWDTWCHTEZMZQNFKRWTO&fileType=view,dem Clingental ,Clingental ,0.939923882484436,rel,Kloster Klingental,1.0,False
HGB_1_063_066,Gerbergasse 73,2611315.6990053165,1267189.4415090105,d324e61f-5fa2-4ea9-808b-69b14c5b791b_20240705,5,1453,"Hans Wesselbach der Schnider u Caspar Nesselbach
der Seyler, sin sun, verkaufen jre teil, des Huses
u. Hofstatt
genant zem swartzen Eber als es gelegen
ist under den gerwern nebend Melchior des Schmiders hus
zeremer siten, ư Herman Grünings des Kürseners hus
zer andern siten, zinset voneig dem gotshus s. Lienh. 9 d
ư ein hower, ư denne zen Augustinern 10sh. von Jarzit
wegen, u. dem ze Clingental 3 fl widerk mit 45 fl.
sum 142fl.",https://files.transkribus.eu/Get?id=CNNZQAIGJWHRZYDLELQHACNS&fileType=view,dem ze Clingental ,ze Clingental ,0.6709438562393188,rel,Kloster Klingental,1.0,False
HGB_1_063_075,Gerbergasse Theil von 2 neben 4,2611233.6345177083,1267437.8163228792,6c899cf9-26c2-4b7e-9f54-b4c1b0992749_20240705,14,1474,"do gent ze kaufen.
Hugly Bertschy der Metzger & seine Frau Agnes,
das halb, sodan Hanns Malterer der Sckler, das ander¬
halb teil.
dem Hanns Roten dem Krämer, ư seine
Frau Ursal.
das Hus & Hofstatt genant zem Guldin,
Schaff, so gelegen ist am Kornmarkt zwüschen dem Hus
zem guldin Wind u Bener frygen des schniders sel hus
zinset 5 ℔ voneig. 1 ℔ Pfeffer ze wisung, ư 1 ℔ Pfeffen
erschatz, Peter Roten sitter burgermeister & dem kinden an
der Birs, sodan jährl 2fl den frauen zu Clingental,
widerk mit 40 fl. sonstfrei, um 84 fl.",https://files.transkribus.eu/Get?id=WQQTTACPXGIHHGGRDLDZJEIY&fileType=view,den frauen zu Clingental ,frauen zu Clingental ,0.9528796821832657,rel,Kloster Klingental,1.0,False
HGB_1_063_075,Gerbergasse Theil von 2 neben 4,2611233.6345177083,1267437.8163228792,4b00baab-b4a2-4618-9efb-89877c12e39c_20240705,17,1481,"Do hat Jerg von Fulez zem dritten gericht kauft
Hans Roten des Kremers sel. als eins erblosen mans hus
genant zem guldin schaff, am Kornmerkt gegen dem
alten Rindermerkt ufflin zwüschen dem Hus zem gelen
Wind ze einer und dem Hus Gyssperg zer andern siten
zinst voneig. 3℔ Peter Roten Ritter alben Burgermeister und
2fl widerk. mit 40 fl. Hplg. dem Clingental, ư hat
darum gebotten 173 fl.",https://files.transkribus.eu/Get?id=IZSVOHCCMTQKPNZOPFPZJPDC&fileType=view,dem Clingental ,Clingental ,0.9584139287471771,rel,Kloster Klingental,1.0,False
HGB_1_063_075,Gerbergasse Theil von 2 neben 4,2611233.6345177083,1267437.8163228792,9287fe63-c79c-4d59-a87f-867f4a3a5060_20240705,24,1503,"Thoman Scherb der sattler, u. seine Frau Clar, verkaufen
an Hanns Henrich Gebhart den Kürschner & seine Frau Margrethen,
ein Hus & Hofstatt am Kornmerckt gelegen, zwüschen dem
alten stehele, u Claus Hafenn husen, zinst 16sh. 8 dm, u.
1 drittel eins ℔ Pfeffers Peter rotten seb Husfrauen, jtem 4 fl golschal
sel. Erben. jtem 2fb dem Clingental, jtem zu s. Jacob 1 ℔ 18 sh. 8 dn.
um 32 fl.",https://files.transkribus.eu/Get?id=KPTZMSRJRXFREVRUVNVUGHYW&fileType=view,dem Clingental ,Clingental ,0.9558225572109222,rel,Kloster Klingental,1.0,False
HGB_1_063_078,Gerbergasse 8,2611238.3617193485,1267425.9183655204,1648e89f-5401-48ae-a1b0-1d8676f5b942_20240705,10,1441,"git ze kaufen Heinrich Steinmetz bgr. zu Basel,
Friderich Hilt bgr. zu Basel u. Josen Lindenmeyger,
sinem tochterman den segklern, daz Hus u. Hofstatt
genant zem Bilgrin, gelegen an dem alten Rindermergt
nebend des Köffers Hus genant zem Trybogk ze einersiten
ư dem Hus ze Hauenbrunnen zer andern siten, zinset
voneig ze Clingental 5 ℔, 1 ℔ Pfeffer ze wisung, 5 sh erschatz,
ư a. in mit Zusatz wegen ausschutten von Wasser
hindenus.
sum 195 fl.",https://files.transkribus.eu/Get?id=HODMURRKKJXDLEVUKUARLPEO&fileType=view,Clingental ,Clingental ,0.9559011459350586,rel,Kloster Klingental,1.0,False
HGB_1_063_078,Gerbergasse 8,2611238.3617193485,1267425.9183655204,d7e3f99c-4e15-4e75-8fba-5c5c1bd3e761_20240705,13,1473,"Do ist Jost Lindenmeigers u Elsin siner Efrauen Hus
genant zu sant Jacob am alten Rindermerkt
zwuschen dem Hus zem trybok ze einer, ư dem Hus
Hanenbrunnen zer andern siten gelegen ist, zinst von
eig zu Clingental 2 1/2 ℔, 1/2 ℔ Pfeffer ze wisung, 1fl.
gelts Steffan plut caplan zu s. Peter, ist ewig, 6 dn zu
zu s. Lienh als aberstorbner lütten uffgeschlagen u zuletst
& nach dem Agnes Spenellin uff demselben hus hat 10 fl.
gelts u. 200 fl Hptg. hat
verkauft an daruf gebotten über die beladung 1 fl.",https://files.transkribus.eu/Get?id=EMYDTVAMRBLFASWBPBXDGYPM&fileType=view,Clingental ,Clingental ,0.8255155682563782,rel,Kloster Klingental,1.0,False
HGB_1_063_078,Gerbergasse 8,2611238.3617193485,1267425.9183655204,23685d38-223b-48a1-bb10-d8c10d56feba_20240705,14,1475,"Da hatt Jr. Dietrich Murer um Ersatzung, das Hus zem Bilgerin,
am alten Rindermerkt, zwüschen dem Hus zum Tribok zu einer,
und dem Hus zem alten Hanenbrunnen zer andern siten, zinst von
Eigenschafft 5 ℔ den Frowen zu Clingental, 1 fl. ewigs gelts Hanns
Blut, und 1 sh. den Herren zu sannt Lienhart, gefrönt.",https://files.transkribus.eu/Get?id=UHUWGHADCLZECKTSHGWOVJHG&fileType=view,den Frowen zu Clingental ,Frowen zu Clingental ,0.995811864733696,rel,Kloster Klingental,1.0,False
HGB_1_063_078,Gerbergasse 8,2611238.3617193485,1267425.9183655204,425f7388-ea63-4896-9e7e-6dcde58e6960_20240705,17,1480,"Jkr. Dieterich Mürer, verkauft an Sebolt Hamer
den teschenmacher & seine Frau Margret, das Hus &
Hofstatt hinden & vor genant zem Bilgrin, am alten
Rindermerkt, zwüschen dem Hus zem tubok ze einer u.
dem Hus Kannenbrunnen zer andern siten, zinst voneig.
2 1/2 ℔ zu Clingental u. 1/2 ℔ Pfeffer wisung, sodan aber
einen ewigen Abgelts Steffan Hut Caplan zu s. Peter.
sonstfrei, um 90 fl.",https://files.transkribus.eu/Get?id=SVETNVRMSVQWYCASSAAVHQTK&fileType=view,Clingental ,Clingental ,0.9325095415115356,rel,Kloster Klingental,1.0,False
HGB_1_063_078,Gerbergasse 8,2611238.3617193485,1267425.9183655204,9539db2e-a079-498d-9412-e7a228801225_20240705,18,1480,"Sebolt Hämer der teschenmacher & seine Frau
Margretz als Hptverk. sodan Hanns Hamer och teschen,
macher des erstgut Seboleg bruder & Peter Arnolt der
brotbek sin swager, als Mitverk.
verkaufen an
Jkr. Dieterich Mürer 4 1/2 fl gells ab irem Hus & Hofstatt
genant zem Bilgen am alten Rindermerkt, zwuschen dem
Hus genant Tribok ze einer, dem Hus Hanenbrunnen
zer andern siten gelegen ist. Zinset vormals voneig. 2 1/2 ℔,
& 1/2 ℔ Pfeffer wisung, zu Clingental, & 1 ewigfl. Steffan Blut
Caplan zu s. Peter, sonstfrei, um 90 fl widerk.",https://files.transkribus.eu/Get?id=NZGRAFTTWUNRCKKZIWLFQFJU&fileType=view,Clingental ,Clingental ,0.7904898524284363,rel,Kloster Klingental,1.0,False
HGB_1_063_086,Gerbergasse 20,2611253.536579162,1267380.919730851,e6d295a3-916b-4055-b93d-a587537b0fe4_20240705,20,1451,"Claus von Hostatt der Wirt ư seine Frau Kathrin,
verkaufen an Peter Wolffer den Kouffman 15 fl gelts.
ab
ư denne ab irem Hus & Hofstatt genant Ringgenberg.
so gelegen ist ouch an dem alten Rindermergkt, zwüschen
den Hüsern zem grott, u kouffenberg, zinset voneig zu
Clingental 2 ℔. u. denne sol man geben Heuman Offenbur 5 fl.
um 300 fl widerk.",https://files.transkribus.eu/Get?id=EVBBWSBEUTOEILXXXKDLBPXK&fileType=view,Clingental ,Clingental ,0.9196860194206238,rel,Kloster Klingental,1.0,False
HGB_1_063_086,Gerbergasse 20,2611253.536579162,1267380.919730851,3961144d-1eac-4373-b1b5-415ba0377cb8_20240705,21,1453,"Do git zekaufen Claus von Hostatt der Wirt zer Juden¬
schul Heinrichen von Veld dem Hubschmid u seine Frau
Agnesen das Hus & Hofstatt genant Ruggenberg
als es gelegen ist an dem alten Rindermergkt, zwüschent
den Hüsern zem Grott und Louffenberg, zinset voneig.
ze Clingenthal 4 ℔. 2ring brot ze wisung u. 10sh erschatz
sum 400 fl. dero sol er 100 fl. an Henman Offenburg
ritter abtragen die übregen 300 fl. hettint u barbezalt.",https://files.transkribus.eu/Get?id=UPDBIXBXIXEICTRGZOGOEODC&fileType=view,Clingenthal ,Clingenthal ,0.9269271492958069,rel,Kloster Klingental,1.0,False
HGB_1_063_086,Gerbergasse 20,2611253.536579162,1267380.919730851,6ccb48e9-0ddb-4c37-9a5b-b471c110ba06_20240705,22,1453,"Heinrich von Veld der Hubschmid u. seine Frau Angnes,
verkaufen an Clausen von Hostatt u. seine Frau Katherinen,
10 fl gelts, ab jrem Hus & Hofstatt genant Ringgenberg
als es gelegen ist an dem alten Rindermergt, zwüschend dem
Hüsern zum Grat u. Louffenberg, zinset zem Clingental 4 ℔.
2ring brot ze wisung, sum 200 fl widerk.",https://files.transkribus.eu/Get?id=HAFCPPMXBXKPNWUUKJGDXMIQ&fileType=view,zem Clingental ,zem Clingental ,0.7398326992988586,rel,Kloster Klingental,1.0,False
HGB_1_063_086,Gerbergasse 20,2611253.536579162,1267380.919730851,03a716b0-1d4c-447d-ae1d-ed89aa29bc2c_20240705,23,1456,"Schultheissen Urkunde.
Heinrich von Vold der Hufsmit, Burger zu Basel,
und Agnes sin Efrow verkaufen Claus von Hochstatt,
dem Wyrt in der Judenschal zu Basel, 10 Gld. Geltz
von uff und ab irem Huse und Hofstatt genant
Rinckenberg, als daz gelegen ist in der Statt Basel
am Rindermergt Censit nebent dem Huse zem
Grat und dem Huse Kouffenberg, zer andern Siten,
zinset von Eigenschaft wegen den Closterfrowen zu Klin¬
gental 1℔. Zinspfg, 2 Ring Brotz ze Wisung und 10 sh.
zu Erschatz, wenn sich die Hant verwandlet, und
Peter Wolffer, Burger zu Basel, 5 Gld. widerkouffig mit
100 Gld, umb 200 Gld.",https://files.transkribus.eu/Get?id=NUUTEAVAQGVPRFRPXZWTTPPO&fileType=view,den Closterfrowen zu Klin ¬ gental ,Closterfrowen zu Klin ¬ gental ,0.9932047029336294,rel,Kloster Klingental,0.8412225322613839,False
HGB_1_063_086,Gerbergasse 20,2611253.536579162,1267380.919730851,efcd3fb2-7225-4e15-a9ce-cacb6d848db1_20240705,24,1456,"Heinrich von volde der Hufsmit, ư seine Frau Agnes,
verkaufen an Clausen von Kochstatt den Wirt in der Juden¬
schul, 10 fl gelts, ab jrem Hus & Hofstatt genant
Ringgenberg, gelegen in der statt am Rindermerckt, einsit
nebent dem Hus zem Grätt u. andersite nebent dem Huse
genant Louffenberg, zinst voneig. zu Clingental 4 ℔.
u. 2ring brot ze wisung, sodann denselben 10 sh erschatz.
jtem sol man geben Peter Wolffer 5 fl gelts, widerk mit 100 fl.
sonstfrei, sum 200 fl. widerk.",https://files.transkribus.eu/Get?id=MUPRPNMKQRYLVKDSUELHUTNF&fileType=view,Clingental ,Clingental ,0.9242270588874817,rel,Kloster Klingental,1.0,False
HGB_1_063_086,Gerbergasse 20,2611253.536579162,1267380.919730851,75b969c0-227f-4e0b-b6e8-d1d8c90dd5d6_20240705,25,1457,"Heinrich von Vell der Hpsitt, Lorentz Sydenman u.
Gilg Martin, auch Hupsit, den armen veltsiechen zu
S. Jacopi 1 1/2 fl gelts, ab des Hptverk. Hus & Hofstatt,
genant Rinckenberg, gelegen, am Rindermerckt, zwuschen
den Hüsern zem grot ema in dem Hus genant kauffenberg
exalda gelegen, zinst voneig. u Clingental 4 ℔, u. drug
brot ze wisung u. 10sh erschatz, sodan sol man davon
geben. Peter Wolffer dem Koufm 5 fl gelts widerk mit 100 fl.
u Clausen von Hochstatt 10 fl gelts widerk mit 200 fl. sodan
ab dem drien ambossen etc
sum 30 fl. widerk.",https://files.transkribus.eu/Get?id=GHOSFIANJHXINZOPALMHLOXD&fileType=view,Clingental ,Clingental ,0.7189708352088928,rel,Kloster Klingental,1.0,False
HGB_1_063_086,Gerbergasse 20,2611253.536579162,1267380.919730851,c6c9d99b-f381-4c01-a072-29e0cc759217_20240705,34,1484,"Der Schaffner zu s. Claren im minder Basel hat zum
dritten koff um 5 fl versessenes Zinses kofft das Hus Rinckenberg
gelegen am alten Rindermerkt, zwüschen dem Hus zem Grat,
u. dem Hus hoffenberg, zinset von eig. dem Clingental 2 ℔.
ư hat daruff gebotten 1 ℔ 3sh. wann aber Frau Ennelin
zem Schnabel wyl. Burkhart Schaffners sel Wwe a Claus
Franken von Strassburg sel. Kind die frauen zu Gnadental
auch 10 fl gelts daruf haben, haben sy dem den Schaffner über¬
kauft ư gebotten 1 ℔ 4 sh. & sollent auch die herren zu
s. Lienhart vor Frau Ennelin um den teil so ir daran zustat um
11/2 fl. gelts vorgen",https://files.transkribus.eu/Get?id=VRKZFMIYHBNJHKAWEIZSENWD&fileType=view,dem Clingental ,Clingental ,0.9640591740608215,rel,Kloster Klingental,1.0,False
HGB_1_063_086,Gerbergasse 20,2611253.536579162,1267380.919730851,e645d07e-3b0e-40f9-bb5e-ae06f9a4522a_20240705,35,1485,"Ennelin Schaffnern Burkhart Schaffners sel Wwe.
u. el Heinrich von Saffoltzhein der Kannengiesser von
Strassburg, verkaufen an Matern Rhmid hinderses
zu Basel, & seine Frau Kungmit, das Hus & Hofstatt
genant Rinckenberg, am Rindermargt, zwüschen dem
Hus zegrat ze einer, ư dem Hus loffenberg zer andern
siten gelegen ist, zinset voneig. ze Clingental 4 ℔
2ring brot ze wisung, ư 10 sh erschatz
um 180 fl.
wovon den Käufer 100 fl. gegen Peter Wolfferssel Erben
abtragen soll oden die verzinsen mit 5 fl. an dem herren
zu s. Lienh. 3fl. oder die mit 1 1/2 fl. verzinsen, die übrigen
Pofl mit bezalt.",https://files.transkribus.eu/Get?id=QYBDOFMGBVBVBXAUTJLVEKOL&fileType=view,Clingental ,Clingental ,0.9171642661094666,rel,Kloster Klingental,1.0,False
HGB_1_063_086,Gerbergasse 20,2611253.536579162,1267380.919730851,7a7ef02b-59cd-4651-8a5a-de044003493c_20240705,37,1486,"Do hat Ulrich Wolffer jnnamen siner swoster
Verena Ursal, zum dritten gericht kofft, das Hus
Rinkenberg am alten Rindermerkt, zwüschen dem
Hüsern hoffenberg, ư zem Grat gelegen ist, zinst von
eig. 4 ℔ zu Clingental, als sy daruf hat 5 fl gelts widerk.
mit 100 fl.
o dan geben 1 ℔ 3sh.",https://files.transkribus.eu/Get?id=QURBYAUXLZDBOTPJXFYKYTQW&fileType=view,Clingental ,Clingental ,0.9855383634567261,rel,Kloster Klingental,1.0,False
HGB_1_063_086,Gerbergasse 20,2611253.536579162,1267380.919730851,4289e6d5-f60c-4f94-bbea-89d1fa3a8660_20240705,48,1523,"Lienhart Griennagel der Hufschmid, u. seine Frau Barbara,
als Hptverk. sodan Fridly Griennagel Stattsoldner, u. Jacob Griennagel
Würt zum Kopf, alle drei gebinder, alselwerk. verkaufen an
Hans Jacobusannen u. Elisabeth, u. Katherinen, wyl. Melchior Hutschis
des gewantmans sel. der Räten echl Kinder, 5 fl jährl zinses, ab
der Hptverk. Hus u. Hofstatt am alten Rindermerckt, zwüschen den
Hüsern zum Grat, u. Louffenberg gelegen, u. Rinckenberg genant ist,
zinset voneig dem Clingental 2 ℔ u. den herren s. Lienhart 10sh.
sodan wyther Burkhart Meyers des Stempfersbruders Kinden 5 fl.
sind abl. sonstfrei, sum 100 fl.",https://files.transkribus.eu/Get?id=AREIKBRZJHCGTLLZIUGJIZWM&fileType=view,dem Clingental ,Clingental ,0.9909023940563202,rel,Kloster Klingental,1.0,False
HGB_1_063_107,Gerbergasse 48,2611287.402799284,1267253.9846876576,73c63fb2-d9bb-43af-a24c-90cd8bafd7b4_20240705,3,1480,"Agnes Kapellin und Heinrich Hapeben der Brotbeken
sel die soden Hanns Hach der Priester ư sum
verkaufen an et Clausen Seiger den gerwers das Hus
& Hofstatt genant zer Hut hinder & vor, so gelegen
ist under den gerwern zwuschen Claus Heidelin des
ferwers huse genant istenberg ze einer u dem
Egkhuse genant zer Hut, so syetz durchden sind der
Wachtmeister schat, Bosst hinden uf den Richtbrumen
zinset voner St. Andres Bochsenstein mit dem gelten
Hus zer Hst och mit hindern buslin genant Hintibus hus
so jetz och des Hofest, 1 danach den Klingental
3fl gelts widerk mit 55 fl.
sonstfrei, vom Hofe",https://files.transkribus.eu/Get?id=PKJTMSWHKEHDBGLLPAYLNEVB&fileType=view,den Klingental ,Klingental ,0.8998045325279236,rel,Kloster Klingental,1.0,False
HGB_1_063_107,Gerbergasse 48,2611287.402799284,1267253.9846876576,6db60aed-93c2-4810-87d4-017783c74edf_20240705,4,1463,"aber git Claus Senger 5 gulden uf sant Niclaus
tag, underpfand das vorgeschribne Hus genant zer
Hutten) mit siner zugehördt hinder und vor zwu-
schen Heydeler des Verwers und Durchdenwind des
stattknechtes Hüsern, zinset Andressen von Bosswilr
15ß geltz und den frouwen zu Clingenthal 2 gld.
und aben den frouwen 1 gld. an die pfrund, so zu
diser ziten miner Herrn Wichbyschoff besingt.
Widerkoifig mit 100 rinischen gulden oder teilsamblich
2 ½ gulden mit 50 gulden.
detum: Anno 1478.
Ist abgelöst in zweyen molen dese 100 gulden.
gestrichen.",https://files.transkribus.eu/Get?id=HVWUKIENOHFUENKBOXFOWULL&fileType=view,den frouwen zu Clingenthal ,frouwen zu Clingenthal ,0.985876277089119,rel,Kloster Klingental,1.0,False
HGB_1_063_107,Gerbergasse 48,2611287.402799284,1267253.9846876576,0ea62a34-eede-4be1-8528-35985ce3c0bf_20240705,"5, 6",1480,"Officialurkunde. Berdorbenes Bergament mit großen Lochern,
Claus Senger zu Basel verkauft der riorin und dem
Lonvent des Klosters Clingental zu Basel jerlich Zinse
5 Gulden
an Gold und by dem Gericht zu Ba-
sel.
uff von und ab des Verkouffers
huse
genant,
hus mit allen Zuge¬
hörden, das gelegen ist an der Gerwergassen und sto.
Bat
Brunnen. zem Hey delers
des
huse zu einer und durch
wind
des Stattknechts zer andern Siten zachet hinden
Geßlin, so vor dem Gerwerbrunnen.
Leonhartz
Kilchen gatt, und zinset jerlich dem edlen Andressen
von Bossenstein von der Eigenschaft wegen 15.
miner gewonlichen Basler Phennig, item dem Bischoff
zu Basel
enen Schilling derselben Pfennig, item
den Frowen zu Clingental jerlich 2 Gulden Gelts, wider¬ [sep] Möuffig mit
und fünf Gulden, item
den Frowen zu Clingental
zum besitzet
Herr Niclaus Bischoff zu Tripolitan, Wihebischoff zu
Basel 1 Gullen Geldsgekaufft, widerkouffig mit
20 p. Gulden Rinischer, sonst mit versetzt, sondern
frey, ledig, eigen, um 1000 Gulden Rinscher und
guter Haubtgut.",https://files.transkribus.eu/Get?id=RJUPGOBCYOEFRSTOOGAYCMBO&fileType=view | https://files.transkribus.eu/Get?id=SXHWANRVQUXZITGDYSZLRUSE&fileType=view,den Frowen zu Clingental ,Frowen zu Clingental ,0.9931667447090149,rel,Kloster Klingental,1.0,False
HGB_1_063_107,Gerbergasse 48,2611287.402799284,1267253.9846876576,0ea62a34-eede-4be1-8528-35985ce3c0bf_20240705,"5, 6",1480,"Officialurkunde. Berdorbenes Bergament mit großen Lochern,
Claus Senger zu Basel verkauft der riorin und dem
Lonvent des Klosters Clingental zu Basel jerlich Zinse
5 Gulden
an Gold und by dem Gericht zu Ba-
sel.
uff von und ab des Verkouffers
huse
genant,
hus mit allen Zuge¬
hörden, das gelegen ist an der Gerwergassen und sto.
Bat
Brunnen. zem Hey delers
des
huse zu einer und durch
wind
des Stattknechts zer andern Siten zachet hinden
Geßlin, so vor dem Gerwerbrunnen.
Leonhartz
Kilchen gatt, und zinset jerlich dem edlen Andressen
von Bossenstein von der Eigenschaft wegen 15.
miner gewonlichen Basler Phennig, item dem Bischoff
zu Basel
enen Schilling derselben Pfennig, item
den Frowen zu Clingental jerlich 2 Gulden Gelts, wider¬ [sep] Möuffig mit
und fünf Gulden, item
den Frowen zu Clingental
zum besitzet
Herr Niclaus Bischoff zu Tripolitan, Wihebischoff zu
Basel 1 Gullen Geldsgekaufft, widerkouffig mit
20 p. Gulden Rinischer, sonst mit versetzt, sondern
frey, ledig, eigen, um 1000 Gulden Rinscher und
guter Haubtgut.",https://files.transkribus.eu/Get?id=RJUPGOBCYOEFRSTOOGAYCMBO&fileType=view | https://files.transkribus.eu/Get?id=SXHWANRVQUXZITGDYSZLRUSE&fileType=view,den Frowen zu Clingental ,Frowen zu Clingental ,0.9603841751813889,rel,Kloster Klingental,1.0,False
HGB_1_063_107,Gerbergasse 48,2611287.402799284,1267253.9846876576,fd909110-46f2-4bda-b3ea-5779508085e6_20240705,8,1480,"Claus Senger git 1 gulden uf Nicolai an
der metterin pfrund underpfand: ein Hus mit
siner zugehörd genant zer Hut und yetz die nuwe
badstus in der Statt Basel under den gerwern, ne¬
ben dem Hus Fürstenberg und Conrat Münster¬
lin des scherers, zer andern siten stosst hinden
uf den Richtbrunnen, zinst von eigenschaft
als träger etc und gan Clingenthal 6 gulden,
darvon sint 4 gld. abgelöst, geköuft und wider¬
Käufig mit 20 gld.
ist abgelöst.
gestrichen.",https://files.transkribus.eu/Get?id=KNBXXWQLKRTEMNKBJJXWTZKG&fileType=view,Clingenthal ,Clingenthal ,0.957298219203949,rel,Kloster Klingental,1.0,False
HGB_1_063_108,"Gerbergasse Theil von 48, Vorderhaus",2611287.402799284,1267253.9846876576,fe0084ed-921a-4f08-b47a-358413cd7608_20240705,4,1434,"Gross Basel.
die frawen von Clingenthal kaufen von
Peter Lauttenbach und seiner Mutter 2 fl. rinisch
jerliches zinses auf Galli fallendt von und ab irem
Haus an der Gerbergassen gelegen, zwischen dem Haus
Fürstenberg und dem Richtbrunnen, zur Hütten genant
zinst Johann Degenheim jerlich 3 Cappannen und
den frowen von Clingenthal 4 fl widerkoufig mit
75 fl.
u. er Liegenschaften.
Datum: Mitwoch vor sant Gallen Ao 1434
Gab die Badstuben beim Gerberbrunnen auf sant
Gallen tag 4reinisch gulden, mer 2 fl. rinach.
gab letstmahls frau Verena Meyerin auf Laurenti und
hat Hans Georg Heyden disen Zins Ao 1634 mit 100 fl. abgelöst.",https://files.transkribus.eu/Get?id=KYTLCAACRTZZYBCETPZAPCMF&fileType=view,den frowen von Clingenthal ,frowen von Clingenthal ,0.9930483251810074,rel,Kloster Klingental,1.0,False
HGB_1_063_108,"Gerbergasse Theil von 48, Vorderhaus",2611287.402799284,1267253.9846876576,4e083d1a-cbc8-443d-9091-b60a95e1d8ac_20240705,5,1434,"ein brief wie Clingenthal von Peter
Loutenbach uno seiner mütter erkauften 20 gld.
rinisch iarlich zins auf Galli fallend von und
ab irem Haus an der Gerbergassen gelegen zwischen
dem Haus Fürstenberg und dem Richtbrunnen
Blatt hier zerstört, zahlt 1 wort) genant, zinst
Johan Degenhein iarlichen 3 ao Blatt zerstört)
und Clingenthal 4 gld widerkkäufig mit 15gl.
so dan
a. Liegenschaft.
ist widerkeufig mit 40 gld. rinich.
gibt die Badstub bim Gerwerbrunen uf Galli
4 gl. rinisch; mehr 2 gld.",https://files.transkribus.eu/Get?id=FZPXBOJEZVODDOHKYELSDUGW&fileType=view,Clingenthal ,Clingenthal ,0.9661098122596741,rel,Kloster Klingental,1.0,False
HGB_1_063_123,Gerbergasse 74,2611301.343846493,1267190.1172793268,6307cde0-f2eb-4816-a046-71c28c3ac52d_20240705,3,1429,"Mr Hans von Mülhissen der messerschmid
u Elsin sin ewirtin, verkaufen an Hansen Tren
von Kilingen dem scherer, u Elsinen siner ewirtin,
die zwey huser so nebend u. anen ander gelegen
sind obenen an der gerwergasslin hinden an
sant Lienhard berg, nemb der ober an dem ort
als man gen sant Lienhart hinuf gat, u der ander
daz ist aber genant zem gulelin Knopff, u. dasselb
daz lit obwendig an Wernlin Roggenbergs des Küffers
hus
zinset das Hus guldinknopff Hausen von
Hegenhein 15 sh. 2 rugbrot wisung, ư denne sich frow
Ennelin von Loffen Jkn Huglins von Loffen ebfrowen,
9sh.
ab so
= 130 fl.
so zinst aber das ander hus das an dem ort gelegen ist den Frowen zu Clingental 2 ℔.
Cens. und dema Ƿ vorderent die herren von Sapiterbart 10ß so si daruff neinand ze
haben. Ob man an die aber von rechtes wegen
geben alle des mit der golten sich el untetten fertigungsbuch fol. 48.
nützit annerine.
Roggenberg Werlin",https://files.transkribus.eu/Get?id=AKFORVFKUGGFTSADDHHAVWRE&fileType=view,den Frowen zu Clingental ,Frowen zu Clingental ,0.9854039549827576,rel,Kloster Klingental,1.0,False
HGB_1_063_123,Gerbergasse 74,2611301.343846493,1267190.1172793268,8d9856fe-659a-4e92-8e50-1e82bf3cb3ee_20240705,6,1441,"Meister Hans Mülhuser der messerschmid u. Johannes
sin sun, verkaufen an Petern von Duss den Bartscherer
u Angnesen sin Ewirtin, daz Hus u. Hofstatt genant
zem gulden Kopff, gelegen obian under den gerwern
an dem ort als man gen s. Lienhart hinuf gat, nebend
Wernlin Roggenbergs des Küffers hus, zinset der teil so
ze nechst an Wernlin Roggenbergs huse gelegen ist, als es
vor ziten zwei huse gelegen sind Frow Ursulen von Leymen
Jkm Diethelis von Thauegg Husfrauen 15 sh. u. 2 ring brot
ze wisung, ư denne gat auch darab Jkn Huglis von Löffen,
sebfrowen 9sh. ư aber der ander teil an dem ort gelegen
ist der zinset gen Clingental 2 ℔, u. denne gat ouch darab
der herren zu s. Lienh. 10 sh.
sum 220 fl.",https://files.transkribus.eu/Get?id=ECMFXORHEFXTGQIVAIYTFUCV&fileType=view,gen Clingental ,Clingental ,0.8021109700202942,rel,Kloster Klingental,1.0,False
HGB_1_063_125,"Gerbergasse Theil von 74, Ecke",2611301.343846493,1267190.1172793268,1fa7e821-ba68-41f1-b35c-330a0df4db9c_20240705,14,1409,"Item gab ze koffende frow Hedi elich
frowe Heman Manhertz dez zimer
mans u He Steinenbrunen dz tutzschers
mit irs vogts etc, Ha Keßler sutor dz
huse so man nemmet Schatzes huse
gelegen in der stat Basel und an sant
Lenh berg vor dem alten spittal Lüke
ist erbe von den frowen ze Klingental git
man 2 ℔ zins ȡ ang 2 ring wiß und
1℔ erschatz pro 80 gl.",https://files.transkribus.eu/Get?id=LDASFTBKYDTXREIWNUFIVNJU&fileType=view,den frowen ze Klingental ,frowen ze Klingental ,0.9488103985786438,rel,Kloster Klingental,1.0,False
HGB_1_063_125,"Gerbergasse Theil von 74, Ecke",2611301.343846493,1267190.1172793268,2fe9f8b9-f449-4498-8fb3-d0f470936ccc_20240705,17,1419,"Laurentii feli guondam Henslini Kesseler olim
sutor Bas. verkauft Ulrico Eigen sutori Bas., das orthus
und hofstatt genant Schatzes huse ze Basel obenen an dem
alten Rindermerkt an dem ort unden an sant Lienharts.
berg wider dem alten Spital und gegen dem huse so et¬
wann was martin sel. des brotbegken und nu ze ziten ist
helinen der Kouflerin, ist erbe von den frowen ze Clingen¬
tal gibus cedunt 2 ℔ cens. angar., 2ring wisung in vo¬
cavit u. 1 ℔ erschatz; überdies sol man geben den herrn
ze St. Lienhart 1 ℔ zinsph. in super censualis duabus
zu Gnadental zu redditus 3 flor. wiederkäufig mit 45 gld.
per summa 35 gulden.",https://files.transkribus.eu/Get?id=DOPYYFGLGBOCQGTYRGRIYYDT&fileType=view,den frowen ze Clingen ¬ tal ,frowen ze Clingen ¬ tal ,0.950077474117279,rel,Kloster Klingental,0.9921900662158115,False
HGB_1_091_092,St. Johanns-Vorstadt 67,2610863.2138912957,1268291.0210348428,09a62363-aa08-4bda-9e6a-07186095d56d_20240705,17,1483,"Hanns Fritschin der Weber verkauft an Hans von
Zürzach den messersmid & seine Frau Lucia Fritschin,
jtem ein hus & hofstatt gelegen in der vorstatt ze s. Johanns
zwüschen des Spitals hus ze einer, u. Symon des Brotbecken
hus zer andern siten, zinset von eig dem Clingental 3sh.
u. den s. Johannser 11 sh. von eins selgerets wegen
u. andere güter, sum 18 ℔.
z recte Clara,",https://files.transkribus.eu/Get?id=CDKWJZWKSTUPDTGHVKDWTVIA&fileType=view,dem Clingental ,Clingental ,0.9612403213977814,rel,Kloster Klingental,1.0,False
HGB_1_091_092,St. Johanns-Vorstadt 67,2610863.2138912957,1268291.0210348428,d833533e-b5af-4f5c-bad2-23a5d6220dda_20240705,18,1483,"Hanns von Lürzach der messersmid u seine Frau Lucia
verkaufen an die herren zu s. Peter 1 fl gelts, ab jrem
Hus & Hofstatt, in der vorstatt ze sant Johannis, zwüschen
Symon des Brotbeckers Hus ze einer, & Hans Salaters hus zer
andern siten, zinset von eig. 3sh. dem Clingental u. 1 sh. zu
selgeredt den herren zu s. Johans, ư ab andern güter,
um 20 fl widerk.",https://files.transkribus.eu/Get?id=GZOACEZPCOQTUEVTLMXABFCO&fileType=view,dem Clingental ,Clingental ,0.8960281014442444,rel,Kloster Klingental,1.0,False
HGB_1_091_126,St. Johanns-Vorstadt 30,2610990.382335981,1268088.442245001,90b9f3de-6ee2-41f3-8242-8361527e188d_20240705,5,1408,"Item gab ze koffende Hug Meder der
vischer burger ze Basel et Angnesa eig.
uxor, Metzinen von Rotellen einer wit
wen ze Basel daz huse und gesess so man
nemmet zer Haselstuden gelegen in der
vorstat ze Crutz ist erbe von den frowen
ze Klingental Git man 2 ℔ zins ȡ anga
10ß ze erschatz pro 20 ℔, bruder Joh de
Höwingen Cocani.",https://files.transkribus.eu/Get?id=JSZSXDDELUWJPHCBJJPPSSLA&fileType=view,den frowen ze Klingental ,frowen ze Klingental ,0.9525611996650696,rel,Kloster Klingental,1.0,False
HGB_1_091_126,St. Johanns-Vorstadt 30,2610990.382335981,1268088.442245001,ea378c59-90aa-4c6a-bffb-37aed3f8b532_20240705,6,1450,"gend ze kaufen Ennelin Fritagin Hansen Fritags
ewirtin, u. Ludwig Lüdi u Angneslis Lüdi geswisterten
der genanten Ennelin eb Kinder, an Swartzhausen den Wechter
ư seine Frau Angnese, daz Hus ư gesess genant zer Basel.
studen, gelegen in der vorstatt ze crutz, nebend Scherers des
Vischers hus ư dem Hus ze wissen gilgen zer andern siten,
zinst von eig ze Clingental 2 ℔, ư 10sh ersch. um 16 ℔.",https://files.transkribus.eu/Get?id=DQBKZMGYKVACTMJPQFENJAJG&fileType=view,Clingental ,Clingental ,0.951367974281311,rel,Kloster Klingental,1.0,False
HGB_1_194_013,Spalenberg 1,2611154.0380530576,1267430.4777040654,02669225-b989-4553-8f6a-afa0f7f03aa3_20240705,20,1524,"Sigmund Tholl von Wen der Kannengiesser, Bgr. zu Basel,
u. seine Frau Ursula, als Hptverk. sodan Anderes Suchdentruck
der Kannengiesser, Bgr. v. Basel, als Mitverk. verkaufen an
Magdalena, wyl. Hansen von Herten des Rebmans sel. Witwe,
3 fl jährl. zinses, ab des mitverkäufers hus u. hofstatt genant.
zum rotten Adler, in der Hutgassen, gat durch u. duch
zwüschen Hansen Nagels u. Martin Heissen der Schuchmacher
hüser gelegen, gegen den sampfen über, zinset jährl 4 fl.
den Frauen zu Clingental von eig. den predigerherrn 1 fl zu sant
Johanns 8 1/2sh. u. zuletst Bappen zu s. Peter, jtem aber ab des
mitverkaufens Hus u. Hofstatt in der Pfluggassen, gegen dem Hus
zur rotten Hennen über, zwüschen Hansen schul des sinders sel.
u. Martin Scherers husern glegen, zinset den herren zu s. Lienhart
1 ℔ u. den herrn zu s. Peter 3 1/2sh. sonst frei, um 100 fl.
Mentag nach culi.
fertigungsbuch.",https://files.transkribus.eu/Get?id=FUXUKJXMDXFPLSJVXTUPEQDH&fileType=view,den Frauen zu Clingental ,Frauen zu Clingental ,0.9866543859243393,rel,Kloster Klingental,1.0,False
HGB_1_194_023,Spalenberg 15,2611126.5207496868,1267396.7136237847,e70311b7-440c-4033-adc8-f89d6eb0cb3d_20240705,8,1453,"Hanns Jsenli der tuchscherer u Ennelin benkin
sin ewirtin, verkaufen an Clewin Ysenlin sinen bruder
ư dessen den Hanns Ysenlin, das Hus Hofstatt u. gesess
von ư hinder, so man etzwan nampt zer Allmend.
u. und zem Heyden, als es gelegen ist an den Spalen,
zwüschend dem Henrich Huberschmids u Hannsen Silberbergs
husen, zinset voneig. den frawen von Clingental 3 1/2 ℔.
zwen ring ze wisung, u. 5 sh erschatz, sonstfrei, um 100 fl.",https://files.transkribus.eu/Get?id=XAJRWNXGUZYQVSMGQYLCIUHZ&fileType=view,den frawen von Clingental ,frawen von Clingental ,0.996740534901619,rel,Kloster Klingental,1.0,False
HGB_1_194_023,Spalenberg 15,2611126.5207496868,1267396.7136237847,116cfa50-1af1-4ae9-976d-9e8da7d8a89c_20240705,9,1460,"Clewin Jselin von pfetterhusen u. seine Frau Grede,
gesessen zu Altkilch, verkaufen an Peter Diet den
Brotbeck, das Hus & Hofstat genant Heidelberg
an den Spalen gelegen, zwüschen Mr. Heinrich Hubenmids
Hus uf ein, ư andersit neben Hannsen Sylberbergs hus
zinset zu Clingental jährl. 3 1/2 ℔, ư 2ring brot ze
wisung, ư den sol man jnen geben 5 sh. erschatz, sonst
frei um 125 fl.",https://files.transkribus.eu/Get?id=VKZHGDQOONHKIVDZCQPOFVPO&fileType=view,Clingental ,Clingental ,0.9727405309677124,rel,Kloster Klingental,1.0,False
HGB_1_194_023,Spalenberg 15,2611126.5207496868,1267396.7136237847,d5cac645-f39c-467a-8c25-e863fa302cdc_20240705,15,1472,"Gret liebin wyl. Hanns lieben seb von Sierenz Wwe.
u. Ennelin liebin ir tochter mit Diepolt Hergen von Walpach
Clar liebm mit Matheus Henderlin och von Sierenz.
verkaufen an Hanns Sächsen den schmacher kleine
Frau Ennelin, das Hus & Hofstatt genant zer Almend
so man nempt zem Heiden gelegen an den Spalen,
zwüschent Heinrich Huberschmids sel u. Hansen Silberberg
husern, u. stosst hinden an das Scharbengesslin, zinset
jährl voneig dem Clingental 3 1/2 ℔ 2ringbrot ze wisung,
ư 5 sh erschatz, sonstfrei, um 70 fl.",https://files.transkribus.eu/Get?id=YBBADLESGMUGUGGYKMJLHHEI&fileType=view,dem Clingental ,Clingental ,0.950711190700531,rel,Kloster Klingental,1.0,False
HGB_1_194_023,Spalenberg 15,2611126.5207496868,1267396.7136237847,5a38b9d5-4198-45e0-9800-c3f9a5631787_20240705,17,1510,"Clara Sachs mit jrem Eman Hanns Hofmann, sodan
Margreth Sachs mit jrem Eman Ambrosius Hecker, Schwestern
verkaufen an jren swager Hanns Herman u. seine Frau
Barbara, alle schuchmacher, den zweyteil wie sy die
von jrem Vatter ererbt, an dem Hus Hofstatt u. gesess hinder
u. vor, genant zur Almend so man nempt Heydelberg,
an den Spalen, zwüschen dem Hus zum Stiffel zu einer, u.
dem Hus auch zu der Allmend zur andern siten gelegen ist,
stosst hinden us uff das Scharbengesslin, zinnst jährl dem
Clingental 3 1/21. 2 ring brot ze wysung, u. 5 sh erschatz
sodan abl. gültl. 1 ℔ 3sh. u. Yselin zu Pfetterhusen, u. 1 ℔ 3sh.
Einselin Streckfüngern Erben, sonst frei, um 40 ℔.",https://files.transkribus.eu/Get?id=BRUGTQRANTDWDMNFWMRUPFPY&fileType=view,dem Clingental ,Clingental ,0.962432324886322,rel,Kloster Klingental,1.0,False
HGB_1_194_023,Spalenberg 15,2611126.5207496868,1267396.7136237847,75d8cecc-2a7e-4dd1-a7f2-acad211a509d_20240705,18,1517,"Hanns Herman der schuchmacher u. seine Frau Barbara, als
Hptverk. sodan Hanns Kung der buoman, u. seine Mutter Anna
Küngin, als Mitverk. verkaufen an Prior u. Convent der Einsiedler
Bruder s. Augustins ordens des gotshus zu Basel, vier vierzel Dinckel
Korn Güllt Basler messes Guts gewechs, ab der Hptverk. Hus u. Hofstatt
genant zur Allmend, so man nempt Heidelberg, an den Spalen,
zwüschen dem Hus zum Stiffel zu einer, u. dem Hus auch zur Almend
zur andern sidten glegenn ist, stosst hinden us uff das scharbengessli
zinst jährl dem Clingenthal 30sh. sodan ab der Hptork. zwo vierzel
Korngelt so jnen Lienhart schiller von Helfertzkilch jährl ze geben
schuldig, sonstfrei, sum 40 fl.",https://files.transkribus.eu/Get?id=ROAJZOWEUDMXDYSZLRRHTVOW&fileType=view,dem Clingenthal ,Clingenthal ,0.8748709559440613,rel,Kloster Klingental,1.0,False
HGB_1_194_024,Spalenberg 17,2611123.529650235,1267392.6325895672,b06f442a-6fff-40aa-8d4a-188eb71293c3_20240705,7,1444,"Jk Bernhart von Pfrungen bgr. ze Basel
verkauft an Stephan zem Angen, den Koufman von der
Afenthur u. Lienharten Fonsel, daz Hus u. Hofstatt
genant zer Almend mit dem gang hinderuss, als es
gelegen an den Spalen nidwendig ze nechst an dem Hus
der liessen Kelr, ư zer andern siten nebend Heinrich Ysenlis
hus des Tuchscherers daz ouch genant ist zer Almend
zinset voneig. ze Clingental 2 ℔, u. demerso meuet Jken
Wernlin Ruchsess schansprach daran ze habend von 15sh.
wegen
sum 300 fl.",https://files.transkribus.eu/Get?id=JCZAELNAIWHXDNTKLFJCCIEF&fileType=view,Clingental ,Clingental ,0.9086588025093079,rel,Kloster Klingental,1.0,False
HGB_1_194_024,Spalenberg 17,2611123.529650235,1267392.6325895672,9d90c485-4ed0-4902-96fe-959125d53fe4_20240705,8,1444,"Schultheissen Urkunde.
Jungkher Bernhart von Efringen von Basel verkauf
Stephan zem Angen dem Kofman von der Afenthür
und Lienhart von Tonsel Burgere ze Basel, daz
Huse und Hoffstatt genant zer Ulmend mit dem
Gang hinderuss als es gelegen ist ze Basel in der Statt
an den Spalen nidwendig ze nechst an dem Huse,
zer Liessenker und zer anderen Siten nebend
Heinrich Jsenlis Huss des Tuchscherers, daz och
genant ist zer Almend, und zinset von Eigenschaft
wegen dem Closter ze Clingental jerlichen 2℔. Zinsphg
und Jungkher Wernlin Truchsess 15sh., um 300 Gld.",https://files.transkribus.eu/Get?id=HYNSBBBSOCABEAKNYLBDCUGP&fileType=view,dem Closter ze Clingental ,Closter ze Clingental ,0.9978985339403152,rel,Kloster Klingental,1.0,False
HGB_1_194_024,Spalenberg 17,2611123.529650235,1267392.6325895672,dbce5130-51cc-44b6-a383-24c2fd7ce4b8_20240705,14,1504,"Der Schaffner zu den Predigern verkauft an Andressen
Stolltzen, ư seine Frau Kathrin, namb ein Hus & Hofstatt
mit dem Höflin u. dem usgang darhinder, gelegen an den
Spalen, zwüschen den hüsern zum chs den Keller, ư dem
Hus zur andem Allment, ư genant zur obern Allment,
zinst voneig. In Bastian Trucksassen ze Rinfelden 15 sh. voneig.
u. 1 ring brot, an 1sh erschatz, jtem dem Clingental 1 ℔ widerk.
sonstfrei, sum 100 fl.
den Schaffner der gemelten Trucksassen willigt ein.",https://files.transkribus.eu/Get?id=ZIZVAHELUKACLGPLFPFWKZTG&fileType=view,dem Clingental ,Clingental ,0.9689275324344635,rel,Kloster Klingental,1.0,False
HGB_1_194_051,Spalenberg 49,2611030.9414935964,1267344.7840202209,47a050dc-3b14-4efd-adf5-0bf9c6960635_20240705,17,1439,"gend ze kaufen Hans Fürst der schumacher Ennelin
sin ewirtin, ư Walther Eberli dem metzger der genanten
Ennelin bruder an Hansen Kempfen dem Wirt ư seine
Frau Elsine, daz Hus & Hofstatt genant zem Merwunder
gelegen obran an den Spalen an dem ort ze beiden siten
an Schomans hus, zinset voneig ze Clingental 35 sh.
Ering brot ze wisung, u. 5 sh erschatz, um 200 fl.",https://files.transkribus.eu/Get?id=ZABUUIDTECVVBHLZBKJAIOUQ&fileType=view,Clingental ,Clingental ,0.9241034388542175,rel,Kloster Klingental,1.0,False
HGB_1_194_051,Spalenberg 49,2611030.9414935964,1267344.7840202209,e65d1727-e816-4950-bde7-dfca23fb03c3_20240705,26,1473,"Usal zem Merwinder, sodan Rudolf Scherer
Caplan zu s. Peter, u. Lienhart Scherer und bruder
derselben Usal eliche sune, verkaufen an Clausen
Linder den Bartscherer von Offenburg & seine Frau Enelin,
das Orthus u. Hofstatt genant zem Merwunder an den
Spalen beidersyt zwuschen Schenmans huseren, zinset
jährl voneig. 35 sh. zwen ring brot ze wisung, u. 5sh.
erschatz ze Clingental, sodan sol man geben fl gelts
widerk mit 140 fl. Ottman Grafen dem sattler, sonst
frei um 200 fl.
deren soll der Käufer lidig schaffen 7 fl gelts mit Hptg. 140fl.
gegen Ottman Gräfen dem sattler, die übrigen 10 fl sint bezalt",https://files.transkribus.eu/Get?id=PGVORIITGCMUHMPLVYHPWPFF&fileType=view,Clingental ,Clingental ,0.7616397738456726,rel,Kloster Klingental,1.0,False
HGB_1_194_051,Spalenberg 49,2611030.9414935964,1267344.7840202209,9547846a-9765-4a33-b609-8fc3a3b5d9a6_20240705,29,1475,"Claus Linder der Bartscherer von Offenburg, &
seine Frau Ennelin, als Hptverk. sodan Hanns Maler
der Bader ư seine Frau Agnes als Mitverk. verkaufen
an Ottman Grafen den sattler u. seine Frau Elsin,
fl gelts ab der Hptverk. Hus u. Hofstatt genant zem
Meerwunder an den Spalen, beidersit zwüschen
Schönmans huseren gelegen, ist ein orthus ư zinset
vormals voneig. 35 sh. zu Clingental, sonstfrei, um
140 fl. widerk.",https://files.transkribus.eu/Get?id=UWZCPQXBOFXPDOZSEGVHPYOM&fileType=view,Clingental ,Clingental ,0.9708307981491089,rel,Kloster Klingental,1.0,False
HGB_1_194_051,Spalenberg 49,2611030.9414935964,1267344.7840202209,ea7fefe6-5524-4198-af44-b5de4843c7c3_20240705,31,1511,"Aman wil. Clausen Linders des Bartscherers sel. Wittib,
u. Claus Symon, u. Katherinen des gemelten Claus Linders sel.
jungern el. Kinder, u. Margreth Linder die elter tochter mit Lienhart
Hans jrem eeman, als Verkäufer ze ein teil, sodan Jacob Linder
der elter, hin u. Brüder als Käufer des an dem teils.
Erstere verkaufen an Jacob Linder u. seine Frau Ursulen, jren
erbleil wie sy die an jrs Vatters sel Hus u. Hofstatt genant
zum Meerwunder am Spalenberg, an dem Hus zum Schonenmann,
gelegen, stosst hinden an den hof zum Spiess gehept haben.
zinst solich hus überhaupt jährl 35sh. 2 ring brot ze wysung u.
5sh. ze erschatz, voneig. dem Clingental, u. willigt ihr Schaffner eines
sodan gand auch darab 5 fl abl. Othman Grafen dem jungern
zum Teichs, sonst frei, um 50 fl.
mit Zusatz wegen Vorkaufsrecht.",https://files.transkribus.eu/Get?id=NWNUNYUZODFSVBOZLUDUBSOW&fileType=view,dem Clingental ,Clingental ,0.924908846616745,rel,Kloster Klingental,1.0,False
HGB_1_194_051,Spalenberg 49,2611030.9414935964,1267344.7840202209,e0130df7-b0a5-4af4-8c25-0f05524ebe9a_20240705,35,1514,"Jacob Linder der scherer u. seine Frau Ursula, verkaufen
an Erharten Wyssle uss der Stesslen jm Fryenberg, 1 fl jährl zinses,
ab jrem Hus u. Hofstatt genant zum Merwunder an Spalenberg,
an dem Hus zum Schönen man gelegen, zur andern siten ist es
ein Eckhus, zinst vormals zu Clingenthal 35sh. von eig. 2ring brot
zwysung u. 5sh ze erschatz, u. dan gend darab jährl 5 fl widerk.
Othman grofen dem Kouffman, sonst frei, sum 20 fl.",https://files.transkribus.eu/Get?id=NPYPISIPPPLFDULRQWVNUEBJ&fileType=view,Clingenthal ,Clingenthal ,0.8857861161231995,rel,Kloster Klingental,1.0,False
HGB_1_194_065,Spalenberg 4,2611135.8097970425,1267428.7534774446,a1057630-834c-4ca7-b1b7-f6c252512204_20240705,3,1479,"Hannss sitschman der metzger & seine Frau Ennelin,
verkaufen an Oswalt Hernberg den messersmid &
seine Frau Ursalen, das Hus zem Hirsgarten, ein
den Spalen, zwüschen dem Hus zer enten ze einer, u.
Ottlin des messersmits hus zer andern siten gelegen ist,
zinset voneig. zu Clingental 2 ℔, sonstfrei um 41 ℔.",https://files.transkribus.eu/Get?id=OURKHAIYUMVQBRVSANACLTNY&fileType=view,Clingental ,Clingental ,0.8604243397712708,rel,Kloster Klingental,1.0,False
HGB_1_194_067,Spalenberg Theil von 4 neben 6,2611135.8097970425,1267428.7534774446,a7d0bcb3-f550-4bf2-8b32-36220e9c8f53_20240705,9,1415,"Item da gab ze kouffende Elsi Hüngers
von Gebliswilt und Enneli Luggis eli¬
che frowe Henni Luggis ouch von Gebliss¬
wilr, Hügli Friderich dem schuchma¬
cher burger ze Basel den dritteil und alle
die recht so si habent und haben solltent
oder mochtent an dem huse und hofstat
ze Wildenberg gelegen ze Basel in der stat
an den Spalen nebent Ulman Sidelers und dem
huse zer Herren das sigerbe komen sint von Nr.
sen Henman Frider des eg Huglis bunder selig
frowen ist über und über zinsbar den fro.
wen ze Clingental git man 4 ℔ zins ȡ ze den
vier fronvasten pro 23 flory.",https://files.transkribus.eu/Get?id=AJFVWOTTPXVBLOIJRRXJXMPP&fileType=view,den fro . wen ze Clingental ,fro . wen ze Clingental ,0.9454064667224884,rel,Kloster Klingental,0.9617739725706068,False
HGB_1_194_067,Spalenberg Theil von 4 neben 6,2611135.8097970425,1267428.7534774446,ce3eaf0b-6482-4bb0-b10d-4bc6c3deeea5_20240705,10,1428,"Burkart Thorer der schlosser u Gredlin sin
ewirtin, verkaufen an Petro Zwyglin von Dietwilr
daz Hus & Hofstatt genant Wildenberg mit
dem gertli u. Hüsli derhinder, gelegen unden an
an den Spalen, zwüschent Ulrich Mürers des messer,
schmids sel. u. Burkartz zer Herrers husern, ist erb
von den frowen ze Clingental denen darab gand 4℔.
1ring brot wisung, 10 sh. erschatz.
um 138 fl.",https://files.transkribus.eu/Get?id=FEUMZWFZNJGWTVIGMIGOKEOY&fileType=view,den frowen ze Clingental ,frowen ze Clingental ,0.9983991086483002,rel,Kloster Klingental,1.0,False
HGB_1_194_067,Spalenberg Theil von 4 neben 6,2611135.8097970425,1267428.7534774446,3fb6bff3-f4a6-461e-8683-5a150f4c07c3_20240705,13,1455,"Do widmet Peter Zwig von Tetwilr bgrzu Basel.
Elsin siner Ehfrauen, sin Hus & Hofstatt gelegen an den
Spalen, einsit neben Burckart zer Herren, ư andersit
nebent Ammann dem messersmit, zinset 2 ℔ an Klingental
u. hat Ness d benanten Peter Zurgen tochter u. Martin.
seiter ir el man zinst & willen geben.",https://files.transkribus.eu/Get?id=LEARFFUNEWPWFLZBIMPGLNQP&fileType=view,Klingental ,Klingental ,0.9982399940490723,rel,Kloster Klingental,1.0,False
HGB_1_194_072,Spalenberg 12,2611125.2040370503,1267411.8566328173,8978a0f4-8544-4085-a7a3-c3c3502599d5_20240705,"32, 33",1460,"Jkr. Conrat Montprot von Costenez u. J. Peter, Offenburg
vogt zu Waldenburg, verkaufen an J. Peters von Andels
u. Frau Engelin von Rotperg siner gmahel den Hof Hus
& Hofstatt genant zu Schürlikeller under an den
Spalen, vorzu zwüschen dem Husern ze Hadstat ư zem
lieht mit den Hofstetten so zu garten gemacht im hinder¬
us bey dem brunnen uf dem Nodelberg reichet, u. nebent
meister Gerharts des underschribers dem man spricht
Waltpach ze einer siten u. ouch nebent Hadstat zer anden
siten gelegen sint, ư dem auf das gertlin so herabbass
gelegen und under zu me an den philer des Huses Waltzach
zeichet, u. das Hüslin u. Hofstat genant Frient so mit
ler hofstatt so entzwüschent byt, ư als dem in das gesslin
das im fardellen gassen gat reichet von, sum 520 fl.
folgen die Zinse.
deselben Hüslin & Hofstatt Rient u. dem andern gertlin das under dem [sep] zem obern Licht = 10
Waltpart = Nadelberg 23
Gerhart Megkings Eig v. 23 Ao 1444
hintern hathstad = Nadelberg 31 [sep] Das hus Schurlikeller Zinst der dormentag uff Burg 1 om
Wins, die hofstette so zu Garten gemacht sind und hindereist by den
Stochbrunnen an den Rodelberg zeichen, zinsen, in ganz 2℔ 6ß
novor, nämlich herr Peter Roten 10ß und 1 hun, dem Clostat
frauen zu S. Claren 1 ℔ 3 1/2 ß und 1 hun und der zu Clin
genthal 10ß novor.",https://files.transkribus.eu/Get?id=ZSWCPHKHKSFMDJWKCYKDYGVS&fileType=view | https://files.transkribus.eu/Get?id=MKSRMGJFMJWGDFRQWWPUBPPK&fileType=view,Clin genthal ,Clin genthal ,0.9385099709033966,rel,Kloster Klingental,0.5487567126892636,False
HGB_1_194_077,Spalenberg 16,2611118.0138689424,1267398.1234415625,3abe165d-b584-4e5c-9e73-0bae0c8a04b2_20240705,16,1418,"item do gab ze kouffende Henman bugginger
der Winmann burger ze Basel heinrich koufften dem
wattman ouch einem burger, das hus und hofstatt ge¬
nannt Buggingers hus ze Basel in der statt an den
Spalen zwischent den hüsern ze Hadstatt und Wildenstein,
ist erbe von den frowen von Clingenthal und besunders
von frow Adelheiten zem Hirtz dere da von gangent
8 ℔ zinset angar. ein vierling pfeffers martini ze Wi¬
sung und 10ß erschatz; so denne gent von der erbschafft
einem Tumprobst der Stifft uff burg 1ß zinsphen, pen
summa 120 guldin.",https://files.transkribus.eu/Get?id=RLEASDNGCKHSEAFFLOFGNFBM&fileType=view,den frowen von Clingenthal ,frowen von Clingenthal ,0.9257347136735916,rel,Kloster Klingental,1.0,False
HGB_1_194_077,Spalenberg 16,2611118.0138689424,1267398.1234415625,7b2f8412-6f5a-499c-bc8c-09d8406f5830_20240705,18,1429,"Mr. Heinrich Krafft etzwen ein wätman, ver¬
kauft an Mr. Petern Träfen sutor, die huser,
daz vorder daz hinder u daz mittlest, so man
nennet Buggingers hus, gelegen an den Spalen,
zwüschen den hüsern ze Hadstatt, ư Wildenstein,
Cenfolgen die Gassen, an donen vib cessigit ist)
zinsent jerlich den Frowen v. Klingental
um 243 fl.
& hinderlich Frow Adelheiden zum hirten 8 trans. anger. & 1 vierling Pfeffers
Martini ze wisung und 10ß cens. ze Erschatz, und denne der Tundersent
Caplan uf Burg 1ß aus. von ein de fertigungsbuch fol. 46.
Gereter wegen uf Martini, sonst frei",https://files.transkribus.eu/Get?id=ZYUDBNSEYFHVCESKYQUPWKNX&fileType=view,den Frowen v . Klingental ,Frowen v . Klingental ,0.9641263961791993,rel,Kloster Klingental,0.9455491172130661,False
HGB_1_194_079,Spalenberg Theil von 18 neben 16,2611114.7925836546,1267392.8866001158,64523003-acf5-41bd-97c5-aaa38a5ff156_20240705,28,1470,"Official- Urkunde.
Hanns von Sultz der Schnider zu Basel und Angness
sin elich Husfrow verkaufen Hans Graff dem eltern
der Schuchmacher und Burger zu Basel 1 Gld. Gelts
jerlichen Zinses, oder dafür 1 1/2sh. u. Pfg. von uff und ab
irem Huss und Hoffstat genant zu nidern Wilden¬
stein, als das zu Basel in der Statt an den Spalen,
gelegen ist zwüschen den Hüsern genant Grafenn,
Huse, zu einer und der andern Siten Herrn Wilden¬
sten, zinset von Eigenschaft wegen dem Closter zu
Clingental zu geglicher Fronvasten 7 1/2 sh. u. Pfg, umb
10 Gld.",https://files.transkribus.eu/Get?id=LQOPRIEZHZVMLMOEEAGCYCPH&fileType=view,dem Closter zu Clingental ,Closter zu Clingental ,0.9970937967300415,rel,Kloster Klingental,1.0,False
HGB_1_194_079,Spalenberg Theil von 18 neben 16,2611114.7925836546,1267392.8866001158,7d9bc86c-e939-41f7-a540-f61577fc1142_20240705,29,1470,"Abraham Weyenrockh der Gremper, hievor
Hans Ruodolstorffers erben, und darnach Wolf Bes¬
serer zinsen jerlich uf Georgii 1/2 gulden reinisch,
thut 11ß 6ȡ, von uf und ab dem Haus und Hof ge¬
nant zum nidern Wildenstein mit allen rechten, als
das zu Basel an den Spalen gelegen ist zwischen den
Heusern genant groffen Haus zu einer, und zur an¬
dern sydten oberen Wildenstein, zinst von eigen¬
schaft wegen Closter Clingenthal zu jetlicher fronfas¬
ten 7 ½ ß neuwer pfennig, sonst ledig eigen. Seindt mit
10 gulden reinisch oder 11 1/2 ℔ neuwer Basler pfennigen
abzulösen.
Datum: Mitwuch vor Jubilate Ao 1470.
Jetz Melcher Gebhart der schnider, jetz Jacob Thanst,
jetz Peter Danons des Wegmeisters sel. Wittib.
Ist abgelöst auf Ostern 9.
gestrichen.
Gnadenthal F. Reistratur 1601. fol. 26.",https://files.transkribus.eu/Get?id=UUTSJPCWYKEPKLVEBQJPLXFO&fileType=view,Closter Clingenthal ,Closter Clingenthal ,0.8674615323543549,rel,Kloster Klingental,1.0,False
HGB_1_194_079,Spalenberg Theil von 18 neben 16,2611114.7925836546,1267392.8866001158,06886ee5-049e-4f86-9e56-4b68ab42d9ab_20240705,31,1488,"Katharina Elebergen, wyl Arnolls von Clebergs sel
Wwe, verkauft an Hanns Anfelder den Lebkücher.
ư seine Frau Magdalena, das Hus & Hofstatt mit
dem hindern hüslin ư dem gang genant nider
Wildenstein, als das an den spalen, zwuschen dem
Hus obern Wildenstein, ze einer, ư dem Hus Hattstatt,
zer andern siten gelegen ist, zinst jährl von eig.
dem Clingental 3 ℔, angarat, u 10 sh erschatz, sodan
sol man geben 1/2 fl gelts den grefflin st widerk. sonst
frei, sum 32 fl.",https://files.transkribus.eu/Get?id=FSANMYJMIVNIWCZBKRPGEJCO&fileType=view,dem Clingental ,Clingental ,0.9352568089962006,rel,Kloster Klingental,1.0,False
HGB_1_194_079,Spalenberg Theil von 18 neben 16,2611114.7925836546,1267392.8866001158,d9ffe2f0-42dd-4111-9180-b9e6aea235ab_20240705,35,1517,"Marti Gebhart der Hutmacher, u. seine Frau Anna,
verkaufen an Cunraten von Burkhusen den nestler, jnwoner
zu Basel, das Hus & Hofstatt genant Nider Wildenstein,
mit dem gang u. Stalle hinden us uff den Nadelberg
als das gelegen, an Spalenberg, zwüschen dem Hus Ober
Wildenstein zu einer, u. dem Hus Hatstatt, zur andern siten,
zinst jährl dem Clingental 3 ℔, u. 10 sh erschatz, u. willyr
der schaffner ein, sodan gat darab jährl. 11 1/2sh. abl. Hansen
Grofen Wirt zum Storcken, sonstfrei, sum 80 ℔.",https://files.transkribus.eu/Get?id=YECEUFWRDVJKQHPBICNEDPKW&fileType=view,dem Clingental ,Clingental ,0.9663242697715759,rel,Kloster Klingental,1.0,False
HGB_1_194_083,Spalenberg 24,2611098.8222470884,1267379.266581751,115daf63-aee1-45a6-bb25-488275061da5_20240705,38,1475,"Da verkaufen,
Hanns von Waltenhein, u Burkhart von Waltenheim
die Hubsmit, für sich & jnnamen wil. Heinrich Walthers
seberben den zweyteil sodan Mr Claus Herr des Rat
den dritteil,
an Hanns Grafen den schumacher & seine
Frau Ennelin, dz Hus & Hofstatt genant zem Baltz,
so gelegen ist an den Spalen zwüschen dem Hus zem Wolff
ze einer, l Mathysen eines Caplans zu s.Peter huse
zemechst am halben Rad gelegen, zinst vonerbschaft wegen
zu Clingental 1 ℔ 8 sh. u. 2 ring brot ze wisung, 5 sh erschatz,
sodan sol man geben zu s. Peter 1 sh. von eins selgerets
wegen, sonstfrei um 50 ℔.",https://files.transkribus.eu/Get?id=TKNCILBXZQGHRQKANWKNIACI&fileType=view,Clingental ,Clingental ,0.9009597897529602,rel,Kloster Klingental,1.0,False
HGB_1_194_083,Spalenberg 24,2611098.8222470884,1267379.266581751,8fe7a496-7737-4b04-9e14-35481227e2aa_20240705,40,1498,"Hanns Graff der jung, Wirt zum Storcken, verkauft an
Martin Lepkücher u. seine Ennelin, das Hus & Hofstatt
an den Spalen, zwüschen dem Hus zem Wolff ze einer,
u. Mathis eins Caplanen zu s. Peters hus, ze nechst am
halben had zer andern siten gelegen, u zum Bolch genant
ist, zinst jährl von erbschaft wegen dem Clingental 1 ℔ 8sh.
zwen ring brot ze wysung u. 5sh. erschatz, u. willigt der
Schaffner ein, soden sol man jährl. geben zu s. Peter 1 sh.
von eins selgeret wegen sonst frei, um 75 ℔.",https://files.transkribus.eu/Get?id=UXEYSUBQTATUVMPHLTOWDFQU&fileType=view,dem Clingental ,Clingental ,0.9786619544029236,rel,Kloster Klingental,1.0,False
HGB_1_194_084,Spalenberg Theil von 26 neben 24,2611094.679746922,1267379.3791747557,1346bb9f-e927-4fb2-a4c0-5b3d61eecac1_20240705,18,1429,"Conrad Megk der Spengler verkauft an
Petro Langenberg den schlosser, daz Huse u.
Hofstatt, gelegen an den Spalen, nebend dem
Hus zem Bolz ze einersiten, u. Heuman Schmidlins
hus zer andern siten, zinset dem frauen ze Clingental
1 ℔ 1ring brots wisung, ư 2sh. erschatz, ư denne
der der geuss den Closterfrowen ze sant Claren 1 ℔,
widen heuens. Peter 18 zinsden von selgereten wegen
um 40 fl.",https://files.transkribus.eu/Get?id=NLWHFLBOARBASEIJDRXQBNOM&fileType=view,dem frauen ze Clingental ,frauen ze Clingental ,0.9963720589876175,rel,Kloster Klingental,1.0,False
HGB_1_194_084,Spalenberg Theil von 26 neben 24,2611094.679746922,1267379.3791747557,3c94c9b9-f87f-4d5a-82d9-08427b6bb2e7_20240705,23,1462,"Do gab ze kaufen Hanns Zangenberg der gewantman,
Heinrichen erzberg dem bartscherer, ein Hus & Hofstatt
gelegen an den Spalen, zwüschent den Hüsern zem halben
Rade, ư zem boleze, zinset voneig. ze Clingental 1 ℔.
ư einen ring brotz ze wisung, sodan sol man davon geben
2 sh erschatz, ư dann gat darab zu s. Cloren auch 1 ℔
ư. zu s. Peter 18 zinsden von selgereten wegen sonstfrei,
um 53 fl.",https://files.transkribus.eu/Get?id=XIAPHARQHDOTFLENXXGNKVDX&fileType=view,Clingental ,Clingental ,0.9260031580924988,rel,Kloster Klingental,1.0,False
HGB_1_194_084,Spalenberg Theil von 26 neben 24,2611094.679746922,1267379.3791747557,9517b2d3-b9ae-431e-b136-ff23b702ada4_20240705,26,1485,"Die Cottidian zu s. Peter, verkauft an Hanns Bars
den schmider ư seine Frau Margreten, das Hus & Hofstatt
genant zem grünen Horezberg, an den Spalen, zwüschen
den Hüsern zem halben rad, ư zem Bolez gelegen ist.
zinset 18 den zu s. Peter von eins Selgeret wegen, ư 10sh.
von eim Jarzyt wegen denselben, sodan 10sh. zu s. Claren,
u. 10 sh. zu Clingental, sint beide widerk. sonst frei.
um 20 ℔.",https://files.transkribus.eu/Get?id=IUMRBNSHYUYVNLIQIITVQLSL&fileType=view,Clingental ,Clingental ,0.8700710535049438,rel,Kloster Klingental,1.0,False
HGB_1_194_084,Spalenberg Theil von 26 neben 24,2611094.679746922,1267379.3791747557,496371fe-0085-465b-bd78-316a82f943d2_20240705,27,1485,"Schultheissen-Urkunde.
Hanns Barss der Schnider, Burger zu Basel und Margret
sin Efrowe verkaufen den Herren zu sant Peter zu Basel
10 sh. an Herr Mathisen Capplan zu St. Peter sel. Barzyt, und
1 ℔. 5 sh. Geltz von uff und ab irem Huss und Hoffstat, ge¬
nant grünen Hertzberg, als das in der Statt Basel anden
Spalen, zwüschen dem Huss zem halben Rad ze eyner, und
dem Huss zem Boltz zer anndern Syten gelegen ist, zynset
vormals von eins Selgeretz wegen Buwer Phen den Herren
zu sant Peter, sodann 10 sh. den Frowen von Clingental,
und 10 sh. den Frowen zu sant Claren, sind bede widderkof¬
fig, umb 35 ℔.",https://files.transkribus.eu/Get?id=HXGMMJVQZRTKKZGHGVBWJMBI&fileType=view,den Frowen von Clingental ,Frowen von Clingental ,0.9832420349121094,rel,Kloster Klingental,1.0,False
HGB_1_194_084,Spalenberg Theil von 26 neben 24,2611094.679746922,1267379.3791747557,b26afa02-d5fa-464f-be23-96b9a64af4c6_20240705,28,1488,"Hans Barss der schmider ư seine Frau Margret, ver¬
kaufen an die herren zu s. Peter 1 ℔ 5 sh. ab jrem
Hus & Hofstatt genant grünen Herzberg, an den Spalen,
zwüschen dem Hus zem halben sid ze einer, ư dem
Hus zem Bolz zer andern siten gelegen ist, zinst vormals
von eins selgerets wegen 18 an, genanten beren s. Peten sodan
sol man jährl. geben 10 sh. zu Clingental, u 10sh. zu si Claren
sind bed widerk. sonstfrei, sum 35 ℔ widerk.",https://files.transkribus.eu/Get?id=PBPATFKGAOEMYWJZJNZPJTAO&fileType=view,Clingental ,Clingental ,0.8984670639038086,rel,Kloster Klingental,1.0,False
HGB_1_194_084,Spalenberg Theil von 26 neben 24,2611094.679746922,1267379.3791747557,3679e9bf-09a0-4fd0-a4f0-924ee8f41407_20240705,32,1522,"Wilhelm Ritter der schumacher, u. seine Frau Kohmba, ver¬
kaufen an Ziforius Kon den schumacher u. seine Frau Appolonin,
das Hus u. Hofstatt, an den jnnern Spalen, gnant Grienenberg,
zwüschen dem Hus zum halben Rat, u. dem Hus zum bolz glegen,
zinst den herren s. Peter 18 alter zinst von eig. sodan sol man
in widerk. gülten geben denselben hem 35 sh. desgl den frauen zu
s. Claren 10sh. u. den frauen zu Clingenthal auch 10sh. sonst frei.
um 188.",https://files.transkribus.eu/Get?id=IFAKMMPBCTUHGXCACOXIPKAM&fileType=view,den frauen zu Clingenthal ,frauen zu Clingenthal ,0.9918734580278397,rel,Kloster Klingental,1.0,False
HGB_1_051_026,Elisabethenstrasse 13,2611527.320271312,1266922.104394905,8c85cd90-1a32-4ecb-9b98-bdf7afde0c6d_20240705,3,1434,"Gross Basel.
item meister Petter Wynrich der Scherer git jerlich
2½ ℔ von uff und ab sinem Hus und Hofstatt
mit sampt dem Garten dorhinder in der stat Basel
in Eschemer Vorstat, zwüschen Heinrichen Mun¬
tzers des Seilers und Wertenberg des Brotbecken
Hus gelegen, zinset von Eygenschafft wegen der
Thumprobstey 1/2 becher bonen und den frowen von
Clingental 2 ℔. 6 sh. sonst frey.
und fallt der zins uff den heiligen Pfingsth.",https://files.transkribus.eu/Get?id=DFQNAMVAEAXGAZARMVWONCWI&fileType=view,den frowen von Clingental ,frowen von Clingental ,0.9945622682571411,rel,Kloster Klingental,1.0,False
HGB_1_051_042,Elisabethenstrasse Theil von 27 neben 29,2611489.1261898177,1266831.5980206106,9b10a5f4-7002-4172-8af6-23a5710ef857_20240705,3,1408,"Item do gab ze kouffende Angnese wilent
eliche frowe Anni von Jltzach ze Basel seph
Heinry und Gredli in hint, Ulr Keller
dem winman burger daz huse hofstat und
gertlin (sic) da hinder ime sinen zugehör¬
den gl. ze Basel ze Spittalschüren zwuschent
Ulr Grellingers des rebmans und frowe.
Claren von Trothofen husern so erbe ist von
den frowen von Klingental und sinderlich
frowe Verenen von Fliengen closterfrowe
da selles sic) der da von gangent 15ß zinsph
und 1 hine von der eige Martini so denne
gangen och von der erbeschafft bruder Ri¬
chart Vinsterlin zu den Augustinern ze Ba-
sel. 1 ℔ zins ȡ als si sprachen pro 12 ℔.
Gerichtsbuch der mehrern Stadt A 45.",https://files.transkribus.eu/Get?id=HDSYRUKNTSKICTNUPFEQJXOA&fileType=view,den frowen von Klingental ,frowen von Klingental ,0.9307174533605576,rel,Kloster Klingental,1.0,False
HGB_1_051_042,Elisabethenstrasse Theil von 27 neben 29,2611489.1261898177,1266831.5980206106,56467488-9669-426f-ac49-24b91ca4a5f1_20240705,14,1471,"Da hatt Hanns Langental der Spittalmeister, innamen des Spittals,
um versessenen zins, Heinrich Zuntzgers Hus und Garten, gelegen
in der Vorstatt ze Spittels Schüren, neben der Yselerin Hus und
Garten zu einer und Peter Hans Hus und Garten zur andern
siten, zinset den Frowen des Closters Clingental minthalben sh.
und dann aber 10 sh. gefrönt.
und 2 fl. dem Spittal widerkauffig mit 40 fl. Hauptgutz.",https://files.transkribus.eu/Get?id=MITGARVDZCQEOUKYQRIGBANI&fileType=view,den Frowen des Closters Clingental ,Frowen des Closters Clingental ,0.9812203526496888,rel,Kloster Klingental,0.9914967000836856,False
HGB_1_051_042,Elisabethenstrasse Theil von 27 neben 29,2611489.1261898177,1266831.5980206106,0a5beff8-368d-4bd3-b033-166737daed25_20240705,16,1517,"Adelheit, wyl Hanns Müllers des Winruffers Witwe, u. derselben
Adelheit u. wyl. Hans Müllers hinder Juldana u. Freuli, verkaufen
an Anna Bürgin jnwonen zu Basel, das Hus u. Hofstatt by Spital¬
schüren, u. neben Jr. Jacob Jselins trotten glegen, zinst den
herren zu den Augustinern 15 sh. u. den Frauen zu Clingenthal auch 10sh.
sonstfrei, um 14 ℔.",https://files.transkribus.eu/Get?id=CZHBDQPCKACCIEQOFTHZOLHO&fileType=view,den Frauen zu Clingenthal ,Frauen zu Clingenthal ,0.9965435564517975,rel,Kloster Klingental,1.0,False
HGB_1_051_050,Elisabethenstrasse 41,2611477.637835143,1266691.3031419886,9edb786d-cff7-4b99-883e-9df4be5ad470_20240705,6,1513,"Elsin Gygen wyl. Josig Dietsche genant Fael des scherers
u. der Reten sel. Wittibe, sodan derselben beiden eel son Frantz,
u. Kinder Jorig, Anna u. Chustina, verkaufen an Burkhart
Tegerfeld, den Garten, als der in vier müren umbfangen, in dem
hüsly u. trotli dam, wie obgl. Josig dietscht sel. den besessen hat,
ư glegen ist, in der vorstatt zu Spitalschüren, am gessli so zu
Eschamerthor gat zu einer u. dem gemeinen gang, so zwüschen diesem
u. Ludwig Struben des gerwers garten hin gat zur andern siten, zinst
von eig. dem Clingenthal 1 ℔ 4 sh. sonstfrei, der Schaffner zu Clingenthal
willigt ein
sum 40 ℔.",https://files.transkribus.eu/Get?id=JFHSJSLEQCKTHDJREVOETBUK&fileType=view,dem Clingenthal ,Clingenthal ,0.9143961369991302,rel,Kloster Klingental,1.0,False
HGB_1_051_085,Elisabethenstrasse 30,2611464.6488600946,1266739.7397793788,85daa02d-04a2-4a41-ba20-5ea514af8f99_20240705,8,1446,"Peter Spengeler der Grabicher, verkauft an Mr. Hansen
Kleyneman dem gerwer, einen garten mit dem Hüslin
ư der tuch Ramen alses gelegen ist in der vorstatt
ze Spitalschüren, nebent Conratz von Rinfelden des Graw
tüchers ze einer siten, ư Stoffel des scherers garten zer
andern siten, zinset voneig dem Spital 8 sh. u. 1 hun ze wisung,
u den auch thun erschatz, ư so gab derab dem Brediger¬
closter 10sh. u. sud Clingental 1 fl gelts, widerk mit
20 fl.
um 15 ℔.",https://files.transkribus.eu/Get?id=YWRQMJRJAQZUTLXZPTXHEBQX&fileType=view,Clingental ,Clingental ,0.8048414587974548,rel,Kloster Klingental,1.0,False
HGB_1_051_085,Elisabethenstrasse 30,2611464.6488600946,1266739.7397793788,24f7605c-6bb9-425d-ab82-8589a5a8a767_20240705,11,1463,"Hanns Smit der Kremer u Ennelin sin Ewirtin, ver¬
kaufen an Heinrichen von Rinfelden den growtucher,
einen garten mit dem Hüslin u mit der trich Ramn
darin, in der vorstatt ze Spitalschüren, einsit neben
der Verkäufere garten der Stoffel scherers was, u ander
site an Hannsen von Basel des Steinmetzen garte, zinset
voneig. dem Spital 8sh. sodan 1 hun ze wisung, ư 1 hun
erschatz, sodan jährl. dem bredigercloster 10sh. u. zu
Clingental 11 fl gelts widerk mit 20 fl. ư hat mib hen
thumprobst alle jor 2 dn. daruf sonstfrei, sum 6℔.",https://files.transkribus.eu/Get?id=NHMIGTVHFRERSVAEAUZCJIYN&fileType=view,Clingental ,Clingental ,0.9173054695129395,rel,Kloster Klingental,1.0,False
HGB_1_051_085,Elisabethenstrasse 30,2611464.6488600946,1266739.7397793788,632ea2b6-e891-4fd8-9d5b-41f2b0d0ac48_20240705,19,1488,"Heinrich von Rinfelden der grerwitucher, bgr. zu Basel
verkauft an Heinrich Medern den gwandtman,
ư seine Frau Magdalena, einen Rebgarten, mit
sampt der tuch Ramen u dem hüslin darum, alles
byemander, by Spitals schuren, zwüschen des Hoffers
hus zur Rebgarten ze einer, ư zer andern siten nebent
Petter Beringers caplan der hohen Stift Rebgarten
= 3893
gelegen, stosst unden an Heinrich Bettendorfs matten
u Bomgartt, zinst voneig. dem Spital 8sh. soden
1 hie ze wisung, u. 1 hun erschatz, jtem den Predigern
10sh. nonor u dan 1 fl dem Clingental ist widerk.
um 7ß. u. sort.",https://files.transkribus.eu/Get?id=GKVVGVDYEHIJQTPVHHJHCMSA&fileType=view,dem Clingental ,Clingental ,0.96347776055336,rel,Kloster Klingental,1.0,False
HGB_1_051_086,"Elisabethenstrasse 30, 32, 34",2611464.6488600946,1266730.4820686176,43997d50-e1c8-42b7-b22c-1ca9003391e3_20240705,6,1498,"Heinrich Meder der Tuchscherer verkauft an Peter
Beringer Caplan der hohen Stift, die drye garten mit
dem Hus darum, zu Spittelschurn, ze nechst an des
Spittels garten gelegen ist, stosst an des Kauffen, gut,
zinst dem Spital voneig. 1 ℔ u. 5 huner, den Predigern
10sh. u. dem Clingental 1 fl sonstfrei, um 55 1/2 fl",https://files.transkribus.eu/Get?id=AYBOBYRISMHBCDOMQPRKJMGR&fileType=view,dem Clingental ,Clingental ,0.9089782536029816,rel,Kloster Klingental,1.0,False
HGB_1_051_086,"Elisabethenstrasse 30, 32, 34",2611464.6488600946,1266730.4820686176,8533df10-0c77-4367-bf56-7e31bed6b15e_20240705,15,1508,"Caspar Rap der Metzger, u. seine Frau Enele, u. Lien¬
hart berniger, verkaufen an Theinrichen von Münstal
den gwarttman, u. seine Frau Margretha, einen garten, mit
samt dem huslin daran, wie sy dan der von Peter Beigersel
einem Caplan der hohen Stift ererbt haben, gelegen bi Spitals
schnien, zunechst an des Spitals garten, stosst an die Amendern
zinst voneig. dem Spital 1 ℔. u. 5 huner, den Predigerherren,
10sh. u. dem Clingental 1 fl ist widerk. sonst frei, sum 60 ℔.
Der Spitalschuber willigt ein.",https://files.transkribus.eu/Get?id=QUFLRFGSPEKDODWKGRCSEVZK&fileType=view,dem Clingental ,Clingental ,0.9025318622589111,rel,Kloster Klingental,1.0,False
HGB_1_051_086,"Elisabethenstrasse 30, 32, 34",2611464.6488600946,1266730.4820686176,aa2fe3a3-7df0-4ad4-adc6-d6fea9d48c80_20240705,19,1515,"Hanns Rudolf Glüer der Gwandtman, u. seine Frau
Dorothea Monstralerin, verkaufen an Fridli Besch von Liestal
u. seine Frau Katherina, das Hus Hofstatt u. Garten, by
Spytals schüren, zunechst an Spitals garten gelegen ist,
zinst von eig. dem Spital 1 fl. u. 5 huner, sodan den
Predigen 10sh. u. dem Clingental 1 fl. ist widerk. sonst frei,
um 80℔.",https://files.transkribus.eu/Get?id=OHMZELWHCZDTUVNWMATHXYMY&fileType=view,dem Clingental ,Clingental ,0.8817949295043945,rel,Kloster Klingental,1.0,False
HGB_1_051_086,"Elisabethenstrasse 30, 32, 34",2611464.6488600946,1266730.4820686176,80e5286e-16e7-4ba4-a2d2-7fc9583c7efb_20240705,20,1515,"Claus Meiger von grossen Kingen, verkauft an derig,
Burmeister von Meringen den Kuhirten zu Basel, u. seine Frau
Elsa, das Hus u. Hofstatt mit samt dem Garten daran by Spitals
garten glegen ist, stosst an die Almend, zinst von eig. dem
Spital 1 ℔, u. 5 huner, sodan zinst den Bredigern 10sh. u.
dem Clingental 1 fl ist widerk. sonst frei, um 92 ℔.",https://files.transkribus.eu/Get?id=ZJVDEFAGNQEIQOHAQJQDZRPU&fileType=view,dem Clingental ,Clingental ,0.893869012594223,rel,Kloster Klingental,1.0,False
HGB_1_051_086,"Elisabethenstrasse 30, 32, 34",2611464.6488600946,1266730.4820686176,a67e8d7a-d993-44f4-a0e6-66070a3b6095_20240705,28,1517,"Rudolf Glüger der gwandtman hat Gerg Bimeister des Kuh¬
hirt u. seiner Frau Elsbet, so jm 41 ℔ zu thun schuldig, da sy jm
10 ℔ uf s. Martinstag nächstverschienen zu bezalen verfallen were.
darumb er der beider Eegenecht Hus Hofstatt garten alles aneinander
by Spytalschüren glegen, stosst an die Allmend, so da jährl zinset von
eig. dem Spital 1 ℔. u. 5 Huner, den Predigern auch 10sh. u. den
frauen zu Clingenthal 1 fl. widerk. als sin underpfant gefrönt,
u. kauft sie um die 10 ℔ so sie jm die zwei Eegemacht zu bezalen
verfallen sind.",https://files.transkribus.eu/Get?id=KODEMZCGNPMGRLSVZDQSXMGR&fileType=view,den frauen zu Clingenthal ,frauen zu Clingenthal ,0.9985288828611374,rel,Kloster Klingental,1.0,False
HGB_1_051_086,"Elisabethenstrasse 30, 32, 34",2611464.6488600946,1266730.4820686176,d1126785-1c19-4e2a-9fec-20c6f8d8fb7b_20240705,29,1517,"Gerg Bomeister von Menningen der Kughit zu Eschamerthor, u.
seine Frau Elsbeths verkaufen an Barbara Liechtnowern von Strassburg
jnwonen zu Basel, das Hus u. Hofstatt mit samt dem garten darhinder
be Spitalschüren, an des Spitals garten glegen, stosst an die Almend,
zinst von eig. dem Spital 1 ℔, u. 5 Huner, sodan den Predigern 10sh.
u. den Frauen zu Clingental 1 fl ist abl. sodan ist solich Hus Rudolf
Glugerin sum 45 ℔ 7sh. u. Hanns Meyerin von Hüningen um 16 ℔ schuld
haft, sonst frei, sum 2 ℔.
der Spitalschüber willigt ein.",https://files.transkribus.eu/Get?id=OMBBJUJUIVGSMYNIETJVKHBW&fileType=view,den Frauen zu Clingental ,Frauen zu Clingental ,0.9860213994979858,rel,Kloster Klingental,1.0,False
HGB_1_051_086,"Elisabethenstrasse 30, 32, 34",2611464.6488600946,1266730.4820686176,d0881f25-79dc-4759-aa7b-dcb384164865_20240705,37,1523,"Hans Thürr der Bildhawer, u. seine Frau Barbara,
verkaufen an Ursula Granen von Costens, jnwoner zu Basel
2son win gelts, ab jrem garten mit Reben u. Blosglend, samt
dem Hus u. Hofstatt, als das an u. by einander by Spitals schüren,
zwüschen des Spitals u Hans Galliecans garten, zinst dem
Predigerherrn 10sh. dem Spital 1 ℔ 5 sh. u. den Frauen zu Clingenthal
184sh. jtem aber ab einer halben Juch. Rebacker jm Ban des
Dorss zu Rynach,
sum 26 ℔.",https://files.transkribus.eu/Get?id=OVMDKYJSVDMSSSVJYWJQBMGT&fileType=view,den Frauen zu Clingenthal ,Frauen zu Clingenthal ,0.9960165172815323,rel,Kloster Klingental,1.0,False
HGB_1_002_026,Aeschenvorstadt 9,2611592.3723795014,1266982.8450398108,e770ab85-a634-4277-8639-ad126e569a8b_20240705,11,1484,"Berbelin Streiffin wil. Heinrich Streiffen sel Wwe, als
Hptverk. ư ir tochterman Hanns Springlin & seine Frau
Enelin u. a. als Mitverk. verkaufen an Hanns Waltkilch
den schuhmacher & seine Frau Margret, 3 ℔ jährl. ab der
jtem dem Hus & garten genant zem Mülinrad, an dem
selben end. zwüschen dem Hus Nüwenstein & dem Hus
Hohenrupff, zinset voneig. 16sh. der Kauerer uf Burg,
1 ℔ zu Clingental, u. 1 fl widerk. zu s. Peter, sonstfrei
um 60 ℔ widerk.",https://files.transkribus.eu/Get?id=TSZSONTNFCJIMWMXPJVESXXG&fileType=view,Clingental ,Clingental ,0.8606626987457275,rel,Kloster Klingental,1.0,False
HGB_1_002_091,Aeschenvorstadt 10,2611590.873579534,1266958.0176755707,cfd2083c-f1d2-4314-b079-462ef851129b_20240705,11,1424,"git ze kaufen Elsin Hirssingerin wil. Clewin
Hirsingers sel den Hafners ewirtin, Clausen von Wert
von Erstein el wirtin, ư ir sum Henrich Hussinger
an Petro Hartlieb den Hafner, Eneline sue uxor
daz Hus & Hofstatt mit dem Höflin derhinder,
hinder u. vor, gelegen in der vorstatt ze Eschemerthor
zwüschent Clewin Zollners des Brotbegken u. Clewin
Mösis des schmids hüsern, ist erb etz von den frowen
ze Clingenthal denen darab gand
um 58 fl.
8sh.",https://files.transkribus.eu/Get?id=ZIWHBRGVTQFHTIASWCPRILFX&fileType=view,den frowen ze Clingenthal ,frowen ze Clingenthal ,0.9955876916646957,rel,Kloster Klingental,0.9911952352826571,False
HGB_1_002_091,Aeschenvorstadt 10,2611590.873579534,1266958.0176755707,8e2c5155-26f3-42bf-87a2-178304a1e1f3_20240705,14,1443,"Enellin Kartlieb verkauft an Clausen Sill von
Sultz dem Haffener u Enelin sin ewirtin, daz Hus
mit dem hindern hüslin, als es hinder u vor harbracht
ư gelegen ist in der vorstatt ze Eschemerthor nebent
Heinrich Vischer des Kesslers hus ze einer siten, u. Heintzi
von Costentz des Brotbeken hus zer andern siten, zinset
voneig dem Convent ze Clingental 12sh. 2ring brot ze
wisung,
sum 140 fl.",https://files.transkribus.eu/Get?id=GUJFVYETCIXHBITZWDYNYRRX&fileType=view,dem Convent ze Clingental ,Convent ze Clingental ,0.9952108711004257,rel,Kloster Klingental,1.0,False
HGB_1_002_091,Aeschenvorstadt 10,2611590.873579534,1266958.0176755707,35b9228f-b1a4-4294-9e4c-211438ce9b93_20240705,17,1456,"Claus Dille der Hafner u seine Frau Ennelin, verkaufen
an Jacoben Secz denoffen von Strassburg den Hafener,
u seine Frau Heinel das Hus & Hofstatt in der vorstatt
zu Eschemerthor gelegen, einsyt nebent dem Hus zem Kung
u. andersite nebent Heinrich Kesslers hus, zinset jährl
von eig zu Klingenthal 1sh. u. 1 ring brot ze wisung,
sonstfrei, um 100 fl.
des halb sollen die Käufer den frowen zu Klingenthal 40 fl.
geben oder die verzinsen, ư Heinze beyer einem burger
ze mindern Basel 20 fl. die übrigen 40 fl mit bezalt.
am Rander mit dem garten in Höflin darhinder",https://files.transkribus.eu/Get?id=CEDYVUWBCSZDJQTELBCOINND&fileType=view,Klingenthal ,Klingenthal ,0.7863015532493591,rel,Kloster Klingental,1.0,False
HGB_1_002_091,Aeschenvorstadt 10,2611590.873579534,1266958.0176755707,599e8ed2-b0f7-426a-bd15-cd67c4bb8b52_20240705,22,1481,"Das Closter Clingental verkauft an Crista beiger
dem Kübler hindersess zu Basel ư seine Frau Margret,
ein Hus & Höflin darhinder, in der vorstatt ze Eschemer
thor, zwüschen Jacob Rösler des Brotbecken hus ze einer,
u. Michel pfrander des seilers hus zer andern siten
zinst dem Clingental voneig. 6 sh. sonst frei, sum 300 fl.",https://files.transkribus.eu/Get?id=ZXMNZHBUCNDLHLDQEEEAWKNM&fileType=view,dem Clingental ,Clingental ,0.9962503015995026,rel,Kloster Klingental,1.0,False
HGB_1_002_091,Aeschenvorstadt 10,2611590.873579534,1266958.0176755707,00c201aa-f23f-42a6-9169-4be3bdc45055_20240705,23,1482,"Jacob Kasoris caplan uff Burg, verkauft an Ottilien
thumerin der Kremerin, ein hus & gertlin darhinder,
in der vorstatt ze Eschemerthor, zwüschen Jacob des
Husfurers hus ze einer, u. Michel pfrender des seilers hus
zer andern siten gelegen ist, zinset ders Hus voneig 6.
den frauen ze Clingental, & das gertlin 1 1/2 becher bonen
einem tomprobst zu Basel, sodan sol man davon geben 1 1/2ft
gelts zu Clingental sint widerk mit 30 fl. sonstfrei.
sum 14 fl.",https://files.transkribus.eu/Get?id=HATTFLMCCDWYPKOFNSQDXOJM&fileType=view,den frauen ze Clingental ,frauen ze Clingental ,0.9950823932886124,rel,Kloster Klingental,1.0,False
HGB_1_002_091,Aeschenvorstadt 10,2611590.873579534,1266958.0176755707,00c201aa-f23f-42a6-9169-4be3bdc45055_20240705,23,1482,"Jacob Kasoris caplan uff Burg, verkauft an Ottilien
thumerin der Kremerin, ein hus & gertlin darhinder,
in der vorstatt ze Eschemerthor, zwüschen Jacob des
Husfurers hus ze einer, u. Michel pfrender des seilers hus
zer andern siten gelegen ist, zinset ders Hus voneig 6.
den frauen ze Clingental, & das gertlin 1 1/2 becher bonen
einem tomprobst zu Basel, sodan sol man davon geben 1 1/2ft
gelts zu Clingental sint widerk mit 30 fl. sonstfrei.
sum 14 fl.",https://files.transkribus.eu/Get?id=HATTFLMCCDWYPKOFNSQDXOJM&fileType=view,Clingental ,Clingental ,0.8502699136734009,rel,Kloster Klingental,1.0,False
HGB_1_002_091,Aeschenvorstadt 10,2611590.873579534,1266958.0176755707,57bf112a-4700-4801-a75d-cacd807dd405_20240705,24,1490,"Ottilia Thunringerin wil. Jorgen Drichers von Lan Schnit
gelanne Wwe. verkauft an die frauen zu Clingenthal
das Hus & Hofstatt samt dem gerttlin darhinder, in der
vorstatt zu Eschemerthor, zwüschen pfrunders des seilers
ư Ulin des Husfurers husern gelegen ist, zinst voneig
dem Clingental 6sh. u. 1 1/2 becher bonen der Thumprobstye
der hohen Stift, sodan sol man davon geben 1 1/2 fl gelts
widerk mit 30 fl. Hptg. sonstfrei, um 25 fl.",https://files.transkribus.eu/Get?id=IKFFLYCSQWXICYTZXGZELKCW&fileType=view,dem Clingental ,Clingental ,0.9769718647003174,rel,Kloster Klingental,1.0,False
HGB_1_002_091,Aeschenvorstadt 10,2611590.873579534,1266958.0176755707,51369ebb-56fa-43d1-90c5-0fc33c3b06ee_20240705,27,1501,"Georg Beyer von Gundeffingen, u. seine Frau Katherin,
verkaufen an Peter Winrich den Bartscherer, u. seine Frau
Elsy, das Hus & Hofstatt mit dem garten darhinder, zu
Eschemerthor, zwüschen Ulrich Wenenberg, des Husfmers u. Michel
des Seilers husern gelegen ist, zinst von eig. 6sh. zu
Clingental, jtem 1/2 becher Bonen dem Trumprobst der hohen Stift,
u. dan sol man geben 1 1/2 fl auch zu Clingenthal, widerk.
sonst frei, und 36 ℔.
mit Nachtrag wegen Bezalung der schuldig gebliebenen
6℔.",https://files.transkribus.eu/Get?id=KUCFMWBZAVSXGWECJLWNQFUQ&fileType=view,Clingental ,Clingental ,0.9489180445671082,rel,Kloster Klingental,1.0,False
HGB_1_002_091,Aeschenvorstadt 10,2611590.873579534,1266958.0176755707,51369ebb-56fa-43d1-90c5-0fc33c3b06ee_20240705,27,1501,"Georg Beyer von Gundeffingen, u. seine Frau Katherin,
verkaufen an Peter Winrich den Bartscherer, u. seine Frau
Elsy, das Hus & Hofstatt mit dem garten darhinder, zu
Eschemerthor, zwüschen Ulrich Wenenberg, des Husfmers u. Michel
des Seilers husern gelegen ist, zinst von eig. 6sh. zu
Clingental, jtem 1/2 becher Bonen dem Trumprobst der hohen Stift,
u. dan sol man geben 1 1/2 fl auch zu Clingenthal, widerk.
sonst frei, und 36 ℔.
mit Nachtrag wegen Bezalung der schuldig gebliebenen
6℔.",https://files.transkribus.eu/Get?id=KUCFMWBZAVSXGWECJLWNQFUQ&fileType=view,Clingenthal ,Clingenthal ,0.9198448657989502,rel,Kloster Klingental,1.0,False
HGB_1_002_091,Aeschenvorstadt 10,2611590.873579534,1266958.0176755707,716c60bf-c952-4c8d-9de7-f1cd245a7d86_20240705,29,1509,"Peter Wysch der Bartscherer, u. seine Frau Elsin, verkaufen
an die Lütkilchen s. Martin, 2 1/2 ℔ jährl zinses, ab jrem Hus &
Hofstatt mit dem garten darhinder, in Eschemervorstatt, zwüschen
Michel beriger des seylers u. Ulrich Vennenberg des husfürers
hüsern, zinst von eig. dem Clingental 6sh. 12becher bonen der
thumpropter uf Burg, jtem dem Clingental 1 1/2 fl. abl. sonst frei.
um 50 ℔ widerk.",https://files.transkribus.eu/Get?id=SABDLQUJYBIFLKFBYMFNWIUS&fileType=view,dem Clingental ,Clingental ,0.9086622595787048,rel,Kloster Klingental,1.0,False
HGB_1_002_091,Aeschenvorstadt 10,2611590.873579534,1266958.0176755707,716c60bf-c952-4c8d-9de7-f1cd245a7d86_20240705,29,1509,"Peter Wysch der Bartscherer, u. seine Frau Elsin, verkaufen
an die Lütkilchen s. Martin, 2 1/2 ℔ jährl zinses, ab jrem Hus &
Hofstatt mit dem garten darhinder, in Eschemervorstatt, zwüschen
Michel beriger des seylers u. Ulrich Vennenberg des husfürers
hüsern, zinst von eig. dem Clingental 6sh. 12becher bonen der
thumpropter uf Burg, jtem dem Clingental 1 1/2 fl. abl. sonst frei.
um 50 ℔ widerk.",https://files.transkribus.eu/Get?id=SABDLQUJYBIFLKFBYMFNWIUS&fileType=view,dem Clingental ,Clingental ,0.883386105298996,rel,Kloster Klingental,1.0,False
HGB_1_002_091,Aeschenvorstadt 10,2611590.873579534,1266958.0176755707,01792431-8fa6-48d9-94db-26d4dc003ae0_20240705,31,1519,"Peter Wynrich der scherer, u. seine Frau Elspeth, verkaufen
an das gotshaus maria magdalena an den Steinen, 1 ℔ 5 sh.
jährl zinses, ab jrem hus u. hofstatt mit samt dem garten
darhinder, in Eschamer vorstatt, zwüschen Heinrichen Müngers
des seilers und Venenberg des Brotbecken hüsen glegen, zinset von
eig. der tumprobstit der hohen Stift Urbecher bonen, u. den Frauen zu
Clingental 2 ℔ 6sh. sonst frei, sum 40 fl.",https://files.transkribus.eu/Get?id=CQJGFIGNBDDCSFIHNSURTCVF&fileType=view,den Frauen zu Clingental ,Frauen zu Clingental ,0.9947393834590912,rel,Kloster Klingental,1.0,False
HGB_1_002_093,Aeschenvorstadt 14,2611596.4335787883,1266949.4424581188,7fc1ed63-2132-4da6-a47c-f2741d8c0517_20240705,11,1465,"Do verzigent sich Bride, Claus Morin des Hubsmids
ewirtin, u Hanns von Arz jr vogt, des Widemen
u allen der rechten so derselb Claus Möi der erstgenanten
siner efrau geben hat, um dem Hus & Hofstatt genant
zem Widersshorn, als das in der vorstatt ze Eschemerthor
zwüschen Conrats von Menningen sel des Brotbeken, u.
Clewin Gotzschis des Karrers hus gelegen ist, zinset jährl
voneig. zu S. Peter 2fl u. 15sh. u. zu Clingental jährl 3fl.
gelts, ist alles widerk.
macht dem Ludwig von Werd jren sin, des obgemelt
sin Hus zem Widerhorn",https://files.transkribus.eu/Get?id=CGKAATZBAGDZODMOJDPXQLGW&fileType=view,Clingental ,Clingental ,0.8952512145042419,rel,Kloster Klingental,1.0,False
HGB_1_002_093,Aeschenvorstadt 14,2611596.4335787883,1266949.4424581188,25785426-59fb-4fd9-a397-32b52a3a4036_20240705,15,1513,"Adelheit, wil Heinrich von Werd des Goldschmids sebuwe.
u. derselben Kinder Calle aufgezahlt, verkaufen an Jacoben Liecht.
Beschenvorstysen den Hufschmid u. seine Frau Enneli, das Hus u. Hofstatt genant
Bects geschenvorst
ze Widersshorn, mit dem gärtlin darhinder, in Spalenvorstatt, gegen
der Herberg zum Rapen über, zwüschen dem Hus zum Kung zu einer,
u. Blesy Wysslenli des gartners schüren u. gesess zu anden siten glegen,
ist, zinst dem Stift s. Peter 30 sh. von eig. 10sh. zu erschatz, sodan gand
auch denselben henen darab 2fl jährl gelts, doch sind dise beide zins
u. erschatz abzulösen mit 60 fl. jtem gat ab diesen hus den Glocknern
der hohen Stift jährl 1/2 veizel Dinckel, u. dem thunpropst vom gertli
einbecher bonen in Jacob Vermenberg des Brotbecken tregerge, u. zuletst sol
man jährl geben dem Clingental 3 fl abl. mit 60 fl. sonstfrei, sum 25 fl.
der Schaffner der Stift s. Peter willigt ein.",https://files.transkribus.eu/Get?id=OXUCJHTWHPFPCLJEUWWNMBYK&fileType=view,dem Clingental ,Clingental ,0.9494101703166962,rel,Kloster Klingental,1.0,False
HGB_1_002_096,Aeschenvorstadt 18,2611605.8615032975,1266934.0265282847,38e37b00-f3c1-4d89-847d-169e38af3c84_20240705,11,1448,"Burckart Weber der schuhmacher u seine Frau Angnes,
u. Heinrich Vischer der Kessler u seine Frau Adelheid
verkaufen an Clausen Dispach der schuhmacher, daz Hus
u. Hofstatt genant zem Haffen, so gelegen ist in der
vorstatt ze Eschennerthor nebent dem Hus zem Windershorn
zeremersiten ư zer andern siten neben dem Hus zem Frachen
zinset voneig dem Trumproht Abecher Bonen, so den gend.
Joh darab zu Clingental fl widerk, um 175 fl.",https://files.transkribus.eu/Get?id=XMAOVALZTAEWNHFMLVTONGLR&fileType=view,Clingental ,Clingental ,0.9498401284217834,rel,Kloster Klingental,1.0,False
HGB_1_002_096,Aeschenvorstadt 18,2611605.8615032975,1266934.0265282847,91c91595-866b-4b4f-99eb-b8b1b0fe3a2b_20240705,20,1481,"Heinrich Fischer der Kessler verkauft an die
Ellenden Herberg, 1 fl ab sinem Hus & garten darhinder
in der vorstatt ze Eschemerthor, zwüschen Peter Hoptlis
des seilers hus ze einer, ư der goltschmen Hus zer andern
syten gelegen ist. zinst vormals voneig der Thumprobige
uf Burg 11 becherbonen u 3 1/2 fl. dem Clingental sind
widerk u ab andern güter, sum 20 fl. widerk.",https://files.transkribus.eu/Get?id=XVSHZFNMNKYHKOWXJPPEWXFU&fileType=view,dem Clingental ,Clingental ,0.9242523908615112,rel,Kloster Klingental,1.0,False
HGB_1_002_096,Aeschenvorstadt 18,2611605.8615032975,1266934.0265282847,0b5ee337-93eb-4a9c-8581-4712a1084523_20240705,24,1490,"Da git zu kaufen der Schaffner zu Clingenthal, Cunraten
Gilgenzwig dem Schnider, ư seiner Frau Margrethen,
das Hus & Hofstatt in der vorstatt ze Eschemerthor
zwuschen dem Hus zum Tracken, ư dem Hus zum Widers¬
horn gelegen ist, zinst voneig. 11 Becher Bonen einem
Gumpropst der hohen Stift, sodan sol man jährl. geben,
den obgemelten frauen zu Clingental 3 1/2 fl widerk. u. 1/2 fl.
der Ellenden Herberg, u. andere güter, um 2 ℔",https://files.transkribus.eu/Get?id=FMTOAZBHVNEGCHGWRVIGNJGP&fileType=view,den obgemelten frauen zu Clingental ,frauen zu Clingental ,0.9920198798179627,rel,Kloster Klingental,1.0,False
HGB_1_002_096,Aeschenvorstadt 18,2611605.8615032975,1266934.0265282847,aa4b693b-6a63-4316-a889-928a9066081b_20240705,26,1501,"Conratt Gilgenzwig Meister der armen Kinden der Sander¬
siechen zu s. Jacob an der Birs, ư seine Frau Margreth,
verkaufen an Conraten Bomharten den Brotbecken, ư seine
Frau Margreth, das Hus & Hofstatt in der vorstatt ze
Eschemerthor, zwüschen dem Hus zum Tracken, ư dem Hus
zum Widerhorn gelegen ist, zinst voneig. 1 Becher Bonen an
die Tumpropstei der hohen Stift, sodan sol man davon geben
3 1/2 fl widerk. zu Clingental, sodan ist das bemelt Hus
verschriben mit einem garten ist 1/2 Juch. so von Eschemerthor
in der Kuchy, zwüschen der Frauen an den Steinen u. Jecklin,
Muldens guter gelegen ist, sum 12 fl der Ellenden Herberg,
sonstfrei, um 50 fl.",https://files.transkribus.eu/Get?id=SUBLMSJLSLHKWOGUAEDEIEUN&fileType=view,Clingental ,Clingental ,0.8377651572227478,rel,Kloster Klingental,1.0,False
HGB_1_002_104,Aeschenvorstadt 30,2611623.4864552794,1266899.173509881,3dcb7199-414e-4e8e-a95a-e073add49045_20240705,4,1417,"Item do gab ze kouffende Conr Küchler der
offlater burger etc. Thoman von Ulm dem
seiler und Greden siner efrowen das huse
und hofstat mit dem gertlin da hinder ge¬
legen ze Eschemer thor zwüschent Enginen
von He (Fortsetzung ist abgessen, und
Heintzman Schniders huse ist erbe von
der tumpropstie uff Burg ze Basel deren
da von gangent und man geben sol ei¬
nen sester vol bonen ouch gangent von
demselben huse und nemlich von der erbsch
1/2 ℔ (ist undentlich steht nämlich, 4 ℔
zinsph den frowen ze Klingental und den
herren von sant Alban 2 ℔ zinsph pro
summa 36 flory.
Gerichtsbuch der mehrern Stadt A 11.12.13.",https://files.transkribus.eu/Get?id=TAEIBUOTWKRCUPPKNDHUKFHV&fileType=view,den frowen ze Klingental ,frowen ze Klingental ,0.9888930767774582,rel,Kloster Klingental,1.0,False
HGB_1_002_104,Aeschenvorstadt 30,2611623.4864552794,1266899.173509881,341c6b74-cb9e-4350-87c4-b6b9d5aa3a0c_20240705,6,1439,"gend ze kaufen Ulrich Wernlin dersegkler Bgr. ze
lin u. seine Frau Elsbetha, Wernlin Ferenbach
dem seyler von Liestal, ư seine Frau Ennelin, das
Hus & Hofstatt mit dem garten derhinder, gelegen im
der vorstatt ze Eschemerthor, zwüschend Wernlin Rorers
u Claus Füfels des seylers husern u. garten
ist das Hus erb von der Thumproptye uf Burg der
jährl darab gat sester bonen, so gand von der erbsch.
den frowen von Clingenthal 1℔, ư ze s. Alban 10sh.
um 1200 fl.",https://files.transkribus.eu/Get?id=MXXPTKDJUMOVFXLGYKXITKMJ&fileType=view,den frowen von Clingenthal ,frowen von Clingenthal ,0.9886068105697632,rel,Kloster Klingental,1.0,False
HGB_1_018_026,Bäumleingasse 4,2611525.1790936207,1267125.925452245,443326b2-3c64-4141-97d9-360b60e64617_20240705,15,1527,"Cam Petri der tuckerherr u. seine Frau Anna selber,
verkaufen an Hansen Seldenhart den jungern den Küffer, die
beide Hüser, das clemer u. grosser, hinden u. vor, als die
hindenein andern, an den Schwellen, das grosser zwüschen dem Hus
zum Helden u. dem Hus zu blawenberg glegen, u. das clemer
vornen by dem jnwendigen Eschamertor zwüschen Suters des
schniders sel. hus u. morers hus gelegen, u. zum grossen und
Clemen Mülboum gnant sind, zinset das hus zum grossen Mülbom
voneig. der Presenz uff Burg 7sh. so zinsen dan die beide hüser
den Frauen zu Clingental 5 ℔, u. Ludwig Becherer ouch 5 ℔, sind
beid zins abl. sonstfrei, sum 127 fl.",https://files.transkribus.eu/Get?id=IOQGFPNWOJPVRZOLSAVTGZEY&fileType=view,den Frauen zu Clingental ,Frauen zu Clingental ,0.9610585868358612,rel,Kloster Klingental,1.0,True
HGB_1_133_014,"Münsterberg Theil von 1, Ecke und Mitte",2611467.947344356,1267188.0832690941,e1fe36dc-88e1-4373-b315-67ae77e78169_20240705,10,1517,"Andres Suchdentrunck der Kannengiesser, u. seine Frau Bryda,
verkaufen an Clara wyl. Michel Müllers des schuchmachers sel.
Witwe, u. ihre Kinder, die beide huser mit samt dem Keller, das
ein zum geylen Münch, das ander zum Spiellen, u. der Keller Kesslers
Keller genant ist der Keller under dem Hus zum geylen Münch zu die
beide hüser aneinander an den Swellen am Eck, vor dem Affenbrunnen
über an Schaltenbrands hus u. dem Hus genant Oberwyler glegen,
zinst das Hus z geyl. Münch von eig. der Presenz uf Burg alle fronfasten 8sh. 6dn
u. 4ring brot ze wysung, u. 3sh zu erschatz, so zinsset das hus zur Spellen
von eig. derselben Presenz allefronfasten 7sh. ouch 4ring brot ze wysung
so zinset der Keller auch der Presenz jährl 3 ℔ 18 den 1ring brd ze wysung,
u. 171/2sh. ze erschatz, sodan sol man von beiden husern desgl ab einem
Rebacker von Eschamerthor uff dem graben glegen, dem Clingenthal 1 ℔.
ist abl. u. dan aber von dem Hus zum geylen Münch jnsonden 1 fl ist abl.
sonstfrei, um 100 ℔. der Presenzer uf Burg milligt ein.",https://files.transkribus.eu/Get?id=DZSJTGIVHOPKXKCICSDOTAYR&fileType=view,dem Clingenthal ,Clingenthal ,0.9896719753742218,rel,Kloster Klingental,1.0,False
HGB_1_133_025,Münsterberg Theil von 2 neben Freiestrasse,2611479.6369357174,1267175.1510803597,7ac85b66-e26d-4f2d-9319-6ea8f14d0cc3_20240705,18,1486,"Meister Heinrich Clinggenberg der schumacher,
der Reten, u. seine Frau Margret, verkaufen an
Hanns von Waltkilch den schmacher, & seine Frau
Münsterbe Margret, 2 ℔ gelts jährl. ab jren beiden husern genant
zer schuffgen und zem Horn by Spitalsbrunnen über
zwüschen dem Hus zer Krupffen ze einer, ư dem Hus
zem Vogelgesang zer andern siten gelegen sint, zinst
von eig. 3 1/2 sh. dem Spital, sodan 1 fl an die Ellenden
Herberg, & 1 ℔ 5 sh. an s. Joh. Brud. uf Burg, u. 1 ℔ zu
Clingental, mit alle dru widerk. ư ab andern güter,
um 40 ℔ widerk.",https://files.transkribus.eu/Get?id=UEIYZKKYCLOJWZWUSRJAAJRE&fileType=view,Clingental ,Clingental ,0.8625918030738831,rel,Kloster Klingental,1.0,False
HGB_1_133_026,Münsterberg Theil von 2 neben 4,2611479.6369357174,1267175.1510803597,eab78428-cf00-4186-92f0-556f06c2e222_20240705,20,1486,"Mr Henrich Clingenberg der Schumacher, der Reiten, &
seine Frem Marzset verkaufen an Hans von Walt
Kilch den Schumacher & seine Frau Margret 2 ℔.
Gelts jährl. ab jren beiden hüsern genant zer Schuff¬
ten und zum horn by Spitalsbrunnen über, zwüschen
dem hus zur Kupffen ze einer und dem hus zem Vogel¬
gesen zer andern Siten, zinst von Eig. 3 1/2ß den
Spital, sodan 1 fl. an die Ellenden Herberg und 1 ℔ 5ß
an S. Joh. Brud. uf Burg, und 1 ℔ zu Clingental, sit
alle 3 widerk., & ab andern Gütern, um 40 ℔ widerk.",https://files.transkribus.eu/Get?id=KYADHNYFVPMPTVOFOOMBYSAJ&fileType=view,Clingental ,Clingental ,0.9205336570739746,rel,Kloster Klingental,1.0,False
HGB_1_133_029,Münsterberg 6,2611481.0992941502,1267184.576779971,38a793ca-cdbb-4b23-9721-e74f95fa9d44_20240705,23,1521,"Angnes Klingenbergin, verkauft an Hans Heinrich Burckhart
den Wachtmeister, u. seine Frau Vroneka, das Hus u. Hofstatt
an den undern schwellen, zwüschen den hüsern zum schwartzen
Ochslin, u. dem indern Vogel, gesang glegen, u. zum oben Vogel,
gesang gnant ist, zinst dem Frauen zu Clingental 2 ℔ 6sh.
u. dem Spital 15 sh. sind beid zins abl. sonst frei, sum 42 ℔.",https://files.transkribus.eu/Get?id=KTWJGDKLDAOAWEETGSABDDLK&fileType=view,dem Frauen zu Clingental ,Frauen zu Clingental ,0.9908218681812286,rel,Kloster Klingental,1.0,False
HGB_1_133_029,Münsterberg 6,2611481.0992941502,1267184.576779971,d287c86d-9b44-48b2-9be0-d10134a909a6_20240705,24,1521,"Hans Heinrich Burckart der Wachtmeister, u. seine Frau
Proncka verkaufen an die Caplanei s. Stefans altar der hohen
Suft 2 1/2 ℔ jährl zinses ab jrem Hus u. Hofstatt, zwüschen
den husern zum schwartzen Schslin u. dem unden Vogelgesang,
glegen, u. zum obern Vogel gesang genant ist, zinst der Frauen
zu Clingental 2 ℔ 6sh. u. dem Spital 15sh. sodan ab jrem
zwenteil Rebacker vor Eschamerthor, zwüschen Doctor Silberberg
u. dem Schulmeister uf Burg glegen, zinst Herman Loching
Caplan zu s. Martin 1 ℔ 3sh. sodan ab jrem zwenleil Rebacker
vor Eschamerthor jm Keymer, zwüschen Lorenzen dem gerwer
u. Hansen Beckel dem Müller glegen, zinst s. Michels altar
uf Burg 9Rappen von eig. sonstfrei, sum 50 ℔.
mit einem Nachtrag von 1534",https://files.transkribus.eu/Get?id=TDFQPEEVSMYRPXFJIYLXWQYU&fileType=view,der Frauen zu Clingental ,Frauen zu Clingental ,0.9779210686683655,rel,Kloster Klingental,1.0,False
HGB_1_133_029,Münsterberg 6,2611481.0992941502,1267184.576779971,8ad69192-e8a0-44f0-967b-da4c1de7a348_20240705,31,1526,"Peter Mengen von Mülhusen, verkauft an Gerger Rickmeyger,
den schnider, u. seine Frau Barbra, das Hus u. Hofstat an den
undern swellen, by dem Spital, am Sprung, zwüschen den hüsern
Münsterberg zum swartzen Ochslin, u. zum nidern Vogelgang gelegen, und
zum obern Vogel gesang genant ist, zinset den frauen zu Clingental
2sh. 6den, dem Spital 15sh. u. an s. Steffans altar 2 1/2 ℔,
sind all drei abl.) sum 36 ℔.",https://files.transkribus.eu/Get?id=KPINWEJNWLFZEBKGPHZQMVEG&fileType=view,den frauen zu Clingental ,frauen zu Clingental ,0.9885980188846588,rel,Kloster Klingental,1.0,False
HGB_1_197_020,Spalenvorstadt Th. v. 3 neben 1,2610915.609271572,1267378.2989517553,1b40f4a2-d964-43aa-b756-44f46db86a2e_20240705,"10, 9",1408,"Item gab ze koffende Metzi wilent eliche
frome Hans Brotbecken dez zimbermans
burger ze Basel, Hans Jnster von Sierentz
demme brotbecken daz huse und hofstat
vor und hinder mit allen sinen rehten
und zugehörden so gelegen ist in der vor¬
stat an den Spalen ze Basel zwüschent Len¬
hart Mertzen dez schuchmachers und Wernli
Kernenbrotlis selig huse ist erbe von
frow Elsinen zer Sunnen so da eliche frowe
ist Peterman Andres von Hirtzbach edeln
kuehtes gesessen ze Mülhusen & git sin
Cappen 2 Martine 2 ze vaß und enkemen
(sic) erschatz wie dik sich die hant verwandelt
ein ℔ zinsph frow Clien von Waltzach einer
closterfrowen ze Klingental und 1 ring ze [sep] erschatz den
tumherren uf Burg 1 ℔ zen selge¬
te und der
bruds 15ß, umb 14 ℔. [sep] Brotbeck Joh, neben Th v. 3 Mitte auf S. v Th v. 3 neben
um 1400
Serentz Henni v. der Brotbeck neben Th. v. 1 neben 3
auf S. v. Th. v. 3 neben 7 um 1450
Fentz Henn, stor Eig v. Th v. 3 neben 1 Ao 1435",https://files.transkribus.eu/Get?id=RLNXITKMHGUDBYMKCXOLDATJ&fileType=view | https://files.transkribus.eu/Get?id=FCWCMZDQSYKDHABTSBDQAQJC&fileType=view,einer closterfrowen ze Klingental ,closterfrowen ze Klingental ,0.5200141184031963,rel,Kloster Klingental,1.0,False
HGB_1_197_020,Spalenvorstadt Th. v. 3 neben 1,2610915.609271572,1267378.2989517553,ecba1f88-e976-46f2-bff5-1272f167604d_20240705,"12, 13",1440,"git ze kaufen Hennin Zwyglin von Dietwilr, mit
willen Wernlin Zwyglin u. Heinrich Zwyglin siner sunen
u Claren siner tochter Heinrich Guldinknopffs ewirtin,
an Hansen Müller dem Zumberman, das Hus und
Hofstatt so gelegen ist in der vorstatt an den Spalen
nebend Tremers hus ze einer siten u. Siber zer andern
siten, mit dem Höfli u dam Garten derhinder, der
aber gelegen ist ze einer siten nebend Magstatt u.
zer andern siten nebent Rudin Schindler ư reichet
hinderus an der Stett Ringkmur,
zinst von
eig. ze Clingental 1 ℔, 1 ring brot wisung u. 5 sh erschatz,
soden zes. Peter 4 ℔ soden der Besenz uf Burg 1 ℔.
ư der Brudersch s. Joh. 15 sh. u. denne zer. Lienh 1 ℔
5sh.
um 250 fl.
fertigungsbuch pg 294.
am Randesteht: des hus sol um hinanthin genant sin
Gnnemburg [sep] Grünenburg = Th v. 3 neben 1 ao 1487
Müller hs. Eig v. Th. v 3 neben 1 ao 148
Keller Lenh, der Siebmacher Eig v. Th. v.
1 neben 3 nach 1400
Thuners hus = Th. v. 3 neben 5 Ao 1588",https://files.transkribus.eu/Get?id=XUPNXIQILOFVPLDERBGMOJZN&fileType=view | https://files.transkribus.eu/Get?id=UQDMSMFITZADJRDAUILDXTRR&fileType=view,Clingental ,Clingental ,0.9502239227294922,rel,Kloster Klingental,1.0,False
HGB_1_197_020,Spalenvorstadt Th. v. 3 neben 1,2610915.609271572,1267378.2989517553,9b6a7ec3-4fca-4730-acaf-ad249dc4c81f_20240705,24,1487,"Ersalin Hesinger wyl. Heinrich Hesingers sel.
tochter, verkauft an Hanns Oserich von Syrentz
ư seine Frau Agnes, das Hus Hof schüren gartten,
darhinder, genant Grünenburg, als die aneinander
in der vorstatt Spalen, zwüschen Steffen Huffe ze
einer, und des Sybmachers huseren zer andern siten gelegen
sint, zinset von eig. dem Clingental 1 ℔ 1 ring Brot
ze wisung, ư 5 sh erschatz, jtem zu s. Peter 4 zinsdn.
jtem aber gen s. Peter 2fl widerk sodan der Presentz
uf Burg 1 ℔. stein s. Joh Brudersch uf Burg, 15 sh. u. den
heuen zu s. Lienhart 1 ℔ 5 sh. sonstfrei, um 100 fl.",https://files.transkribus.eu/Get?id=UPQWOGOKJXVWITANFVLJPFEH&fileType=view,dem Clingental ,Clingental ,0.9676899611949921,rel,Kloster Klingental,1.0,False
HGB_1_197_020,Spalenvorstadt Th. v. 3 neben 1,2610915.609271572,1267378.2989517553,961b4138-ad1a-4a15-b9c8-b211850add2b_20240705,35,1509,"Cunrat Hünenberg der Wirt jnwoner zu Serenz, u. seine
Frau Margreth, verkaufen an Steffan Hass den Haffner,
das Hus & Hofstatt mit dem garten darhinder, in Spalen,
vorstatt gegen, dem closter Gnadenthal über, zwüschen den hüsern
Magstat, u. zum Dugstein gelegen, u. Grünenburg genant ist,
zinst jährl. zu s. Peter 4 ℔ voneig. 1ring brot ze wysung u. 5sh.
erschatz, ư willigt der Schaffner im, u. desgl. dem Clingenthal 10sh.
1 ring brot ze wysung, u. 5sh. erschatz, willigt der Schaffnern,
sodan auch von Jarziten wegen jährl der hohen Stift 1 ℔. jtem
der Bruderschaft s. Johans capell uff Burg 15sh. jtem zu s. Lienhart
12 1/2ss u. willigen die Schaffner ein, u. zuletst der Ellenden Herberg
3 ℔ widerk. sonstfrei, sum 15 ℔.",https://files.transkribus.eu/Get?id=YYONQKZFYBOXAMNIHMZNALAB&fileType=view,dem Clingenthal ,Clingenthal ,0.9417374134063721,rel,Kloster Klingental,1.0,False
HGB_1_197_020,Spalenvorstadt Th. v. 3 neben 1,2610915.609271572,1267378.2989517553,7fd86b33-fded-47a8-80e1-7c801e51a647_20240705,37,1511,"Steffan Hass verkauft an Jacob Metzger den Wut, sesshaft
zu Bartenheim, u. seine Frau Adelheiten, das Hus & Hofstatt mit
dem garten darhinder, in Spalenvorstatt, zwüschen den Hüsern zum
Dugstein zu einer, u. Magstatt zur andern siten gelegen, u.
Grünenberg genant ist, zinst jährl. zu s. Peter 4 ℔ 1 ring bro
ze wysung, u. 5sh erschatz, sodan dem Clingenthal 10sh. 1 ring brot
ze wysung, u. 5sh. erschatz, Item von Jarziten wegen der Presenz
uf Burg 1 ℔ jtem 15sh. s. Johans Binderschaft uf Burg, u. zuletst
der Stift s. Lienhart 12 1/2sh. sonst frey. um 90 ℔.",https://files.transkribus.eu/Get?id=OKFGAHZKJUDYGXCTNXBNYHCF&fileType=view,dem Clingenthal ,Clingenthal ,0.6946083307266235,rel,Kloster Klingental,1.0,False
HGB_1_197_076,Spalenvorstadt 24,2610817.5109923463,1267443.9972907226,14bdf9fc-ca21-4ff8-be6a-86eb503606ce_20240705,8,1494,"Hanns von Oltingen der Huberschmid u seine Frau
Margreth, verkauft an den Spital 2 1/2 ℔ jährl zinses,
ab dem Hus Hofstatt & gartten, in der vorstat an Spalen,
zwüschen Steffan Gersters des pflugers u Hanns Kun.
bergs des Rebknechts husern gelegen ist, zinst den Predigern
von eig. 17sh. u. Jos Hug 2fl gelts, abl. ư dem Clingental
2 vienzal Korns abl. mit 23 ℔. ư ab andern gutter,
um 50 ℔ widerk.",https://files.transkribus.eu/Get?id=LBFGCBKBORYLUBEZJOYFCTXH&fileType=view,dem Clingental ,Clingental ,0.9539471864700317,rel,Kloster Klingental,1.0,False
HGB_1_197_076,Spalenvorstadt 24,2610817.5109923463,1267443.9972907226,cfabd546-527a-467f-8731-e254b7f5ce0b_20240705,11,1498,"Da geben zu kaufen Mr. Ludwig Kopp der Reten u.
Hanns von Eltingen der Hubsmid fu einander,
der Ellenden Herberg, 5 ℔ jährl ab
Soden ab Hansen von Oltingen sesshus mit dem hindern
hus & hofstatt, in der vorstatt, an den Spalen, zwüschen
den husern Meyenberg und Nürenberg des Kornmessers
hus gelegen ist, zinst von eig. 17sh. den Predigern, soden
sol man davon geben 2 fl. dem Clingental, 2 Dreinzel Korn¬
gelts dem Spittel 2fl widerk.
um 150 ℔ widerk.",https://files.transkribus.eu/Get?id=ASIZYAKYAOWFCXAOGKKWSQCP&fileType=view,dem Clingental ,Clingental ,0.9803197681903839,rel,Kloster Klingental,1.0,False
HGB_1_197_078,Spalenvorstadt 26,2610811.356468359,1267447.4471237722,34c68d2e-97c9-416c-89bb-6d462132205f_20240705,10,1460,"gevertiget anno capmo Sabto Ƿ Vincencie.
Thoman büheler Cotticlauer u. jnnamen der Capall amen
zu s. Peter, verkauft an Johannsen Morlet dem
Kelchherrn zu Lander, das Hus Hofstatt stallung und
garten, genant Meigenberg
in der vorstatt an den
Spalen, zwuschent Hannsen von Waltenheins u. ellarten
des Hafners hüsern gelegen ist, ư stosset hinder us uff
den plaz als man über den gattern gat, ist erbe
von den Closterfrowen zu Gnadental, 4 1/2 ℔. ư 12 sh erschatz
u. andere güter, sum 140 fl.",https://files.transkribus.eu/Get?id=ZSSFCHAWQJASERZZFKJQYXLB&fileType=view,den Closterfrowen zu Gnadental ,Closterfrowen zu Gnadental ,0.9933265000581741,rel,Kloster Klingental,1.0,False
HGB_1_050_015,Eisengasse 7,2611269.7132931165,1267639.7015330566,a7fb6766-7a82-41ef-afdf-c3b39de3c7a6_20240705,"17, 18",1528,"Sebastian Hertenstein der treyer, u. seine Fau Appolonca, vertauschen
jre Müli, Hus u. Hofstat genant Rumelismühn, gegen der Badstub
zum Mülinstein über zwüschen den Hüsern zum schwarzen thurn
u. Roggenberg gelegen, stosst hinden uff s. Lienhartsberg, zinst
von eig. dem Clingental 2 viertzel Rocken 1 viertzel Kernengells
sodan 2 Huner zu wysung, u. 10 sh. zu erschatz, u. zinset dan
Hansen Meyslerlin dem Müller zu Rinfelden 3 ℔, sind abl. an
Jacob Kenster den Müller, u. seine Frau Agtha wid derselben
Hus u. Hofstat genant zum Hüwen uff Jsengassen, gegen dem
Hus zum Bylger über, zwüschen Spywesters Hus, u. dem Hus
zum Rotenberg gelegen, zinset von eig. der Presenzuft Burg 2ß.
an die Bermenterige daselles einen ornen rot wins, sodan Jorgen
Satzman Caplan uff Burg von wegen siner Caplanei 2 fl. u. an
der München Caplanie uf Burg 3 fl. sind berd zins abl. sonst frei.
unter gewüssen Bedingungen, Keusler hat dem Hertenstein mich [sep] 150 fl. zu zahlen, was er schuldig pliben sind:",https://files.transkribus.eu/Get?id=BXUEJVWLJFVNMWZWZCTHIXOJ&fileType=view | https://files.transkribus.eu/Get?id=ZCKODETGNXSYGNRGHHYIXDJO&fileType=view,dem Clingental ,Clingental ,0.9203520119190216,rel,Kloster Klingental,1.0,False
HGB_1_050_023,Eisengasse 15,2611268.1773892003,1267625.3501542083,95c8f863-2ee3-469c-ab1a-325933f9feb8_20240705,5,1444,"Ulrich Allerhand der Winman u. Elsin sin ewirtin,
verkaufen an Ludman Meltinger 7 1/2 fl ab irem
Hus & Hofstatt dem hinden u dem vordern so genant ist
ze s. Johanns ư gelegen ist uf Ysengassen, nebend der
Chunen hus ze einer siten, ư zer andern siten neben dem
Hus zem Kupferthurn, ist erb von der dormentt uf Burg
dene jährl darab gand domen rots zins, u denne gat
darab den frowen ze Clingental 5 fl gelts, widerk mit 100 fl.
so vordert Frow Ursell von Löffen von Hallwilr 1 fl. u. tort
Geltes¬
um 150 fl. widerk.",https://files.transkribus.eu/Get?id=BDPJOLAVVVBRCEEIHZJQRREP&fileType=view,den frowen ze Clingental ,frowen ze Clingental ,0.993057057261467,rel,Kloster Klingental,1.0,False
HGB_1_050_024,Eisengasse 15,2611259.7834770894,1267619.8883210006,a8c3bd84-d5c3-4ec3-b271-104445adba2a_20240705,7,1511,"Symon Biderman der Stat Koufeler, u. seine Frau Enneli,
verkaufen an Jacob Suracher den Schuchmacher, u. seine Frau
Anna, das halb hus u. hofstatt, u. usgang uff s. Martinsberg,
wie das geteilt u. unterscheiden u. zur Cnenhus genant ist,
uff Ysengassen, nach den teil an dem hus zu sant Johans zu einer,
u. zur andern siten an des Käufers teil u. hus gelegen, zinst solich
hus u. teil jährl 18 den an die Presenz der hohen Stift von eig. sodan
gutt auch darab dem Clingental 5 fl. jtem zu s. Peter 1 ℔ u. zuletst
der Scherer Knechten Bruderschaft auch 1 ℔. sind alle abl. sonst frei,
um 85 ℔.",https://files.transkribus.eu/Get?id=QPKIGPYDSUUFXKEPHWRFAKXL&fileType=view,dem Clingental ,Clingental ,0.8357836604118347,rel,Kloster Klingental,1.0,False
HGB_1_050_024,Eisengasse 15,2611259.7834770894,1267619.8883210006,12c4a343-f077-4592-8589-636488efefa2_20240705,8,1515,"Jacob Suracher der Schuchmacher, der Reten, verkauft
an Enneli wyl. Symon Bydermanns des Stattkouflers sel. Wwe
jährl. zins u. gült 1 ℔, ab sinem halben hus u. hofstatt, wie
das geteilt u. underscheiden, u. zum Cunen hus genant ist, uff
Ysengassen, naml dem teil an dem hus s. Johanns zu einer,
u. zur andern siten an siner des Verkäufers teil u. Hus gelegen,
zinst solicher seil. ư hus jährl 18 dn. an die Presenz der hohen Stift,
von eig. sodan gat darab dem Clingental 5 fl ư zuletst
dem Stift s. Peter 1 ℔, sonst frei, sum 20 ℔, widerk.",https://files.transkribus.eu/Get?id=SAPGDQZELZZFTXJPTRYMTXSB&fileType=view,dem Clingental ,Clingental ,0.6829083859920502,rel,Kloster Klingental,1.0,False
HGB_1_050_028,Eisengasse 19,2611238.624125033,1267607.7875232522,d542cc3a-9671-4c79-8049-6a258ae204db_20240705,29,1478,"Item gend zu koffend frow Angnes Stroglin
Oßwald Stroglins des ziegler ewirtin mit wissen
und willen, soden Heyni Haß und Bartlome
Has sin sin von Stetten als mitverkoffere
Oßwald Holtzach dem koffman burger, 2 guldin
geltz jerlichen zu gebende von uff und ab der
4 gulden geltes so si hand uff dem huß zer
kalten Fel nach eins briefs sag, der si zu me
rer sicherkeit hander in geleit hat darnach ire
agker des nin juchart und anemander gele¬
gen sind oben uß gegen Bugßmans mur
unden und oben an Clewe Hußler zinsend
5ß den frowen zu Clingental und 2 1/2ß
oder sovil sich erfundet och den fromen, pr
sum 46 ℔.",https://files.transkribus.eu/Get?id=RECHQSIFWVGPOCOXBCKWJSWZ&fileType=view,den frowen zu Clingental ,frowen zu Clingental ,0.9431807100772858,rel,Kloster Klingental,1.0,False
HGB_1_050_047,"Eisengasse Theil von 14 (neben 12/ 1538, 12/ 1539)",2611244.048837873,1267633.8933169264,8042cedf-60a6-4040-8de9-795e1360efe7_20240705,8,1441,"Heinrich Grüninger der Brotbegk als Hptverk.
u Hans Grüniger ouch ein Brotbegk u. Gred sin ewirtin
sin vatter u. mitter als mitverk. gend ze kaufen
Hansen von Münster 5 fl gelts, ab d Hptbeck Hus
u. Hofstatt genant des Kellers hus, so gelegen ist uf
Ysengassen ze einer siten, nebend dem Hus zem Holder
ư zer andern siten och nebend Kellers hus, zinset dem
frowen von Klingental voneig. 15sh. ư dem gotshus & Martin
2 becher dis, um 100 fl.",https://files.transkribus.eu/Get?id=YIWUFLUTSWHIYCHUYAIPXVBC&fileType=view,dem frowen von Klingental ,frowen von Klingental ,0.9865814596414566,rel,Kloster Klingental,1.0,False
HGB_1_050_047,"Eisengasse Theil von 14 (neben 12/ 1538, 12/ 1539)",2611244.048837873,1267633.8933169264,3ab1da25-7df5-44d1-aa8f-4060d0792e30_20240705,26,1472,"Peter Hans von Rotenberg Wagmeister & seine Frau
Ursal, verkaufen an Heinrich Hochgesang den Koch
1545
ư seine Frau Gerdruten, das Hus & Hofstatt genant
Kellershus, uff Ysengassen, zwüschen dem Hus zem Holder
u Jkr. Jacob Waltenheins huse gelegen ist, zinset 15 sh.
den Predigern, 7 1/2sh erschatz, & emass olis an die lütkilchen
schartin, sodan sol man jährl. geben dem Clingental 5 fl.
jtem den Predigern 2 fl. an dem Spital ach 2fl. mit alle
widerk mit 180 fl. sonstfrei um 2 1/2 ℔.",https://files.transkribus.eu/Get?id=NAAODDTJYYIAURGPBYCAYXAH&fileType=view,dem Clingental ,Clingental ,0.9895117282867432,rel,Kloster Klingental,1.0,False
HGB_1_050_047,"Eisengasse Theil von 14 (neben 12/ 1538, 12/ 1539)",2611244.048837873,1267633.8933169264,ec88a196-7bba-4ab1-9cba-f009180c72e2_20240705,28,1474,"Peter Hanns von Rotenberg der alt Wogmeister,
& seine Frau Ursal, verkaufen an Ulrich Allerhand
den treiger u seine Frau Ottilgen, das Hus & Hofstatt
genant Kemlers hus, uff
Ysengassen, zwuschen dem
kleinen Holder ze einer, u Jacob Waltenheins huse
zer andern siten, zinset voneig. 15 sh. den Predigern, ư zwo
mass ölis zu s. Martin, sodan zu Clingental 5 fl gelts
widerk mit 100 fl. & aber den Predigen 2 fl widerk mit 60 fl.
ư zuletst 2fl widerk mit 40 fl. dem Spital
um 2 1/2 ß.",https://files.transkribus.eu/Get?id=YGGWCLULLDDKEUSUHVJWLBRW&fileType=view,Clingental ,Clingental ,0.8097907900810242,rel,Kloster Klingental,1.0,False
HGB_1_050_048,Eisengasse Theil von 14 (neben 16/1541),2611244.048837873,1267633.8933169264,968926d2-a203-4bb6-a745-adce909d3f7f_20240705,3,1437,"Benz Grüninger der schumacher u. Grede sin ewirtin,
verkaufen an Jacob Waltenhein 1 1/2 fl gelts
ab dem halben teil sins huses u. hofstatt genant
Bemers hus und auch der Kelts, gelegen uf Ysengassen.
nebend dem Hus zem Kupferthurn gelenersiten, u.
dem Hus zem Roller ger andern siten, zinset voneig.
denfrowen ze Clingental 15sh. u dem gotshus s. Martin
Zechendlis sust ist es verbinden by 195 fl
nemle dem Schun von Phird 80 fl. u. 40 ℔ sodenne dem
Augustinem 30fl. wisu um 30flunderk.",https://files.transkribus.eu/Get?id=TNUEMXEITHKLBIUASEZQGQIA&fileType=view,denfrowen ze Clingental ,denfrowen ze Clingental ,0.8683710098266602,rel,Kloster Klingental,0.9805449087957686,False
HGB_1_050_068,Eisengasse 38,2611204.946608928,1267571.6001178664,ee02bfaa-c495-404a-91c1-69c4158da288_20240705,28,1458,"Do gab ze kaufen Heinrich turst sutor auch als vogt
Walther u. Jacob tursten siner vogtsmen, errich bruder
Peter Gentbruder des gotshus zu Schöntal, Hanns u. Velts
tursten alleff gebruder des gen. Heinrich tursten,
an Werlin zem Walde, das Hus & Hofstatt genant.
Rechstein by der Nüwenbrugk uff Jsengassen gelegen
ist, einsit neben dem Huse Engelburg u andersite
nebent dem Huse genant Lichtenstein, zinset voneig.
Lux Gebharten 1 ℔ 3sh. ư dem Spital 33sh. u. 2ring brot
ze wisung ư dem 5 sh erschatz, soden 4 fl. zu Clingental
widerk mit 80 fl. sonstfrei, sum 40 fl.",https://files.transkribus.eu/Get?id=RENLYKDWPJWJJYVSMFJGQIWG&fileType=view,Clingental ,Clingental ,0.932304859161377,rel,Kloster Klingental,1.0,False
HGB_1_050_068,Eisengasse 38,2611204.946608928,1267571.6001178664,04c0ce29-bf19-4c3d-97e3-9309a1275b7b_20240705,38,1490,"Herman Sydensticker verkauft an Heinrich Muntzinger,
den Goldsmid u seine Frau Ennelin, das Hus &
Hofstatt uff Ysengassen, by der nüwen brig, zwüschen
den Hüsern Liechtenstein ư dem Hus zu der Engelburg
gelegen, u. Rechstein genant ist, zinst voneig. dem
Spital 3sh. ư 2ring Brot ze wisung, u. 5 sh erschatz,
u. den herren s. Martin 1 ℔ 7sh. sodan sol man geben 3fl.
dem Clingental widerk mit 60 fl. sonstfrei, sum 55 fl.",https://files.transkribus.eu/Get?id=PLVPGASNOFXVBSOGFCBGOMUP&fileType=view,dem Clingental ,Clingental ,0.9239522218704224,rel,Kloster Klingental,1.0,False
HGB_1_050_068,Eisengasse 38,2611204.946608928,1267571.6001178664,451a83a7-624a-4596-adbc-e8cdce95c74b_20240705,40,1493,"Adam Wal von Nuwenburg, ư seine Frau Ennelin,
verkaufen an Niclao R Leonhardi pronn des Bischöfl
Hofs zu Basel, das Hus & Hofstatt by der nüwen
brug, zwüschen den Hüsern Liechtenstein, ư zer
Engelburg, vor dem Hus zer Linden über gelegen, u.
Rechstein genant ist, zinst voneig dem Spital 32sh.
u. 2ring brot ze wysung, u. 5 sh erschatz, jtem Hanns
Bachen Caplan zu s. Martin 1℔ 7sh. nonor, sodan 3fl.
widerk. zu Clingenthal, sonstfrei, sum 47 fl.",https://files.transkribus.eu/Get?id=JIDARNMDSDSHDWJXWICPAZWL&fileType=view,Clingenthal ,Clingenthal ,0.9322866201400757,rel,Kloster Klingental,1.0,False
HGB_1_050_068,Eisengasse 38,2611204.946608928,1267571.6001178664,1fa2e21c-6d42-42e5-bf9e-505535175f5e_20240705,44,1502,"Conratt Rinsperg der schuchmacher, u. seine Frau Marg.
Frau Elsy, das Hus & Hofstatt by der nüwen prugk.
zwüschen den hüsern liechtenstein, u Engelburg gelegen,
38/1557 u. Rechstein genant ist, zinst dem Spittel von eig. 32 sh. unorl
zwen ring brot ze wisung, ư 5 sh erschatz, sodann an ein pfrund
zu s. Martin ℔ 7sh. u. 4 den sodan sol man davon geben 3fl
widerk mit 60 fl. dem Clingental, an Marg Henelhofer 1 ℔ auch
widerkäufig mit 20 ℔, sonst frei, sum 82 fl.",https://files.transkribus.eu/Get?id=BFHIJEEXFQKCRMHQYJJJYZTS&fileType=view,dem Clingental ,Clingental ,0.9097940325737,rel,Kloster Klingental,1.0,False
HGB_1_010_046,St. Alban-Vorstadt Theil von 17 neben 19 und 2. Haus n. 19,2611841.3388063177,1267122.881907814,a9ef6d3b-76fa-49f6-92a5-6ea87d2abcb0_20240705,19,1485,"Conrat Stubenweg & seine Frau Verena, ver¬
Albanvorstadt kaufen an Hanns Hiltprand den Wechsler der Resen,
ư seine Frau Magdalen, das Hus & Hofstatt
genant zem heilgen geist, in der vorstatt zu s. Alban,
zwüschen Jkr. Frantzen von Lenen ze einer, ư Conrat
tugis husern zer andern siten gelegen ist, zinst jährl
voneig. 33sh. den Presentz uf Burg, & dem Corvent
s. Alban 8sh. u dem Probst s. Alban Thuner ze Thouwer
alles von eig, sodan ist es haft mit dem Hus genant
zum blauwen Vogel gelegen am Kornmerkt, gegen
den frauen zu Clingental zu 5 fl. widerk mit 100 fl.
u. ist Ludwig Seiger ein mitschuldner
um 80℔.",https://files.transkribus.eu/Get?id=EJFCLTSTEIXFKGQMMCCEWBTX&fileType=view,den frauen zu Clingental ,frauen zu Clingental ,0.9888342171907425,rel,Kloster Klingental,1.0,False
HGB_1_010_139,St. Alban-Vorstadt 60,2612034.9423602466,1267068.8046724957,e26a7e09-0e93-4c27-a7f1-c570e6a865c1_20240705,6,1442,"gend ze kaufen Cunrat Hüglin der Rebman,
u. Angnes sin ewirtin, an die gartnern Zunft
2fl gelts, ab dem Hus schuren u. Trotten darn,
ư dem gertlin derhinder, zinset voneig. der Beserzuf Burg
8 sh. u. 2 huner, u. 2 1/2 fl. den frauen ze Clingental
widerk mit 38 fl. als es gelegen in der vorstatt ze
sant Alban nebend Bartz des Karrers zeener siten,
u dem weg der uf dem alten graben in die malzgassen
gat an dem ort zer andern siten, ư ab andern Güter,
um 40 fl. widerk.",https://files.transkribus.eu/Get?id=XRECYUVTSVHQONZJKBTVCOBB&fileType=view,den frauen ze Clingental ,frauen ze Clingental ,0.9907911419868469,rel,Kloster Klingental,1.0,False
HGB_1_010_140,St. Alban-Vorstadt 62,2612040.914492762,1267066.1340368313,6935dea1-d6e6-4b92-8f35-d01b5488931b_20240705,5,1442,"gend ze kaufen Cunrat Hüglin der Rebman,
u. Angnes sin ewirtin, an die gartnern Zunft
2 fl gelts, ab dem Hus schüren u. Trotten
darin, u. dem gertlin derhinder, zinset von eig.
der Presenz uf Burg 8 sh u. 2 hmer, u. 2 1/2 fl.
den Frauen ze Clingental widerk. mit 38 fl.
als es gelegen in der vorstatt ze sant Alban
nebend Bartz des Karrers ze einer siten
u. dem weg der uf dem alten Graben in die
malzgassen gat an dem ort zer ander siten
d. ab andern Güter,
um 40 fl. widerk.",https://files.transkribus.eu/Get?id=BDEJKJYFMMAKELOVHRTSEZCX&fileType=view,den Frauen ze Clingental ,Frauen ze Clingental ,0.9929597228765488,rel,Kloster Klingental,1.0,False
HGB_1_008_034,St. Alban-Tal 39,2612388.7417826806,1267089.8021047334,868ba0b0-0b93-4d15-9a17-949e9fa665ba_20240705,41,1515,"Hanns Schafflinser der Bapyrer, u seine Frau Bryda ver¬
kaufen an Othmann Groffenn den gwandtman, 10 fl jährl zinses,
ab jrem Tesshus, Hof, Schüren, Hofstatt, u. der Bapyrmüli, samt
dem Garten, in s. Albanvorstatt, jm Schynndelhof, am Egk gegen
Mr. Hanns Lufft von Ettingen Bapyrmüli über glegen, u.
Zossers müli genant ist, sodan die grechtigkeit des Holtzes u.
Matten, so die gedacht Müller von alterhar gehept u. noch als ander
Mülinen zu s. Alban hat, zu s. Jacob zwüschent der Birs, u. s. Albans
dich glegen, zinnst jährl voneig. zu s. Alban 3 Seck Korn neml
1 1/2 beck Kernen u. 1 1/2 Sack Mülikorn, ein hower u. 1 hun, sodan
zu Clingental, 5 fl. sodan Peter Rürgysen dem Schnyd 5 fl u.
zuletst 9 fl. wyl Mr. Jerg Fullen des Scherers der Raten sel. Wittib
sonst frei, um 200 fl widerk.",https://files.transkribus.eu/Get?id=JTHCMGEZKDEPNRSEXLKLPYNX&fileType=view,Clingental ,Clingental ,0.907652735710144,rel,Kloster Klingental,1.0,False
HGB_1_159_025,Rheingasse Th. v. 3 neben 5,2611503.1736354246,1267790.1215433837,fad10da1-37ca-432c-881a-e731b7f04911_20240705,6,1424,"Item gebent ze kouffen Eberlin Roßlin der
hafengiesser und Gred sin elich frow Han-
sen Kübler civi, daz hus und hofstat mit
iren zugehörden genant Henenberg sit in
minren Basel zwüschent hüsern zem Sneg¬
gen und Kegklin hus genant in der
Ringassen vor sant Niclaus cappellen über
ist erbe von den raten ze Basel den man
jerlich daran git 35ß zinßd Martini, Joh
Wahinger notar minren Basel consensit
und über den selben zins sol man jerli
richten und geben den closterfrowen ze
Klingental 3 guld geltz jerlich zinses kouff
und widerkoffig mit 60 guldin und ist
dirre kouff beschechen umb hundert guldin",https://files.transkribus.eu/Get?id=NCKCOEERZZMNJTNZGJPVPTQW&fileType=view,den closterfrowen ze Klingental ,closterfrowen ze Klingental ,0.954364150762558,rel,Kloster Klingental,1.0,False
HGB_1_159_032,Rheingasse 15,2611526.4759079535,1267760.898269996,3bc3c6c6-dd8b-488e-95a8-4fbc279d9f66_20240705,"17, 18",1463,"Item gend zu koffen Peterhans Schaler der
hafengiesser und Hans Diethelm genant von
Ryschen der jünger ein metzger bed burgere
dem closter Clingental, einen guldin geltes
jerliches zinses uff Thome apli von uff und
ab einem zwenteil reben mer oder min
der ungevärlich gelegen in der nuwsetzizwu-
schent der Techslinen und Hansen Roegen
stettz (sic) reben zinset 22 ȡ den herren von
Lützel, sodenn uff und ab der bessrug
Hansen von Behen huß vor und hinden
mit allen rechten so genant ist Oppelmans
huß und gelegen zu minren Basel in
der Rebgassen zwüschend den husern zem
Storgken und zem blauen Spiess zinset
der stifft zu sant Peter 10ß und dem [sep] tützschen huß 9 ß und 2 huner, sodenn
gand darab minen frowen von Clingental
vorhin 5 guld geltz widerkoiffig mit 100 guli.
pro sum 20 guld",https://files.transkribus.eu/Get?id=PMKMQBCGGKIQAWNVSJDCUUGD&fileType=view | https://files.transkribus.eu/Get?id=EGYKAHTZWNHQXHVAFFAKQNON&fileType=view,minen frowen von Clingental ,minen frowen von Clingental ,0.9818302094936371,rel,Kloster Klingental,1.0,False
HGB_1_159_037,Rheingasse 19,2611556.611203971,1267750.4509202535,e0a6b642-24a7-4738-a007-88ec54a425f4_20240705,"8, 9",1475,"Meister Hansen Binninger des murers
frow Elsin Valcknerin siner Ewirtin, frow Brid¬
lin ir tochter und aller Ir beder Kinden Reinharten
Valkners Etlin siner ewirtin frow Elsin Vatter
und muter, ouch meister Hansen Vatter und ne¬
ter und aller Arvordern, hand geben 1rinisch
gld. geltes ewig uf dem Hus und Hoffstatt mit dem
garten darhinder und aller zugehörd, so ettwen 2
Hüsere gewesen, Lindoss genant, und gelegen zu
mindern Basel in der singassen nebend dem Hus
zem Ygel zu einer siten und Heinrich Merstein des
schiffmans Orthus am Silbergesslin zer andern
sitten, zinsend vorhin von der eigenschaft dem
gottzhus zu Clingenthal 3ß und 1 ring brot und
dem gottzhus zu den Augustinern 8ß und 1/2 Hun.
von dem gld. soll ein lutpriester erhalten [sep] 3ß, die fünf priester jeder 16ȡ, der schulmeister
1ß und der sigrist 16ȡ.
Theodor E. Jahrzeitenbuch 15. Jahrh. fol. 86.",https://files.transkribus.eu/Get?id=UXBDIGAXJQWOXTIGHOQANPHI&fileType=view | https://files.transkribus.eu/Get?id=LGUXFYCYOQOFJGLKCCWBCQDT&fileType=view,dem gottzhus zu Clingenthal ,gottzhus zu Clingenthal ,0.9890913963317871,rel,Kloster Klingental,0.1070411865651456,False
HGB_1_159_037,Rheingasse 19,2611556.611203971,1267750.4509202535,0e5a78e0-ebc4-4585-bc7e-907c16a50dbe_20240705,12,1491,"Domus Lindon mit siner Hoffstat und Garten darhinder, de gelegen ist zu
minder Basel in der Ringassen, zu einer Siten an Hus, genampt dem sel.
Obl. 11 hat zu andern Siten an Heinrich Merstein, des Schifmans, Hun, zinset von
Eigenschaft gen Clingental 3ß Stebler und 1 Ringbrot ze Wysung und dem
Augustiner 8ß Stebler und ein hatt Hun, als es vor Zytten zwey Hüsere und
Hofstet gewesen und aber ich sessamen gebrochen sind buch zinset 1 fl. zu
St. Theodors Kilchen, so durch Meister Haus Binningern daruff geschlagen
Obit domina Elisabeth Binningerin preman die Juni anno 1511
et vendimus domum Meister Hans Wild muratorii po 106 fl. et con¬
vertimus ad structuram magne domus.",https://files.transkribus.eu/Get?id=UYDVEUOOYIPGJHMCEYCJZPXB&fileType=view,Clingental ,Clingental ,0.7944347262382507,rel,Kloster Klingental,1.0,False
HGB_1_159_037,Rheingasse 19,2611556.611203971,1267750.4509202535,5394ac4f-ec5b-4298-ab8e-ff63fecfa35c_20240705,"18, 19",1524,"Item hat der ersam Hans Bondorff des schiff
mans umb versessen zinß in recht ge¬
zogen und gefrönt Hans Wilden deß stein
metzen oder murers hus in der mindern
stat Basel an der Ringassen zwischen genant
Hans Bondorffs und Hansen Groff huseren
gelegen wirt Lyndow genant zinset zu dem
Angustineren 8ß und ein halb hun den
frowen zu Clingental drig schilling alles von
wegen der eigenschafft so dann dem gotshus
zu sant Theoder 1 ℔ 3ß an ein Jarzit item
und ein juchart reben von sanct Blessensthor
zum Schyffen zu eyner an Jörg Meigers
und zu der andern sytten nebent Hans Sprin
gers seeligen erben gelegen zinset 5ß gan sanct
Claren sy git ouch sovil zu erschatz so es [sep] ist das sich die hand verwandlet und sind
solliche güter nach gerichts ordnung uffge¬
schlagen.",https://files.transkribus.eu/Get?id=WOQKENZECXVGRNQDKPKRWVWL&fileType=view | https://files.transkribus.eu/Get?id=QCNSUSLGXPSOBIKCPOQEKTID&fileType=view,den frowen zu Clingental ,frowen zu Clingental ,0.9890290647745132,rel,Kloster Klingental,1.0,False
HGB_1_159_038,Rheingasse Th. v. 19 neben Schafgässlein 2,2611556.611203971,1267750.4509202535,08762004-ec2e-4b90-b0fa-e5637a689fc3_20240705,3,1413,"u Jergbie¬
Item het zu koffen gen Marti
der kremer et Eneli uxor eig 2 guld geltz
uf dem hus genant lunb 1 sit Hl.
Singer et Zofingerin hus, zinst gen Clin¬
gental 2 ß zins ȡ 1/2 hun 1/2 ring wisun
und und 7 1/2 ß zins ȡ und sant Peter
5 1/2 ß so denne uf allen dz si hand
ech emit Cuntz von Ogst et Angnes uxor
eig umb 30 guld 2reemptio und het
er gesworn und in gelopt Ƿ sid dz dz
hus memand stand den 1 guld geltz ist
widerk mit 15 guld und sond den sel.
ben guld wider ab kt bis Ostren und sol
umb den zins in hus phend",https://files.transkribus.eu/Get?id=DBZOJYJQMMOIUKYHGMZJVMRB&fileType=view,Clin ¬ gental ,Clin ¬ gental ,0.989091694355011,rel,Kloster Klingental,0.6963472778714064,False
HGB_1_159_038,Rheingasse Th. v. 19 neben Schafgässlein 2,2611556.611203971,1267750.4509202535,9e3ac470-d58a-4366-ab39-70a14c934806_20240705,"5, 6",1435,"Item git ze koffen Hans Ostersicher der mer
burger, Hansen Waltenheim burger als ein vogt und
in namen Elsins Angnesen und Hansen
natärlichen Rinden Cunratz zem Houpt bur¬
gers, 3 1/2 guld geltz jerlich zinses sollnend jerlich
Ats Valent uff sinem hus genant Lindow
mit den gutern dahinder, ist erb und gelegen
in minren Basel in der Ringassen zwüschent
dem andern hus und garten genant Lindow
und dem hus genant Nüwenstein, zinsent
von eigenschaft wegen den frowen ze Klingen
tal nemlich daz selb und daz ander hus
genant Lindowen wan die zwey huß ein eigen
schaft sint 4ß und ein hun jerlich ze vaß
nacht, so denne den herren ze sant Peter 10ß
1 hin jerlich Martini und den Augustiner [sep] 16ß 15.
hin jerlich Martini umb 70 guld
Gerichtsbuch der mindern Stadt P3.",https://files.transkribus.eu/Get?id=UUUZYHFWRXNJGPUTMBZWYCBP&fileType=view | https://files.transkribus.eu/Get?id=ABEKUUSMRLZKBIBDBAQWAXZX&fileType=view,den frowen ze Klingen tal ,frowen ze Klingen tal ,0.9829972505569458,rel,Kloster Klingental,1.0,False
HGB_1_159_038,Rheingasse Th. v. 19 neben Schafgässlein 2,2611556.611203971,1267750.4509202535,1a6ce886-ec2a-486a-a806-53e2575c67dd_20240705,"8, 9",1436,"Item gebend ze kouffende Peter Grützschi der
murer und Elschi sin efrow, Hansen Walten
hen als ein vogt und in namen Ellis Ang¬
nesen und Hansen Cunrat zem Houpt
nat lichen kinden 4 guldin geltz jerlichs zin
ses sollnend jerlich (Lüke) umb 80 guld und
damitts widerköffig v halben zins mit
halben houptgut uf und abe irem hus nider
Lindow sits in der Ringassen minren Basel
und domo Nüwenstein et obern Lindow, zin
sent den frowen ze Klingental, item den herren
zu sant Peter, item den Augustinern zu Ba-
sel nemlich zins, item bruder Hans von
Howingen procurator in Klingental, item
herrn Cunrat Her procurator sanct Petri
item bruder Hans von Louffenberg procurator [sep] dom 9 Augustinern Basel consensit.",https://files.transkribus.eu/Get?id=OERYVKHREZYMYLHMDEJLRQEU&fileType=view | https://files.transkribus.eu/Get?id=YKKJTBUFFSMUTCUAMNBVEBSC&fileType=view,den frowen ze Klingental ,frowen ze Klingental ,0.9691441208124161,rel,Kloster Klingental,1.0,False
HGB_1_159_039,Rheingasse Th. v. 19 neben 21,2611556.611203971,1267750.4509202535,31aec8f1-95e9-4a5b-a581-e0a6bb577cb5_20240705,3,1411,"Item hand zu kofen gen Fren Bot.
mann Hs Berchtold Küffer iren man
und vogt 1/2 hus so Lustliner w und
blind
genant ist hinferg (undentlich und
gelegen an der Ringassen 1 sit neben
dem hus zem Jgel et Zoffingern und
zinst den frowen von Clingental stult
antigersess
literam
det vidig
bam umb 28 guld het
koft He Singer et Fren uxor eig.",https://files.transkribus.eu/Get?id=WONQHFBKYLIVGBGOQKUTXXGD&fileType=view,den frowen von Clingental ,frowen von Clingental ,0.8885348588228226,rel,Kloster Klingental,1.0,False
HGB_1_159_045,Rheingasse 27,2611567.7136283624,1267704.9579501613,59a1560c-29fb-401f-998d-e4992faa3b84_20240705,18,1423,"Item gebent ze kouffen Walther Käuser und
Angnes sin elich frow, Lenen, Lienhart
Schindlers seligen des kouffmans wilent elich
frowen 4 guld geltz jerlich zinses ze zinsen
de jerlich Kathrine uff und abe irem hus
und garten dahinder sit in minren Ba-
sel in der Ringassen zwüschent Walther
Trägers und der Blumen hußern zinset den
frowen ze Klingental nemlich swester Ene¬
lin von Emerrach 34ß zinßd und 2 hünr
Martini 3ß erschatz, umb 80 flory, bruder
Hans von Howingen consensit,",https://files.transkribus.eu/Get?id=SHISIGWFSUAIKAKPNUTUNEZT&fileType=view,den frowen ze Klingental ,frowen ze Klingental ,0.9203362315893173,rel,Kloster Klingental,1.0,False
HGB_1_159_045,Rheingasse 27,2611567.7136283624,1267704.9579501613,dd1c7610-1cec-48d2-b0fc-31d2837e8c2c_20240705,"23, 24",1518,"Schultheissen- Urkunde.
Es verkaufen Jacob Richart, diser Zitt Koller auf
der Rinbruck zu Basel den zweiteil, und frow angnes
Mügin wilent des ersamen Onoffrion Jungermans sel.
gelassnen wittib zu mindern Basel, so dam Engel Burck¬
hartin beide mit irem Vogt, den Dritteil des hauses, dass
den Verkäufern von wilennt Hannsen Burckharten und
Dorothea Herr durch Erbe zugefallen ist, an Eucharien
u. Dorothea siner Ehefrau
Holtzach Burger und der reten der Statt Basel: nämlich
das hus und hofstatt mit dem garten darhinder und alle
zugehörungen zu mindern Basel an der Ringassen, ze
einer neben der Mügen hus und zur andern sitten
neben Bernhart Webers des schiffmans hus, zinset von
eigenschaft den frowen zu Clingenthal 17ß nüwer Bas¬
ler pfennig, 2 huner zu Martini, weiter nicht beladen.
der Kaufpreis von 103 ℔ pfennig basler werung.
Hausurkunde No 38 [sep] Nachweise:
Müz hs Eig. v. 25 Ao 1529
Mügin Agnes Eig. v. 25 seit 1509
Weber Bernh, Eig. v. Th. v. 29 neb. 27 nach 1507
27 gibt obigen Zins an Klingenthal Ao 1520
Holtzach Lucharius kauft ab 27 3 fl. Ao 1481",https://files.transkribus.eu/Get?id=VGVLWAZIQHQCEKASRDVIYHLE&fileType=view | https://files.transkribus.eu/Get?id=DELAAKYOTALXQCOKNOBYIOHZ&fileType=view,den frowen zu Clingenthal ,frowen zu Clingenthal ,0.9845771640539169,rel,Kloster Klingental,1.0,False
HGB_1_159_045,Rheingasse 27,2611567.7136283624,1267704.9579501613,daebc86f-15d8-4e94-9b49-e5dde34326a5_20240705,25,1520,"Item da gebenn zu kouffenn Theoder Zimerling
der rothen sesshafft zu mindern
Basel Anna sine
gasse Elin zu wan als Mitverkäufer, Anna Meyen, Convertfrau
efrow. Jodannt das gotzhus zu Clingental, 3 ℔.
rechts jerlichs zinses uff sannt Johanns des hei¬
ligen tenfers tag zu sonwenden von uff
und ab der kouptverkouffer hus und hoffstatt
mit sampt dem garten darhinder als das zu
mindern Basel an der Ryngassenn zwüschen
den hußern Fryburg und Cronenberg glegenn
zinst von eigenschafft wegen den frowenn
zu Clingental sibentzehen Schilling und
zwen hiner uff sant Martinstag fürer
noch anders ist solich hus hoffstatt und
garten darhinder mit beladenn, und ist
diser kouff beschehenn umb 60 ℔.
Gerichtsbuch der mindern Stadt P8.",https://files.transkribus.eu/Get?id=VTOFOIUSZGDZPBSKTJLBLGYI&fileType=view,den frowenn zu Clingental ,frowenn zu Clingental ,0.9897512644529343,rel,Kloster Klingental,0.9857637337028776,False
HGB_1_159_056,Rheingasse Th. v. 33 neben 35,2611583.802161727,1267682.8179730752,35fe9679-838f-4e49-9180-d52b64b99d5a_20240705,"8, 9",1438,"Item gibt ze kauffen Claus Zernlin der weling
macher burger etc. Enelin sin efrow, Hans
Kibler dem zoller auf der kein brugk ze Ba-
sel 2 guldin geltz jerlich zinses solchendes jerlich
sancti Anthony uff und abe irem hus und
hofstatt mit dem garten sit in minren Ba-
sel in der Ringassen zwischent ein andern
der verkauffner und Hans Richen dez schif¬
man husern, zinset von eigenschaft wegen
frow Enelin Murnhart genant von Efringen
15ß 2 zinß d jerlich Martini und ein
hin sad Martini und 1ß ȡ sant Joder
von eins solgrates wegen so denna uff ein ju¬
chart mit reben sit in minren Basel indica
zu den Schiffen zwischet herr Higll und herr
Brand reben zinset der simoneister (sic) ze [sep] Klingental 13 1/2 ß jerlich Andree, umb 40 gult.",https://files.transkribus.eu/Get?id=BYCZJVFMYTOGUYIJKEBKKKTH&fileType=view | https://files.transkribus.eu/Get?id=EDRQSZCDSDYEUSGVMMONRDZU&fileType=view,Klingental ,Klingental ,0.8982399106025696,rel,Kloster Klingental,1.0,False
HGB_1_159_067,Rheingasse 49,2611646.0507026627,1267618.600639828,e53b85e2-e51b-4ffe-96f5-d1178b17bc97_20240705,13,1478,"Item het gefrönt Fridlin Graff schaffner
zu Clingental Angnes Meygers der glaserin
huß und hoffstatt mit dem garten in der
Ryngassen nebent Peter Merste gelegen
zinset 12 ß dem trugsassen zu Rynfelden,
item ein juchart reben im Horenberg
zwüschent Peter Endlichs und Albrecht stehe
lins seligen güter zinset den (folgt ein un¬
Grieben
lesserlich Wort)1ß ze lest ein zwenteil
bloß glendtz zwüschent den wegen zwüschent
Oßwald Strilis und Hansen Brombachs
güter zinset den frowen zu Clingental
2 ß von versessner zinsen und mißbuws
wegen alle jar 1 1/2 guld nach inhalt des hopt
briefs dt sin wartgelt.
Meyger angnes de Glaserin nebn 45, 47 auf S.v. 49 Ao 1473",https://files.transkribus.eu/Get?id=GCJHBKJPRXZZADPYGVGSEHOR&fileType=view,den frowen zu Clingental ,frowen zu Clingental ,0.8367821872234344,rel,Kloster Klingental,1.0,False
HGB_1_159_067,Rheingasse 49,2611646.0507026627,1267618.600639828,14cf332a-c057-4117-b2e7-209d7627c445_20240705,"18, 19",1523,"Item da hat meyster komey der werckmei.
ster sant Thiebolts buw zu Than und Ursulen
Hugin sin eefrow ze kouffen geben, dem er¬
sammen Wältter Lützelmann dem ziegler
burger ze mindern Basel Ursulen Müntzin,
gers siner eefrowen, huß und hoff im der
mindern Stat Basel inn der oberen Ringassen
zu eyner an Hansen Koler und zu der an¬
dern sytten an dem Goldgeslin gelegen stosset
das höflin hinden uß an Hans Küeffers
tochtermans sehuren, zinset von eygent.
schafft frow Ursulen truchsessin gepön
von Eptingen ein pfant und vier schilling
sodann git is ouch 6ß zu erschatz so esiss
das sich die hand verwandlet, item 16ß gan
Clingental uff die Uffart sind widerkouffen [sep] mit 16 pfunten, und ist hiernber diser kouff
beschehen umb 35 ℔.",https://files.transkribus.eu/Get?id=MJSWEKOEJRVNHKLMISCAWADB&fileType=view | https://files.transkribus.eu/Get?id=BZJDOSUDANEULNXXUZPLBMGV&fileType=view,gan Clingental ,gan Clingental ,0.5211659371852875,rel,Kloster Klingental,0.7680870581637664,False
HGB_1_159_070,Rheingasse 53,2611656.331000568,1267607.8269997633,a5f35ac1-e9c4-4350-9bbc-0d0d16a97ac2_20240705,"12, 13",1519,"Item da geben zu kouffen die erbern frow Elsbeth
wylent des ersamen meister Hannsen Stoßkorh
schuffmans burger und der reten der stett Basel
eelich gelasne wittwe ouch Barbara und Ka¬
therina Brotbekin beid gemelter frow Elsbethen
eelichen und meister Hannsen Stoßkorbs seli¬
gen Stiefftochtern, Elsin Brobekin obgemelter Bar¬
baran und Katherinen eelicher swester als recht
mitt verkouffere, dem fürnemen Eucharten Re¬
her ouch burger zu Basel als vogt des ersamen wi
sen herr Melchior Hutschins ouch burger und der
reten zu Basel seligen eelich gelasner Rynden
Hannsen Dorotheen Susannen Katherinen und
Elysabethen, sechs guldin gelts uff den sontag
misericordia von uff und ab nachgeschribnen
ligenden guttern zu mynndern Basel und um [sep] dem banne daselbs gelegen nemlich zum ersten
Elß Brobekin beiden sesshusern in der Ryn 5
gassen an einander gelegen zwischen der schüren
und Conrat Aubrechten ze einer und Hanns
sie
Löwen huß zer andern syten zinsen beide 33ß
nemlich 10ß uff Burg und 23ß gen Clingen.
tal darnach ouffh uff undt ab dem hynndern
eck huß im Uten gassen um Goldgesslin ne¬
bent Fuglichs nachfar zinß fry item zwen jn¬
charten reben unden uß zen Schuffen zwüschen
obgenanten Peter Muntzinger und meister Hanns
Stoßkobs seligen erben zinßt 4ß dem gotzhuß
Gnadental und 1 ℔ 3ß gen sannt Johanns, und
witter noch anders sind solhe gütter mit in zugehör
den memanden zinßbar, und ist diser kouff beschen
umb 120 guld.",https://files.transkribus.eu/Get?id=QIHEQSMRRYVGLLICIKEGIKKS&fileType=view | https://files.transkribus.eu/Get?id=SJTKFRZFZIURHFBTZAAWZSRQ&fileType=view,Clingen . tal ,Clingen . tal ,0.9694725473721822,rel,Kloster Klingental,0.9716847818628396,False
HGB_1_159_070,Rheingasse 53,2611656.331000568,1267607.8269997633,a5f35ac1-e9c4-4350-9bbc-0d0d16a97ac2_20240705,"12, 13",1519,"Item da geben zu kouffen die erbern frow Elsbeth
wylent des ersamen meister Hannsen Stoßkorh
schuffmans burger und der reten der stett Basel
eelich gelasne wittwe ouch Barbara und Ka¬
therina Brotbekin beid gemelter frow Elsbethen
eelichen und meister Hannsen Stoßkorbs seli¬
gen Stiefftochtern, Elsin Brobekin obgemelter Bar¬
baran und Katherinen eelicher swester als recht
mitt verkouffere, dem fürnemen Eucharten Re¬
her ouch burger zu Basel als vogt des ersamen wi
sen herr Melchior Hutschins ouch burger und der
reten zu Basel seligen eelich gelasner Rynden
Hannsen Dorotheen Susannen Katherinen und
Elysabethen, sechs guldin gelts uff den sontag
misericordia von uff und ab nachgeschribnen
ligenden guttern zu mynndern Basel und um [sep] dem banne daselbs gelegen nemlich zum ersten
Elß Brobekin beiden sesshusern in der Ryn 5
gassen an einander gelegen zwischen der schüren
und Conrat Aubrechten ze einer und Hanns
sie
Löwen huß zer andern syten zinsen beide 33ß
nemlich 10ß uff Burg und 23ß gen Clingen.
tal darnach ouffh uff undt ab dem hynndern
eck huß im Uten gassen um Goldgesslin ne¬
bent Fuglichs nachfar zinß fry item zwen jn¬
charten reben unden uß zen Schuffen zwüschen
obgenanten Peter Muntzinger und meister Hanns
Stoßkobs seligen erben zinßt 4ß dem gotzhuß
Gnadental und 1 ℔ 3ß gen sannt Johanns, und
witter noch anders sind solhe gütter mit in zugehör
den memanden zinßbar, und ist diser kouff beschen
umb 120 guld.",https://files.transkribus.eu/Get?id=QIHEQSMRRYVGLLICIKEGIKKS&fileType=view | https://files.transkribus.eu/Get?id=SJTKFRZFZIURHFBTZAAWZSRQ&fileType=view,dem gotzhuß Gnadental ,gotzhuß Gnadental ,0.9151155749956766,rel,Kloster Klingental,1.0,False
HGB_1_159_074,Rheingasse 57,2611675.493266194,1267609.3034011996,f76c0beb-f5ae-4f9d-956f-b74787a648b5_20240705,"11, 12",1519,"item da geben zu kouffen die erbern frow Elsbeth wylent des er¬
samen meister Hannsen Stoskorb schyffmanns burger und der reten
der stett Basel eelich gelassne Witwe ouch Barbara und Katharina
beid gemelter frow Elsbethen eelichen und meister Hannsen Stosskarbs
selegen stiefftöchtern Elsen Brotbeckin obgemelter Barbaren und Ka¬
therinen eelicher swester als secht mitverkouffere, dem fürnemen
Eucharien Rieher ouch burger zu Basel als vogt des ersamen wy¬
sen herrn Melchior Hutschins auch burger und der reten zu Basel
seligen eelich gelassner Kindern hannsen Dorotheen Susannen
Katherinnen und Eygabethen, sechs guldin gellts uff den sonn
tag misericordia von uff und ab nachgeschribnen ligenden gut¬
tern ze mindern Basel im Banne daselbs gelegen, nemlich zum
ersten Els Brotbeckin beiden seschüsern inn der Ryngassen an ein¬
zu 57 ander gelegen zwischen der schüren und Conrat Anbrechten ze
einer und Hanns Löwen (sic) hus zer andern syten, zinsen beide
33 ß nemlich 10ß uff Burg und 23ß zu Klingenthal, [sep] u. a. Liegenschaft
und ist der kouff beschen umb 10 gulden.
Gerichtsbuch d. mind. Stadt No. 8.",https://files.transkribus.eu/Get?id=OJNMQCTDSPESVFKUXQZWJTFG&fileType=view | https://files.transkribus.eu/Get?id=ROPPIKCWOZOXCQJYSJTGIDHD&fileType=view,Klingenthal ,Klingenthal ,0.9623931050300598,rel,Kloster Klingental,1.0,False
HGB_1_159_075,Rheingasse 59,2611680.267840999,1267606.401389209,3eb99324-9f49-4b62-bca9-3b8fa8bf4de9_20240705,3,1422,"Item gebent ze kouffen Henni Wulfersheim
und Resi sin muter, Siebold dem bennen.
macher eivi etc. und Hs siner elich frowen
ein hus und garten dahinder site in min
ren Basel in der Ringassen zwüschent dem
Zyemerberg hus Hegkleis schüren zinsent
Anaby in Klingental 10ß und ein hun
Martini erschatz und aber dem selben zins
18ß von eins jarzits wegen, umb 26 ℔.",https://files.transkribus.eu/Get?id=JEQIFIQMYJEIZAHUBPJVPEWC&fileType=view,Klingental ,Klingental ,0.8865740895271301,rel,Kloster Klingental,1.0,False
HGB_1_159_075,Rheingasse 59,2611680.267840999,1267606.401389209,ebfb86ef-78a0-4963-b4aa-47b38a4777dc_20240705,4,1428,"Item git ze kouffen Hen Wulfersshein von
Dietwilr, Sybolt dem bennenmacher und
Kathrinen siner efrowen, dz hus und hofstat
und den garten dahinder sit in minren
Basel in der Ringassen zwüschent Heni¬
Schaffners hus und herr Hegklers schüren
zinset den frowen ze Klingental 10ß zinßp
und ein hin jerlich Martini und 36ß
zinßphennig jerlich Mathie dem buwe under
frowen uff Burg ze Basel, procurator in
Klingental consensit, umb 26 ℔.
Sybolt d. benenmacher neben 61 auf S. v. 59 Ao 1436",https://files.transkribus.eu/Get?id=TRZJYBXBJPMKIMWRYCOIUOCB&fileType=view,den frowen ze Klingental ,frowen ze Klingental ,0.9536687135696411,rel,Kloster Klingental,1.0,True
HGB_1_159_075,Rheingasse 59,2611680.267840999,1267606.401389209,ebfb86ef-78a0-4963-b4aa-47b38a4777dc_20240705,4,1428,"Item git ze kouffen Hen Wulfersshein von
Dietwilr, Sybolt dem bennenmacher und
Kathrinen siner efrowen, dz hus und hofstat
und den garten dahinder sit in minren
Basel in der Ringassen zwüschent Heni¬
Schaffners hus und herr Hegklers schüren
zinset den frowen ze Klingental 10ß zinßp
und ein hin jerlich Martini und 36ß
zinßphennig jerlich Mathie dem buwe under
frowen uff Burg ze Basel, procurator in
Klingental consensit, umb 26 ℔.
Sybolt d. benenmacher neben 61 auf S. v. 59 Ao 1436",https://files.transkribus.eu/Get?id=TRZJYBXBJPMKIMWRYCOIUOCB&fileType=view,Klingental ,Klingental ,0.497028112411499,rel,Kloster Klingental,1.0,True
HGB_1_159_075,Rheingasse 59,2611680.267840999,1267606.401389209,9f451c67-0c10-45fb-a4fc-b3e811f71aeb_20240705,5,1439,"Do gabend u. besatztent Rudin Hertzog der schumacher
u Ennelin frygin sin ewirtin, umb gottes willen
ư jren selen heils willen, 4 fl ewiges gelts zinset,
mit namen dem Buw der kungklichen unter magt Marien
uf dem Burg 11/2 fl. sodenn u. sin andern gotshusern,
des ersten ab einem Hus & garten derhinder, als es
gelegen ist ze minren Basel an der Ringassen, zwüschent
Hesingers des metzgers schüren u Crützlin Schragen hus,
zinset ze Clingental 2 1/2sh. u. 1/2 hun, u den uf Burg
9 sh.
ư abandern güter.",https://files.transkribus.eu/Get?id=QTCOTUJMFHKMEOFGQHXXBOOJ&fileType=view,Clingental ,Clingental ,0.9556283354759216,rel,Kloster Klingental,1.0,False
HGB_1_159_075,Rheingasse 59,2611680.267840999,1267606.401389209,d08c9f5b-c881-432e-8d4b-b44975c69983_20240705,"6, 7, 8",1446,"Schultheissen Urkunde.
Rudi Hertzog der Schumacher, Burger ze Basel
und Ennelin sin Ewirtin verkaufen dem Hans
Harthenni dem Vischer, Burger ze Basel, und Kathe¬
rinen siner Ewirtin das vorder Huss und Hoffstatt
mit dem halben Garten hinder dem hindren Huss, als
es zwey Hüser und Garten sind, so gelegen ist ze
minren Basel in der Statt, in der Ringassen nebend
Meister Oswald Brand Schüren ze einer Siten, und
Doss Siglins Huss zer andren Siten, und zuhet der
Garten hinderuss an Lienhart Kolers Stal und
stosset an Schragen Garten, zinsent bede Gesesse von
Eigenschafft wegen dem Closter zu Clingental 10 sh. und
ein Hun, der Stifft uff Burg ze Basel 1sh. nüwer Ehennige
um Ho Guldin rinscher.
St. Urk. No 1312.
Rückseite ans Garthenni um 40 guldin. [sep] Nachwasse
Schragen Conr. Eig. v. 57 seit 1432
Brand Ossw. schuren neben 63 auf
S. v. 61 Ao 1463
Koler Lienh. Eig. v. Utengasse 50
hint Rheingasse 59 Ao 1458
59 gibt obige Zinsen Ao 1424 [sep] Rheingasse
39/83
und
61/84
sind vereinigt
seit 1523.
bis 1782",https://files.transkribus.eu/Get?id=PYYPYRLWDEBRDWBQPCBRWFMR&fileType=view | https://files.transkribus.eu/Get?id=ILMRPXYKBYVCBZVRWFHGGOIG&fileType=view | https://files.transkribus.eu/Get?id=LFYYNKHTRXGJGZDMVOQMQVFL&fileType=view,dem Closter zu Clingental ,Closter zu Clingental ,0.9904570132493973,rel,Kloster Klingental,1.0,False
HGB_1_159_079,Rheingasse 65,2611695.5728030484,1267596.3868750976,5112341c-0fcd-4554-acb3-ffff389742db_20240705,"7, 8",1518,"Item do gebe zu kouffen der erber Petter Hanns
Vix der gremper burger und sesshafft zu
mindern Basel, dem erbarn Hanns Uffhuß
dem rebknecht zu sannt Claren Regeli si
ner eefrowenn, das huß mit dem höfflin als
das gelegen zu mindern Basel an der obern
Ringassen zwüschent Cunradt Abbrochtz (sic)
und Heini Hirtlins huser, zinset den
frowen gon Gnadental 10ß und gon
Clingental 1 1/2 guld. widerkouffig, so dem
ein zweyteil mit bloßgelennd und rebenn
in der nuw setze einsite neben dem ver¬
kouffer und zer anndern sitten neben Ang¬
nes Kung zinset 3ß an die pfrundt zem
heilgen Crutz, fürer noch annders solhe ver¬
kouffte guter mit witer versetzt und ist [sep] diser kouff beschen umb zehen guld
Gerichtsbuch der mindern Stadt P.",https://files.transkribus.eu/Get?id=WWGTABECXHVINHEIPOMOUEFT&fileType=view | https://files.transkribus.eu/Get?id=GMRAIGGPMMAWYRYQLOIJAPAN&fileType=view,Clingental ,Clingental ,0.6120874285697937,rel,Kloster Klingental,1.0,False
HGB_1_159_081,Rheingasse 67,2611701.497143091,1267595.0767065722,840dbbea-d8a9-4725-a8d0-d68918b913b6_20240705,"3, 4",1455,"Schultheissen-Urkunde.
Hans Glaser der Amptman, Burger ze Basel, verkauft
Hans Harthenni dem Steinknecht, Burger ze Basel,
das Huss und Hoffstatt mit dem Gertlin derhinder, so ge¬
legen ist ze minren Basel ze brost in der Ryngassen,
zwüschent Dietrichs von Sennhein undillewi Webers sel.
Hüsere, zinset von Eygenschaft wegen dem Closter zu Gna-
dental jerlichen 10 sh. u. Phg. dem Closter zu Clingental
1/2 Gld. Geltes widerkäufig mit 7 1/2 Gld., um 6 Gld.
in tergo Ulrich Eberhardt git 2 gld. Hans harthenni d. Steinknecht
hat kaufft 6 gld.
Klingenthal Urk. No 2127. [sep] Ao 1484. Hans hartheng verzichtet auf das
vorgenannte haus zu Gunsten von
Klingenthal, da er dasselbe nicht
unterhalten Rann.",https://files.transkribus.eu/Get?id=ECGNNHUWOOALYZYWOCCXMCFZ&fileType=view | https://files.transkribus.eu/Get?id=YFCLLDYMXSRTQFTEAXWZXCII&fileType=view,dem Closter zu Clingental ,Closter zu Clingental ,0.9908620119094849,rel,Kloster Klingental,1.0,False
HGB_1_159_081,Rheingasse 67,2611701.497143091,1267595.0767065722,86d836d5-867a-446c-9269-f4e6079e7eed_20240705,10,1510,"Item da git ze kouffen Margreth Wisslin
wilent Peter Wißlins burgers und seßhafft
zu mindern Basel eliche gelassne wittwe,
dem erbern Heini Hüslin Margreth siner
so herthennis gewesen,
eefrowen das hus und hoffstatt, gelegen
im mindern Basel an der Ringassenn unn
den am Keuel zwüschen Marren Ringler
und Hanns Meigers husern zinßt von
wegen der eigenschafft den frowen zu Gnaden
tal 10 ß, so dem den frowen zu Clingental
1/2 gl. und 5ß alles widerkouffig, fürer etc
facta emptio pro 2 gl.",https://files.transkribus.eu/Get?id=UGWNDJPRZPGWSUDRYHOFEPQI&fileType=view,den frowen zu Clingental ,frowen zu Clingental ,0.9939200282096863,rel,Kloster Klingental,1.0,False
HGB_1_159_086,Rheingasse 6 jetzt vereinigt mit 4,2611503.651269401,1267765.5761450392,7c2d3cf5-c233-46e2-a854-bce7d0ad5bdd_20240705,12,1502,"Privat Urkunde.
Die Gesellschafft zu der Hären in der Mindern
Statt Basel verkauft Ludwigen Zwilchenbarth
dem Vischkäuffer, Burger und des Rahts zu
Basel 7 ℔. jährlichs Zinses von auff und abe der
Gesellschafft Hus und Hoffstatt, als das zu Mindern
Basel an der Rheingassen, zwüschen St. Niclaus
sen Cappell und dem Hus Schonaw gelegen
und zur Hären genant ist, zinst jährlichen von
Eygenschafft wegen 1 ℔. u. Pfg. den Frowen des Clo¬
sters Clingenthal, umb 10 ℔.
1507. Mittwoch nach Thomas.
Ablösung von 1 ℔. u. Pfg. Zinses mit 20 ℔.",https://files.transkribus.eu/Get?id=MBPINAMFUVITXXHEACOZIGGW&fileType=view,den Frowen des Clo ¬ sters Clingenthal ,Frowen des Clo ¬ sters Clingenthal ,0.9574441143444606,rel,Kloster Klingental,0.5831500654148987,False
HGB_1_159_086,Rheingasse 6 jetzt vereinigt mit 4,2611503.651269401,1267765.5761450392,4c2b40ee-a055-45fa-82f9-9211068dd2b6_20240705,13,1502,"Privat-Urkunde.
Die Gesellschafft zu der Herren in der mindern Statt
Basel verkauft dem Ludwigen Zwilchenbart dem Visch¬
kauffer, Burger und des Ratz zu Basel, 7. Stebler Basler
Pfeing jerlichs Zinses von uff und abe der Gesellschafft
Huss und Hoffstatt, als das zu mindern Basel an der
Ringassen zwüschen Sant Niclausen Cappell und dem
Huss Schönow gelegen, und zur Herren genant ist,
zinsst jerl. von Eigenschaft wegen 1 ℔. nun Pfennigen den
Frowen des Closters Clingental zu mindern Basel, um
140 ℔. B. 48.
in tergo: 1507 Mitwoch nach Thome hat Ludwig Zwilchenbart das 1 ℔
mit 20 ℔ abgelöst, is blieben nach 6 ℔ zu Zinsen.
uff der jerren in minren Basel V ℔ geltz, d. Urk. No. 1563.
Gesellschaft zer hären. Eig. v. alt 11 Ao 1558",https://files.transkribus.eu/Get?id=VMNZFQYCSFLAKTOAIAMNJCSW&fileType=view,den Frowen des Closters Clingental zu mindern Basel ,Frowen des Closters Clingental ,0.9755265936255455,rel,Kloster Klingental,0.9914967000836856,False
HGB_1_159_089,Rheingasse Th. v. 8 neben 10,2611510.764649966,1267756.4527414597,4644cb73-8039-462b-8aa5-df2d7f323c2b_20240705,8,1461,"Item git zu koffen Stephan Stecklin der bärbyer
burger zu Basel, der ersamen frow Angnesen
Kilchmann och burgerin, das huß und hoff¬
statt mit sinen rechten zu mindern Basel
nebent Heinrich Schalers huß genant Schön
now ze einer siten und Peter Frollaso des
Küblers huß zer andern siten zinset minen
frowen zu Clingental 30ß cenß angar. und
frow Margrethen Loschdorfferin 1 guld geltz wi¬
derkoiffig mit 20 guld nach irs briefs sag
pro sum 18 guld, Johs de Eschemberg pro
curator in Clingental consensit.",https://files.transkribus.eu/Get?id=FBELGGKGSLMBVGNKBJPQMERK&fileType=view,minen frowen zu Clingental ,minen frowen zu Clingental ,0.9694974720478058,rel,Kloster Klingental,1.0,False
HGB_1_159_089,Rheingasse Th. v. 8 neben 10,2611510.764649966,1267756.4527414597,a192cbab-427a-4869-8a46-50dd786bf461_20240705,9,1461,"Item git ze kouffen frow Angnes Kilch¬
mann, Conrat Langger yetz sigristen zu
sant Theoder dz huß und hoffstatt so gele¬
gen ist zu mindern Basel in der Ringas-
sen nebent dem huß Schonon so Hein¬
rich Schalers ist ze einer siten und Peter
Prollase des küblers huß zer andern siten
zinset minen frowen zu Clingental 30ß
cenß angar, sodenn gat och darab und
sol man jerlich geben frow Margrethen
Loschdorffin 1 guld geltz uff Penter, wider
kouffig mit 20 guld, pro summa 26 guld
item Johs de Eschemberg procurator in
Clingental consensit",https://files.transkribus.eu/Get?id=ASTMEZPGWQWIBKXXFTVAHYTI&fileType=view,minen frowen zu Clingental ,minen frowen zu Clingental ,0.9727388024330139,rel,Kloster Klingental,1.0,False
HGB_1_159_089,Rheingasse Th. v. 8 neben 10,2611510.764649966,1267756.4527414597,aa625540-8ca5-41e1-a93c-e232aa715da5_20240705,"12, 13",1480,"Item git zu koffen Conrad Zangger sigst
zu sant Theoder und Bärbelin sin ewer¬
tin, Conraden Held ein gulden geltes jerli¬
ches zinses von uff und ab, des ersten irem
huß und hoffstatt zem Gilgen zwüschent
Hansen Hertzbrecher und Peter Prolafes
seligen huser zinset den frowen zu Clingen¬
tal 15ß sodenn der cottidian uff Burg
1 guld und frowen Angnesen Kilchman,
in 1 guld, sodenn der cotidian widerkoff¬
sodenn 2 zwenteyl reben im Horenberg by¬
der banwart hütten nebent der zem Saffran
gut und am geßlin nebent dem weg zinset
5ß zu sant Claren und 2ß der cottidian
uff Burg item / juchart juchart reben an
Th. v. 8 neb 16
et 15ß an Klingenthal Ao 1589
den Cluben nebent Hansen frichdenhamer [sep] und Josen Stempffer ist eigen, zu letst uff einem
manwerck reben zu Bellikon by der nidern
brugken dem man spricht die hus oder, hub
zinset 26 moß wins den herren von Lucern
und einem manwergk reben eins vierteil
dem man spricht die lang manwerg gelegen
zu Bellikon hinder im hoff nebent Peter
Balgower und Josen Schultheissen zinset
3 eymer wins her Harttinger von Andlo",https://files.transkribus.eu/Get?id=IPWGRRXKGNATGJRZWXERNINB&fileType=view | https://files.transkribus.eu/Get?id=GSVFKAYUATUZCPHOFGPGAVUI&fileType=view,den frowen zu Clingen ¬ tal ,frowen zu Clingen ¬ tal ,0.9860965112845103,rel,Kloster Klingental,1.0,False
HGB_1_159_089,Rheingasse Th. v. 8 neben 10,2611510.764649966,1267756.4527414597,106a6e63-ff1f-447e-bd78-2cca6b059a80_20240705,"19, 20",1513,"Item do gibt zu kouffen Peter Vis der
gremper burger und sesshafft zu mindern
Basel, dem erbarn Claus Hügen dem
schiffmann auch 1 und sesshafft zu
mindern Basel und Otiligen siner eefro
wen, das huß und hoffstat gelegen zu
mindern Basel an der Ringassen genant
zur schwartzen Gilgen, ze einer neben
siebolf deß schiffmans genant Schönow
und zur andern neben Britzen deß schiff
mans huser, zinset von eigenschafft den
wurdigen frowen zu Clingental 15ß glich ge¬
teilt zu den 4 fronfasten, so den dem herrn
Lutpriester und caplanen zu sant Martin
2 gl. uff unser frowen tag natl. 1 ℔ 3ß.
für den guld widerkouffig, fürer noch anders [sep] ist soll huß mit witers verbunden, emptio
facta pro 43 guld.",https://files.transkribus.eu/Get?id=DONLLCUEZULLWKYLGNVMTMZM&fileType=view | https://files.transkribus.eu/Get?id=UHIPVSWZXTJLAIQKZZYIUOGT&fileType=view,den wurdigen frowen zu Clingental ,frowen zu Clingental ,0.9668107151985168,rel,Kloster Klingental,1.0,False
HGB_1_159_094,Rheingasse 16,2611531.3590804106,1267726.976759446,a6d7436d-3da1-41a2-8497-bab4ce645f48_20240705,5,1430,"Item git ze kouffen meister Eberh. Hansen
Strablin dem murer civi etc. dz hus hofstat
und mit andren sinen rechten und zuge¬
horden, ist erb und gelegen in der minren
stat Basel in der Ringassen wider den
Rin an der statt ringkmur zwüschent
Henman Meigers und des vor gen. ver¬
kouffers hus zinset von eigenschaft me
gen den frowen ze Klingental 30ß ȡ ten
sualin disin angart, umb 100 guld
minus 1 guld, bruder Hans vom Howin¬
gen consensit.",https://files.transkribus.eu/Get?id=FILSACEUGTETXCMFYXZJFHVC&fileType=view,den frowen ze Klingental ,frowen ze Klingental ,0.9932096153497696,rel,Kloster Klingental,1.0,False
HGB_1_159_095,Rheingasse 18,2611533.3286430184,1267722.563728741,f19aa5e2-bb05-4e73-ae57-67313629d35f_20240705,8,1433,"Ein unbesigelt pergamentin brieflin, wie
Peter Heyger der Kürsner zu mindern Basel, und
Ursula sein Ehefrauw, Herrn Johann Wehinger
Stattschreiber alhier, und Anna seine Ehefrauwen
1 ℔. uf Urbani fallendes zinses umb 20 ℔ abli¬
sigs Hauptguts ze kaufen geben haben von
auf und ab irem der Verkeufer Haus an der
Reingassen zwischem dem Haus zum Tittenkob
ben und Peter Parin, des Küblers Haus gelegen,
zinst von eygenschaft gon Clingental 33 1/2 ß.
Datum vor Pfingsten anno 1433.",https://files.transkribus.eu/Get?id=GAHMPSPVDVUIXKNTMXGLNOVQ&fileType=view,Clingental ,Clingental ,0.5675769448280334,rel,Kloster Klingental,1.0,False
HGB_1_159_095,Rheingasse 18,2611533.3286430184,1267722.563728741,532a8b05-509d-465e-8874-090ed039e505_20240705,11,1466,"Item do bott Hans Schach zem ersten ge¬
richt uff Peter Heygers huß in der Ryngassen
zwüschent den husern zem Tutenholben
und Peter Prollafes huß gelegen zinset gen
Clingental 14ß und 1ring brotz eysung
Martini darnach zwo juchart reben uß
wendig Bußmans mur zwüschent Hein¬
rich Bondorffs und Heyni Wechters seligen
reben zinset dem spittal 7ß minus ȡ.
1 ℔ 1ß cenß, Samstag conversions tande
Pauli 1 ℔ 2ß cenß.",https://files.transkribus.eu/Get?id=PZYVRFVCHLFFARJIKBQUTLAK&fileType=view,Clingental ,Clingental ,0.8962510824203491,rel,Kloster Klingental,1.0,False
HGB_1_159_095,Rheingasse 18,2611533.3286430184,1267722.563728741,a3c6da72-c76f-4c34-a945-b5f48461b65e_20240705,"16, 17",1508,"Item da geben zu kouffen der erber Hein¬
rich Sprosslin und Apoloma sin efrow
dem erbern Hansen Hassisen und Mar¬
gret Rotgebin siner elichen gemahel, ein
guld geltz so die verkouffer den obgeman
ten Hansen Hassisen und Margrethen
irem gemahel im hinanthin jerlichen
uff ein jeden sant Bartlimens des heili¬
gen zwolffbotten tag weren und antwur
ten sollen von uff und ab irem hus und
hoffstat wie dz zu mindern Basel an der Rin¬
gassen zu einer siten an das hus zum Tutel¬
kolben zu der andern an Hansen von
Mentzingen hus ist genant zum Tutel¬
kolben zinst gen Clingental 14ß von eigen
Sosselin hrch neben 20 auf S. v. 18 Ao 1565
schafft und den Augustinern 1 ℔, fürer
Tuttelkallen = 20 Ao 1466 [sep] ist es mit beladen, empto pro 20 guld.",https://files.transkribus.eu/Get?id=HFQEHLVGHXZLRVCYXIXADJUY&fileType=view | https://files.transkribus.eu/Get?id=IVAHZJEYHRPPXHFEKWRFVYOV&fileType=view,Clingental ,Clingental ,0.9696065187454224,rel,Kloster Klingental,1.0,False
HGB_1_159_114,Rheingasse 48,2611592.253075326,1267655.2209635149,65b613f1-31a0-4ee4-917c-91eb0ca917aa_20240705,11,1497,"Schultheissen Urkunde.
Wernli Hefelfinger der Zymerman, Burger zu Basel,
und Eilsi sin eeliche Hussfrow verkaufen dem Gotzhuses
zu sant Theoder Gld. jerliches Zinses von uff und abe
irem Huss und Hofstatt gelegen zu Mindern Basel, an
der Ringassen, einsite an Peter Klin dem Schiffman,
andersite an Marti Langmesser dem Metzger, zinset
gen Clingental von der Eigentschaft 1 sh. ein Ring Brots
ze Wisung, 1 sh. ze Erschatz, so sich die Hand verwand
let, 1 Gld. Geltz widerkouffig Herrn Reinhart Caplan der
Stift Basel.
sodann ab einem Grundstück umb 20 Gld.
in tergo: 1 gld. geltz git Werlin Zimmerman uff uns frown im augsten,
git Elsin tüfelinen, git nun Hans
von Nüwenstein.
St. Theodor Urk. No 68.",https://files.transkribus.eu/Get?id=COMYYKPIOFETHRRMVBWMTUPR&fileType=view,Clingental ,Clingental ,0.6704188585281372,rel,Kloster Klingental,1.0,False
HGB_1_159_115,Rheingasse 50,2611595.8870117986,1267651.0711172307,99eb75bf-893d-4a5a-9685-fde31017d01f_20240705,12,1427,"Item gebent ze kouffen Johans Wehinger
von Kempten stattschriber minren Basel
und Anna sin efrow, Gohni von Mun¬
ster mulermeister ze sant Claren 3 guldin
geltz uff irem hus in der Ringassen zwu-
schent Moris und Grundellis hußern stoßt
uff der stett ringkmur zinsent gen
Klingental 16ß zinßd von eigenschaft
und ze sant Joder 1ß und ein hinto
dem uff einem Cl wisetz guldin
guld (sic) uff dem hus hof und gesäß zem
Hut in der fryen straß, umb 60 guldin
datte widerkoiffig etc. bruder Johan¬
von Howingen procurator in Klingen.
Wehinger Balt hatscheber Eig. v. 34 nach 1399
sonsensit
tal
50 gibt an Klingenthal 16ß Zins Ao 1481
Gerichtsbuch der mindern Stadt P2",https://files.transkribus.eu/Get?id=JMNMIZDDJNFBPMJEHGSTZBMV&fileType=view,Klingental ,Klingental ,0.874343752861023,rel,Kloster Klingental,1.0,False
HGB_1_159_115,Rheingasse 50,2611595.8870117986,1267651.0711172307,255ec295-cac8-43c5-a199-c2786c3a1a04_20240705,13,1461,"Item git ze kouffend Wernlin Syfrid der
kannengiesser burger, Symon Truten (und¬
destlich dem schiffman und Dorothea siner
ewirtin das huß und hoffstatt mit sinen
rechten so gelegen ist zu minren Basel
in der Ryngassen zwüschent Peter Hansen
Moris im Hansen Grundelles hüsere zin
set den frowen von Clingental 15 1/2 ß cenß
und 2 ring brotz wysung, pro sund
42 guld, item Johs de Eschemberg prom
rator in Clingental consensit.",https://files.transkribus.eu/Get?id=JGMNPLZFVQCHGQIWHGWBQDOX&fileType=view,den frowen von Clingental ,frowen von Clingental ,0.9876671731472015,rel,Kloster Klingental,1.0,False
HGB_1_159_115,Rheingasse 50,2611595.8870117986,1267651.0711172307,71002562-71b4-428a-9364-e01cb70328db_20240705,14,1462,"Item gend zu koffen Symon Tant der schiff
man burger ze Basel und Dorothe sin e.
wirtin, Wernlin Syfrd dem kannengiesser,
ein guld geltes jerlichen uff purs. Marie.
von uff und ab irem huß und hoffstatt
so gelegen ist zu minren Basel in der
Angassen zwüschent Hansen Grundelling,
Cantzman Moris seligen hußer stosset
uff der statt ringkmur, zinset minen fro¬
ven zu Clingental 16ß cenß und 2 ring
brotz zu wysung, pro sum 20 guld, so
den zinß ze gebend und das huß in eren
zu habent. Möri Mich. neben 50 auf S. v. 52 Ao",https://files.transkribus.eu/Get?id=DVSNDTYKMCJFLMPYQVCURHVJ&fileType=view,minen fro ¬ ven zu Clingental ,minen fro ¬ ven zu Clingental ,0.9790189266204834,rel,Kloster Klingental,0.39477459326471237,False
HGB_1_159_115,Rheingasse 50,2611595.8870117986,1267651.0711172307,c42427de-fa22-4258-a0b0-7ce71173ba78_20240705,"18, 19",1501,"Schultheissen-Urkunde.
Lorentz Howinger, Burger zu Basel, und Margret sin Hussfrow
verkaufen Jeronimus Langmesser dem Student, Burger zu Basel
30 sh. jerliches Zinses, von uff und abe irem Sesshuss gelegen zu
Mindern Basel an der Ringassen, einsite an Steffan Vischli
zer andern an Eilsi Füfels Hüsere, stosst uff der Statt Zwin¬
golff, zinset den Frowen zu Clingental von Eigenschaft 8sh.
umb 30 ℔. [sep] Rückseite d. Urk. No 753.
1509 Zinstag vor St. Patili Bekehrung.
Margreth Mederin schenkt ihrem
Vetter hieronymus Langmesser 30 ℔. dafür
übergiebt er ihr die obgeschriebenen 30ß
zinses zur Lutzniessung auf Lebenszeit.",https://files.transkribus.eu/Get?id=IQQYOPZPQLNMYBJGUXYQRJPZ&fileType=view | https://files.transkribus.eu/Get?id=WKTLUWUXALWCOIJKAVTNTHEL&fileType=view,den Frowen zu Clingental ,Frowen zu Clingental ,0.9939534217119217,rel,Kloster Klingental,1.0,False
HGB_1_159_115,Rheingasse 50,2611595.8870117986,1267651.0711172307,7eb3dd65-bbab-4fd1-a93e-856ba8bcf975_20240705,21,1501,"Klein Basel.
Item aber ein teutscher Brieff weisend wie Lorentz
Haunger meiner Herren Diener und Margreth seine
Hausfrau verkauffen vogtl. weise an Heinrich Mäder
den Vischerkauffer der Räthen 30 sh. jährl. zinses
ab ihrem Sesshause gelegen zu mindern Basel, an der
Rheingassen einseits an Steffan Vischlein, anderseits
an Elsy Seifels Hausere, stosst auff meiner Herren
zwingelhoff, zinst den frauwen zu Clingental von
eigensch. 8 sh. auf sant Martinstag, sonst frey.
um 30 ℔.",https://files.transkribus.eu/Get?id=APQZOWZXGILNNAGLQNPUJPKS&fileType=view,den frauwen zu Clingental ,frauwen zu Clingental ,0.9908717572689056,rel,Kloster Klingental,0.9727128928125919,False
HGB_1_159_115,Rheingasse 50,2611595.8870117986,1267651.0711172307,888e364e-62d2-4849-b476-be5af070e7fd_20240705,24,1517,"Item do hat gefrönt und in gericht zogen
Margreth Ratgebin umb versessen zins.
guld huß und hoff zu mindren Basel in
der Ringass, einsite an der Feschlinen und
zer anndern an Elß Suffels husern zinset
von eigenschafft den wirdigen frowen zu Clin¬
gental 8 ß und Jeronim Langmesser 30ß.
widerkoiffig, so dem ein zweiteil reben dem
Gilgenberg oben an Peter Weltis gut und zu der
einen siten Borer und zer anndern an Margreth
Rotzebin so dem aber ein zweiteil bloßgelend
an obgemelten rebacker gelegen zu einer
und zer anndern an Peter Tüffel zinset dem
alten dechan von Howingen 3ß.",https://files.transkribus.eu/Get?id=SCGDOSZPCVOSPRUKYHMARLMT&fileType=view,den wirdigen frowen zu Clin ¬ gental ,frowen zu Clin ¬ gental ,0.9896975670542035,rel,Kloster Klingental,0.9912571313934203,False
HGB_1_159_115,Rheingasse 50,2611595.8870117986,1267651.0711172307,6178ec56-6005-4c2a-9bab-119f384b7f1b_20240705,26,1524,"Klein Basel.
item Meister Bernhard Küffer git jerlich 30 sh. uff
sant Martistag, von uff und ab dem Hus so gelegen
ist in mindren Basel, an der Ringassen, einsit an
Steffen Fischlin, zer andern siten an Elsin Füffels
Hüser, stosst uff miner heren Liegelhoff, zinset
den frowen von Clingental von Eigenschafft 8 sh.
uff sant Martistag, sonst frey.",https://files.transkribus.eu/Get?id=GBCKXBTHUDNKHXFBYFQWTVSB&fileType=view,den frowen von Clingental ,frowen von Clingental ,0.9848982393741608,rel,Kloster Klingental,1.0,False
HGB_1_159_115,Rheingasse 50,2611595.8870117986,1267651.0711172307,335a7a4c-fdd2-49b5-ba1a-0c96b475c587_20240705,"27, 28, 29",1524,"Item da hat Margarethe Sigwant Lorentzen
Howingers deß thorwechters burgers ze Basel
selig eelich verlassen witwe ze kouffen geben,
dem erberen Bernhartten Kieffer dem wechter
inwoner ze mindern Basel Berbelin Men¬
tingers siner eefrowen nachbestimpte guttere
inn der mindern stat Basel und dero ban
gelegen, nämlich ein hus an der Ringassen
zwischen herr Jörgen Ratzmann cappellan zu
sant Theoder und Conratten Banwarts hu¬
seren zinset 8ß von wegen der eygenschafft
gan Clingental so dem git es ouch dahin
acht schilling erschatz, so es ist das sich die
hand verwandlet, soden drissig schilling
an die Steinen und frow Margareth Rotge
Hauwenbergäsenth neben 48 Ao 153
bin ein ppnt und Zunff schilling, item [sep] und ein zweyterl reben in dem Gilgenberg
zu eyner an Lienhart Gartner und zu der an¬
dern sytten an der verkouffern gelegen zinset
der camery uff Burg un schilling und ein
hin desglichen 4ß erschatz, item ein zweiteil
reben an vorgenantten zweytel zu eyner und
zu der anderen sytten an der verkouffern bloß.
gelendt gelegen ist lidig eigen item ein zweiteil
bloßgelend an dem jetzgenantten zweyteil reben
und an Peter Sufel gelegen stossent an Lorentz
Fufel zinset 3ß der presentz uff Burg, item
aber ein zweyteil matten und bloßgelend
unden an vorgenanttein zweiteil bloß gelend
zwischen Hans Müntzinger und Lorentz Friesen
zinset 4ß und ein hun meister Ludwig Gru¬
ningers cappellany zu sant Martin, item
und zu letzst ein vierteil matten zwischen
Mathisen zur Kratzen und Hansen Mun¬
teriger zinset 2ß im ein tregery so Conrat
Lager gan sant Claren ze thun schuldig ist [sep] 8ß zu den Predigern und 2 1/2 som win und
doctor Gylberberg sind widerkouffig und durch
den kouffer vor diser vertigung als er sprach
abgelöset, und ist hiernher diser kouff besche¬
hen umb dritzehenn pfundt.
zu disem kouff hant zinst und willen geben
meister Leonhart Sußf der camerer herr Hans
Loub presentzer uff Burg meister Ludwig
Grienninger cappellon zu sanct Martin Jacob
Vest schaffner zu Clingental und Mathis
Müller schaffner zu sanct Claren zu merern
und mindern Basel.",https://files.transkribus.eu/Get?id=TXSQXUTIMRWGRJRPGLZKMPCC&fileType=view | https://files.transkribus.eu/Get?id=XRIUTQAMTUMDMERMHCMYUISX&fileType=view | https://files.transkribus.eu/Get?id=PTGRPJINKWMRBLQQWEJUUGNG&fileType=view,Clingental ,Clingental ,0.918021023273468,rel,Kloster Klingental,1.0,False
HGB_1_159_128,Rheingasse 68,2611639.2712732973,1267611.5928359446,e71bc50a-8f18-4d50-a08e-40515a5a29f4_20240705,4,1477,"Item git zu koffen Hans von Langental Spittal
meister, Ulrichen Koß und Margreth siner ewir
tin, dz huß und hoffstatt mit sinen rechten
so gelegen ist zu mindern Basel in der Ryn-
gassen nebent Lienhart Roglins schüren ze
einer siten und am ort des geßlins als man
zu Ratpergs turlin gat, zinset mmen frowen
von Clingental 5ß, pro suma 16 ℔.",https://files.transkribus.eu/Get?id=GYDZKSNONEQRGBPGDXGSEOZX&fileType=view,mmen frowen von Clingental ,frowen von Clingental ,0.9108821004629135,rel,Kloster Klingental,1.0,False
HGB_1_225_024,Utengasse Th. v. 15 neben 13,2611636.3930180743,1267725.5932017416,190168bd-68aa-43cd-ac15-5675d614eb37_20240705,"7, 8",1479,"henni
Item git zu koffen frow Gery Segern de.
gers seligen eliche wittwe, Conrat Kolliker
dem lauffürere Angnesen siner ewirtin,
das huß und hoffstatt mit der schüren
und dem garten oder hoffstatt dazwu-
schent so gelegen ist zu mindern Basel
in der Utengassen, zwuschant Oßwald
Strewlins huß und schüren und garten
zu beiden siten stosset hindenzu an Han-
sen Gutzars garten der yetz Ladwig Pey¬
gers des gloggengiessers ist, zinset an die
novorum
kilch zu Pfeffingen 19 ß zu den frowen
zu Clingental 3 guld geltz widerkouffig
mit 60 guld nach irs briefs sag, über das
ist der kouff umb die besserung beschehen
umb 20 guld [sep] Gerichtsbuch der mindern Stadt P5
S. 50 v.
Lachweise:
Segerin Gerg Eig. v. Th. v. 15 neben 13 bis 1485
Gutzahr Joh. Eig. v. Rebgasse 18, 30 seit 1464
hint. Utengasse 15
Th. v. 15 neben 13 gibt obige Zinseit an
Pfeffingen u. Klingenthal Ao 1485
der Zins an Pfeffingen Pifferiert)
Fridlin bus Eig. v. 17, 9 Ao 1468
und auch Eig. v. Th. v. 15 neben 17 Ao 1471",https://files.transkribus.eu/Get?id=QZWIMCDXJWOJXYRQWDRFYSPE&fileType=view | https://files.transkribus.eu/Get?id=LYKKEETGXSCEOOGLRZBWLQAZ&fileType=view,den frowen zu Clingental ,frowen zu Clingental ,0.9921260327100754,rel,Kloster Klingental,1.0,False
HGB_1_225_024,Utengasse Th. v. 15 neben 13,2611636.3930180743,1267725.5932017416,2ebcb0dc-3073-4699-b858-a402195bd483_20240705,12,1520,"Schultheissen-Urkunde.
Der Rath zu Basel kauft auf der Gant des Eberhart
Scholers des Dieglers, wyl Burgers zu mynndern Basel
sel. Schüren mit dem Garten genant zum Rossgarten
ein mynndern Basel, ian Utengassen an Eberhart
Diegelhofe gelegen, zinsst von Eigenschafft 18 sh. an
ein Pfrund gen Pfeffingen, und 3 Guldin Gelts, wider¬
kouffig mit 60 G. Houptguts, dem Gotzhuse Klingental,
um die vorgemelben Zinss und Gülten, daruff steide
mit irem Houptgutte.",https://files.transkribus.eu/Get?id=VINDFOZRFPONPZVCTMMZDJJX&fileType=view,dem Gotzhuse Klingental ,Gotzhuse Klingental ,0.9953996737798055,rel,Kloster Klingental,1.0,False
HGB_1_225_024,Utengasse Th. v. 15 neben 13,2611636.3930180743,1267725.5932017416,26570dd5-fc2f-4b10-92f0-09b8e7b0cd4f_20240705,13,1520,"Eberhart Scholers des Zieglers sel. Gläubiger frohnen
desselben ...
Schütoren mit dem Garten genannt zem Rossgarten
in Utengassen, an dem Ziegelhof desselben Eberhart
Scholers gelegen, zinst von Eig. 18ß an ein Pfrunde
gen Pfeffingen, und 3 gl. Gelts widerkoufig mit 60 gl.
dem Gotshus Clingentale.
Der Rath kauft dieselbe um die Zinse, die darauf stehen",https://files.transkribus.eu/Get?id=NKZMCKKMNVOOPCFOMLJIILED&fileType=view,dem Gotshus Clingentale ,Gotshus Clingentale ,0.9616788427035013,rel,Kloster Klingental,0.9828885426692575,False
HGB_1_225_046,Utengasse Th. v. 41 neben 39,2611724.6565374923,1267622.7254191653,ffc9f317-235a-40d7-add7-fff2cdd93744_20240705,3,1430,"Item gebent ze kouffen henman Spengler der reb¬
man und Angnes sin efrow Heynin Rosen civi et 2½
gulden geltz jerlich solvend zylary de et super ete.
item dz hus ze Reissen hof in
minren Basel in Utengassen zwüschent Henslin
Meders und Martin Meigers husern und dem garten mit
des halben trotten alles by dem vorgenannten hus gelegen,
zinsent gen Klingental von irs teils wegen, nemlich von
irem halben theil 5ß des die obigt verkouffer trägere
sint divis jerlich Joh. et. Joh, umb 37 ½ gulden. Heyne¬
nus Tollinger de Lützel consensit.",https://files.transkribus.eu/Get?id=JFDXTBDCHZXSVYEHFCYYZMCY&fileType=view,Klingental ,Klingental ,0.9503979086875916,rel,Kloster Klingental,1.0,False
HGB_1_225_046,Utengasse Th. v. 41 neben 39,2611724.6565374923,1267622.7254191653,d431200a-6303-4731-a2c0-405193fa989b_20240705,"4, 5",1433,"Item git ze kouffen Hans Spengler der rebman
Heym und Heman Leymer rebman burgere
Enelie Relten quond Heym Bossen 5 guld
geltz jerlichs zinses solnend jerlich Jacobi, uff
und abe des obgl. houptschuld ligenden zu¬
tern hienach underscheiden des ersten uff
sinem hus und halben trotten und halben
trothus mit dem garten dahinder sit in
minren Basel in Utengassen zwüschent Henß
lin Meders und Martin Meigers hüsern
Reisar
und gesassen und ist genant Reppenhof am
dentlich zinset den frowen ze Klingental ze
minren Basel und sunderlich swester
Angnesen Dürrin einer closterfrowen daselbs
10ß von eigenschaft wegen jerlich diß Joha¬
nis et Johannis, item ein juchart reben [sep] sit in banno pato in der Räwetten zwüschent
Enelin Kesslers und Heini Wusten reben zinset
von eigenschaft wegen den von Berenfels 2 ß
jerlich Martini aber ein juchart reben in der
nusetzi zwüschent Clewin Malers und Martin
Meigers reben zinset den herren von Lutzel 7ß
jerlich Martini von eigenschaft wegen item ein
halb juchart ouch in der unsetzi im Spitz zwü¬
schent dem tich und zwüschent Johan Zieglers
efrowen guter ist eigen item ein halb juchart
reben im Jgger zwüschent Heini Branden und
Clewin Krosen reben zinset den Barfüssen ze
Basel von eigenschaft wegen den Barfüßen ze
Basel (sic)
9ß jerlich Martini Zitem ein dritteil
reben zu den Schiffen in bano pato zwüschent
Clewin Phleglers und Annen Reberin reben
zinset den frowen ze Klingental 6ß jerlich
Martini, umb 100 guld.",https://files.transkribus.eu/Get?id=LAIPKENNYQKSWDENVFLZEYRI&fileType=view | https://files.transkribus.eu/Get?id=GVDHPTEXMBJNLFZUQOJZMYMS&fileType=view,den frowen ze Klingental ze minren Basel ,frowen ze Klingental ,0.934550940990448,rel,Kloster Klingental,1.0,False
HGB_1_225_046,Utengasse Th. v. 41 neben 39,2611724.6565374923,1267622.7254191653,d431200a-6303-4731-a2c0-405193fa989b_20240705,"4, 5",1433,"Item git ze kouffen Hans Spengler der rebman
Heym und Heman Leymer rebman burgere
Enelie Relten quond Heym Bossen 5 guld
geltz jerlichs zinses solnend jerlich Jacobi, uff
und abe des obgl. houptschuld ligenden zu¬
tern hienach underscheiden des ersten uff
sinem hus und halben trotten und halben
trothus mit dem garten dahinder sit in
minren Basel in Utengassen zwüschent Henß
lin Meders und Martin Meigers hüsern
Reisar
und gesassen und ist genant Reppenhof am
dentlich zinset den frowen ze Klingental ze
minren Basel und sunderlich swester
Angnesen Dürrin einer closterfrowen daselbs
10ß von eigenschaft wegen jerlich diß Joha¬
nis et Johannis, item ein juchart reben [sep] sit in banno pato in der Räwetten zwüschent
Enelin Kesslers und Heini Wusten reben zinset
von eigenschaft wegen den von Berenfels 2 ß
jerlich Martini aber ein juchart reben in der
nusetzi zwüschent Clewin Malers und Martin
Meigers reben zinset den herren von Lutzel 7ß
jerlich Martini von eigenschaft wegen item ein
halb juchart ouch in der unsetzi im Spitz zwü¬
schent dem tich und zwüschent Johan Zieglers
efrowen guter ist eigen item ein halb juchart
reben im Jgger zwüschent Heini Branden und
Clewin Krosen reben zinset den Barfüssen ze
Basel von eigenschaft wegen den Barfüßen ze
Basel (sic)
9ß jerlich Martini Zitem ein dritteil
reben zu den Schiffen in bano pato zwüschent
Clewin Phleglers und Annen Reberin reben
zinset den frowen ze Klingental 6ß jerlich
Martini, umb 100 guld.",https://files.transkribus.eu/Get?id=LAIPKENNYQKSWDENVFLZEYRI&fileType=view | https://files.transkribus.eu/Get?id=GVDHPTEXMBJNLFZUQOJZMYMS&fileType=view,den frowen ze Klingental ,frowen ze Klingental ,0.9882023632526398,rel,Kloster Klingental,1.0,False
HGB_1_225_047,Utengasse Th. v. 41 neben Lindenberg 7,2611724.6565374923,1267622.7254191653,6f846f0e-20e6-4b34-9b01-69cd31702aee_20240705,"3, 4",1428,"Item git Gerin Meders mit Peter Meder dem
messerschmid, Martino Meiger dem rebman
und Enelin siner elichen frowen und der vor
genanten gebern swester seligen tochter, ein
halb hus trotten und garten alles byemander
gelegen in der mindern statt Basel in Reissen
hoff zwüschent Hans Spenglers und Hans
Zubers hußern und garten zinset von eigen
schaft wegen den frowen zu Clingental und
sunderlich diser vergabet halb teil 10ß jerlich
Martini mit halber wisung und erschatzes
item ein halb juchart reben und bloß gelend
gelegen in bann minren Basel in der insetz
zwüschent wilent h. von Aeben ze Frowen und Hans
Spenglers vorgenant reben und gütern zinsen
den kinden und armen lüten an der Birs, [sep] oder den herren von Lützel wan dz in zwifel
stat 7ß Werlich Martini als sy sprachent Han
Eisse
viertel reben in banno Grdto in dem u.
zwüschent h. Blawesten des zieglers und Hen¬
man Mödellins reben zinsent 2ß der pseni.
des chöres uff Burg ze Basel jerlich Martini.
item 2 bett zwey houpthürsi sit groß item
ein phulwe item 8 blach item... und alles
jr ander gut eigend und varend",https://files.transkribus.eu/Get?id=TADKGPIFRAHJCPMCUPOFMGGA&fileType=view | https://files.transkribus.eu/Get?id=HMJEDNNMEMYPADTJTWCNVBJJ&fileType=view,den frowen zu Clingental ,frowen zu Clingental ,0.9910588264465332,rel,Kloster Klingental,1.0,False
HGB_1_225_047,Utengasse Th. v. 41 neben Lindenberg 7,2611724.6565374923,1267622.7254191653,12988424-e2a7-49da-aa5d-62628d894ba2_20240705,5,1433,"Item gebent ze kouffen Martin Meiger reb¬
man burger etc. und Angnes sin efrow, Peter
hans Meigenberg, einen guldin geltz jerlich
zinses sollnend jerlich zuvocavit uff und abe
dem hus und gesaß genant Reiffenhof sit
in minren Basel obman an Utengaß zwu-
schent Heman Spenglers und Hansen zu
bers husern und gesassen zinset der obg
Heman Spengler als ein hoftrager gegen den
frowen ze Klingental 10ß jerlich diß Mar¬
tim, umb 15 guld Spengler consensit",https://files.transkribus.eu/Get?id=PPFPRMFUMJBLBIAQQQTLXUDE&fileType=view,den frowen ze Klingental ,frowen ze Klingental ,0.9866118878126144,rel,Kloster Klingental,1.0,False
HGB_1_225_047,Utengasse Th. v. 41 neben Lindenberg 7,2611724.6565374923,1267622.7254191653,71e07c89-3641-4d7f-aebf-aff1b6a815f2_20240705,"8, 9",1462,"Item gend ze koffen Hans Butz und Else
sin ewirtin, Hansen Stoßkorb dem schiff¬
man, das huß und hoffstatt mit dem gar
ten darhinder so gelegen ist zu mindern
Basel ze obrost in der Ryngassen im
wingkel nebent Stephan Vischlins huß
ze einer und herr Oßwald Brand des schult
heissen schüren zer andern siten, zinset
von eygenschafft den frowen zu Clingental
5ß und 1 hun, so dem gand och darab
unser frowen buw uff Burg 18ß und
dem huß zu Wettingen 3ß von selgreten sic)
und jarzyten wegen, pro summa 10 ℔.
item Peter Mathys procurator in Clin¬
gental consensit.
Gerichtsbuch der mindern Stadto. [sep] Vischlin Steph. Eig v. Lindenbg 7 seit 1461
Butz hs. neben Lindenberg 7 Ao 1461
2 gibt an d. Domstift 12 ß Ao 1450",https://files.transkribus.eu/Get?id=RVXNZQTWKFBFOELROUPRDRPQ&fileType=view | https://files.transkribus.eu/Get?id=OQIWSJJXCZZXYPNMZLSFHPTG&fileType=view,den frowen zu Clingental ,frowen zu Clingental ,0.9956635981798172,rel,Kloster Klingental,1.0,False
HGB_1_225_050,Utengasse 6,2611566.543453429,1267800.1461221634,dc08a7fe-eea1-4f89-9eb8-3ba508dae8c0_20240705,"8, 9",1422,"Item gebent ze kouffen Hetzel von Läner
Gredlin Hen Heintzi und Adelheit sine kind
und trostent für Peter und Lienhart ouch
sine kind und geswistergit wand si mit ir
land auf disen kouff state ze habende do.
Johni Frishertz dem küffer ein hus und hof¬
stat mit ir zugehörde sit in minren Basel
in Utengassen gegen Wetzel Kellers hof über
gegen dem Tindern hus genant Blawenstein
und Claus Zellers seligen schüren, zinset
Thoman Brandes seligl erben von eigenschaft
wegen 11ß zinß d Martini und über dem
selben zins sol man jerlich richten und geben
pur Ma einen guld geltz den frowen ze
Klingental und nemlich der zem Wind ist
Frischertz Joh. Eig. v.
6 Ao 1435
kouft und widerkofg mit 20 flor, umb
6 gibt obige Zinsen Ao 1495 [sep] 30 ℔.",https://files.transkribus.eu/Get?id=KUJRBTCYWVROLWCYRONUNLRY&fileType=view | https://files.transkribus.eu/Get?id=ELBWIQBWESPAMWNBRUDGWVFE&fileType=view,den frowen ze Klingental ,frowen ze Klingental ,0.9358504265546799,rel,Kloster Klingental,1.0,False
HGB_1_225_060,Utengasse 48 (im Löffelschen Stadtplan 46),2611689.66607494,1267646.1168273904,9463afb4-6e60-449e-8dd1-675b7f1a8943_20240705,8,1430,"Item gebent ze kouffen Clewin Thufel und
Enelin sin efrow Cunrat Thufel, bruder Han-
sen von Höwingen man in Klingental
5 guldin geltz jerlich zinses solnend jerlich.
nat M. hof schüren und gantze gesaße genant
von altar har Sevogels schür sit in minren
Basel in Utengassen zwuschent dem geßlin
Bugben
so in den Rin abgat und Ringklin Väschs ge-
saßr ist eigen, so denne uff einer juchart reben
sit in banno minren Basel in Wanergassen
ex und Hüglin Brugger ex alia Fridrichs
von Brutbach reben zinsentzerlich 16ß Mar¬
tini den frowen ze Klingental, umb 100 guld",https://files.transkribus.eu/Get?id=DUJEWNSENKMDNTBQGIEKMCXI&fileType=view,den frowen ze Klingental ,frowen ze Klingental ,0.9843203723430634,rel,Kloster Klingental,1.0,False
HGB_1_225_062,"Utengasse 50, 52",2611695.972761366,1267639.7015188576,66eb017b-da6d-44b9-8307-e77613bd9519_20240705,12,1462,"Item gend ze koffen Heinrich Jegkis der
rebman und Else sin ewirtin, dem ersa¬
men herr Conrat Sporlin schaffner zu sant
Alban, 8ß geltes uff Martini von uff und
ab iren zwem husern und hoffstatt mit
dem gertlin darhinder gelegen in Utengassen
zwüschent des mülinmeisters zu Clingen
tal und Rudolff Mürers trotten, zinset
das ober hüslin dem spittal 10ß und
das grosser under huß den von Clingental
5ß und 1 guld geltz widerkouffig mit
20 guld, pro summ 7 guld, item Joh
Brüglinger spittalmeister, item Peter
Mathys schaffner zu Clingental consensit
Jecky hrch. Eig. v. 50 Ao 1464",https://files.transkribus.eu/Get?id=APUGFLGGFGNIYRHXFKYKUTFS&fileType=view,den von Clingental ,Clingental ,0.7407891551653544,rel,Kloster Klingental,1.0,False
HGB_1_225_063,Utengasse 52,2611700.2089479016,1267636.9656856311,ee01fad3-0937-42b5-b5bd-3b479cf43276_20240705,"3, 4",1509,"Item da gibt zu kouffen der ersam meister
Hanns Zoichdenhamer der huffschmidt bur¬
ger zu Basel und frow Margreth sin efrow
Stader
dem erbern Lienhart Studer hindersessen
zu mindern Basel Elsy siner efrowen,
ein hus mit dem höfli darhinder wie¬
dz zu mindern Basel an der Utten gassen
zu einer siten Hans Hugli zu der an¬
dern oberthalb Hans Kuffer zinst von
eigenschafft dem gotzhus sant Alban 4ß
und den frowen zu Clingental 1 ℔ 3ß
widerkouffig mit 20 guld letst dem Schaf.
ner zu sant Peter 30ß geltz ouch wider¬
kouffig mit 30 ℔ alles uff matten fürer
ist solich hus mit beladen und ist diser
kouff umb die beladnis obbemelt be¬ [sep] schen
also dz.
der verkouffer
durch dem
kouffer
schadloß gehalten.",https://files.transkribus.eu/Get?id=OEVJFNGOLVKDNYCBXJJXYBDB&fileType=view | https://files.transkribus.eu/Get?id=HJFYXGBYVCPQQWRSNXVEXOBM&fileType=view,den frowen zu Clingental ,frowen zu Clingental ,0.9909247756004333,rel,Kloster Klingental,1.0,False
HGB_1_113_034,Leonhardsgraben 12,2610957.817072053,1267310.143416215,dbf963ba-7825-41ce-b0ee-e621877b83f6_20240705,"7, 8",1434,"Aber hand wir von dem von Blotzen 17 sh. miner dn.
vallent uff sant Martinstag, die git Burckhardt Walchs
frow von irem Hus und Garten das do lit usswendig dem
graben der ellenden Herberg, einsit neben Heitzman Mey
lins Hus und Garten, das den frowen an den Steinen zins
von eigenschafft zer andern sitten Lienhart Schürers Hus
das er von eigenschafft zinset gon Clingental esist zu
wissen das die brieff wisent das Burckart Walchs Hus
und garten solle geben 16 sh. miner dn. do nement wir 17 sh.
und ist das die sach do Burckhart Walch die schüren
bernen wollt die uff sinemgarten stot do zocher ein
teil des gartensan sich der do hört zu Meiglins Hus
und do zugen wir 1 sh. gelts ab Meiglins Hus und Gar¬
ten und schlugent den uff Burckart Walchs hus und
schüren und garten, also sol man uns geben alle vor 17sh. [sep] nüwer dn. item der erschatz ist 2 sh. zins das gend um
ir erben. Dis git Hans Fritschin der Weber an den Spalen
Do git yetz Heinrich Osin 10 sh.
Do von wirt uns mit mer und ist fry lidig eygen.
verkoufft von unsern Schaffner Clausen Roten¬
nach Christi geburt viertzechen hundert mintzig und
sieben Jare.
S. MARIA MAGDALENA E REDISTARUM 1434
pag. 33 u. 34.
698. 16, HHr.
Ebenso.",https://files.transkribus.eu/Get?id=RLKZRAOJAYLDMHCHGEVIJMLM&fileType=view | https://files.transkribus.eu/Get?id=LZRIVDSVXYJKEZLKZTKIHAQJ&fileType=view,Clingental ,Clingental ,0.91209876537323,rel,Kloster Klingental,1.0,False
HGB_1_113_035,Leonhardsgraben 14,2610962.2489427333,1267305.3958920303,391e817c-786d-4bfa-a43f-919d00c1c301_20240705,13,1429,"Der Schaffner etc. jnnamen des gotshus s. Lienhart
verkauft an Lienharten Schürer von Hegenhein
daz Hus & die schüren mit dem Höflin entzwüschent
dez ganz gesess, gelegen in der vorstatt an dem
Spalen by Elolffsthor, zwüschent Burkarten dem
walch u Clewin Hertemberg, zinset voneig ze
Clingental 3 ℔ 2ring brot ze wisung u. 1sh erschatz
sodenne dem Marschalk ampt 5 sh. u. denne den herren
s. Peter 1sh. um 70 fl.",https://files.transkribus.eu/Get?id=KQXIUMXGFNHQRTEXQJQQHLFQ&fileType=view,Clingental ,Clingental ,0.9283750057220459,rel,Kloster Klingental,1.0,False
HGB_1_113_035,Leonhardsgraben 14,2610962.2489427333,1267305.3958920303,93a8cca7-df1e-434b-8fe6-27db8212c72a_20240705,19,1492,"Heinrich Schurer von Hegenhein verkauft an Ludwig
Ritter, ư seine Frau Briden, das Hus & Hofstatt mit
samt dem hindern höflin das vierzen schuch witt be¬
grifft, ư ein hofstatt lit hinden am höflin neben Hans
gloggler u Hans Fritschm
in der vorstatt an den
Spalen, zwüschen Hanns Fritschin dem Weber, u. Martin
Fritschin gelegen, u zum alten Stock genant ist, zinst
das Hus & Höflin von eig. Herman von Eptingen 3sh. u.
die gemell Hofstatt 30sh. zu Clingenthal, och von eig.
sonstfrei, 10 ℔.",https://files.transkribus.eu/Get?id=KZWDDDZCHUZKFGXNKQODRLOH&fileType=view,Clingenthal ,Clingenthal ,0.9149699211120605,rel,Kloster Klingental,1.0,False
HGB_1_113_035,Leonhardsgraben 14,2610962.2489427333,1267305.3958920303,5025757d-cb73-4c93-bb75-3b30f98867c7_20240705,22,1507,"Peter Schmitz von Grentzingen, u. seine Frau Elsin Rutschi
als Erben Heinrich Rutschnis sel. verkaufen an Herrinchen
Osin, den Metzgers die Hofstatt sehuren stok und garten
aneinander, in der vorstat an den Spalen, uff dem graben
by der Lus, von dem prunnen über, zwüschen Cunraten
Davidss, u der andern des Käuffers schüren, gelegen, stosst
hinden uff der Stattgraben, zinst das vorderteil 3sh. von eig.
S. Peterman von Eptingen, u. das hinder den Frauen zu
Clingental 30sh. sonstfrei, sum 25 ℔.
Des genanten Petermanns Schaffner willigt ein¬",https://files.transkribus.eu/Get?id=JWAOZFUOYIPUHTPLARLLKNLW&fileType=view,den Frauen zu Clingental ,Frauen zu Clingental ,0.8300082683563232,rel,Kloster Klingental,1.0,False
HGB_1_113_035,Leonhardsgraben 14,2610962.2489427333,1267305.3958920303,8565e609-3d05-4a46-8649-885b841b437f_20240705,"23, 24",1528,"hubrosius Radesch der Kürsner, u. Ursula seine Frau,
Conrat Schnytt der Maler u. seine Frau Clara, Sebastian
Gütly der Metzger u. seine Frau Margaretha, sodan Bath und
Chustiana Osy Ulin Frys des Metzgers sel. Kinder, des gl. Hans Esi
der jünger, Hansen Osis des eltern des Metzgern sel. son, alle als
Erben Heinrich Osis des Metzgers sel. verkaufen an Gregorien
Vackhen den Metzger, u seine Frau Barbara, ein schüren mit
samt dem garten darhinder, wie der jetzo jngezimt ist, u. dem
gemurten Stock, desgl. zwo Matten u. zwen Rebacker, als die
schüren mit dem garten darhinder u. der Stock, byder huss, zwüschen
Conraten Davids schuren u. der Verkäufer schürly, desgl. der garten
darhinder, zwüschen Walter Harnasch u. Martin Dampfrion gelegen,
so ist der einen Matten vier Juch mit samt zweyen landern teben
darzu gehörend vor Spalenthor usserthalp dem heilgen crütz,
zwüschen beiden strassen u. zwüschen Conraten David u. Sebastian [sep] Krugen gelegen, die ander matten genant Wysshengsts matten,
ist zwa Juch. Matten zwüschen beiden Rebackern da des einen
ein Juchart, des andern ein halp Juch ist, mit samt einer landern,
darzu gehörig, alles seben und matten aneinander vor Spalenthor
auch usserthalp dem heilgen crütz u. auch zwüschen beiden strassen,
desgl zwüschen Hansen Rotenbach dem Metzger u. Jacoben
Nespel dem Karrer gelegen, zinst die schüren samt dem garten,
darhinder den frauen zu Clingental 30sh. den Frauen an den steinen
17 u. denen von Eptigen 3sh. so zinsen die Wuch matten sant
den zweien Landeren, desgl. die ze Zuch. Matten samt den 1 1/2 Juch.
Reben u. der einen handeren den frauen zu Gnadental 2 ℔ 14 sh.
u. dn. sonst frei, um 50 ℔. 16sh. 8 dn.",https://files.transkribus.eu/Get?id=NMFUVDLXJLKSSYGRHJHBJCFG&fileType=view | https://files.transkribus.eu/Get?id=RYHENZETYHNQLCYOTTIMXHHU&fileType=view,den frauen zu Clingental ,frauen zu Clingental ,0.9251624941825867,rel,Kloster Klingental,1.0,False
HGB_1_028_012,Blumenrain 1,2611196.341498096,1267719.0014988114,5f7fceb4-28b8-4ec7-9e1e-8e2541b1a632_20240705,19,1488,"Hanns Sydinman der Kannengiesser, verkauft an
Lienhart Grünagel den Hubschmid, u. seine Frau Brida¬
das Hus & Hofstatt neben dem Hus zem roten steinen
ze einer u. der Herberg zem Blumen an eck zer andern
siten, ư gegen der Herberg zem Blumen über, zinset von
eig. 2 1/2sh. zu s. Peter sodan sol man jährl geben
2 1/2 fl. 2. & f. hus uf Burg, ư 2fl zu Clingental mit widerk.
sonstfrei, sum 130 fl.",https://files.transkribus.eu/Get?id=HTYTIUAFDSKQLTYSDCVFVUAM&fileType=view,Clingental ,Clingental ,0.899326741695404,rel,Kloster Klingental,1.0,False
HGB_1_028_012,Blumenrain 1,2611196.341498096,1267719.0014988114,4ba18d94-f4d6-4ba6-bc7d-de149c4bc103_20240705,20,1489,"Hanns Sydelman der Kannengiesser Bgr zu Mentz.
für sich u. sine Bruder Peter & Jakob, auch Ennelin
sin swester, verkauft an Lienhart Gronagel den Hufsmid
u. seine Frau Brigiden, das Hus & Hofstatt mit samt
allen Schmidgeschiri, als das under den Saltzkasten
vor dem Hus & Herberg zum Rossgarten über, ư an dem
Hus zum Sternen gelegen, ist ein Egkhus, zinst 2 1/2sh.
voneig. zu s. Peter, sodan sol man davon geben 2 1/2 fl.
gelts widerk mit 50 fl. u. fr. altar in s. Ulrichs kirchen,
u 2fl widerk mit 40 fl. zu Clingental, jtem Heing Burgis
des Messersmids einen halben fl. widerk mit 10fl. sonstfrei.
um 130fl.",https://files.transkribus.eu/Get?id=TNRJVRCBIHJBSQJPVEWLJAPF&fileType=view,Clingental ,Clingental ,0.8086456060409546,rel,Kloster Klingental,1.0,False
HGB_1_028_012,Blumenrain 1,2611196.341498096,1267719.0014988114,3efb14fd-9e1a-4368-8f2f-da60a3a533cb_20240705,25,1524,"Lux Grüngel der Hufschmid, und seine Frau Brida, ver¬
den schnig
kaufen an Hansen Grünssen hindersess zu Basel, u. seine Frau
Cristina, die Schmitten samt Hus Hofstatt, dem Weichzig
so zu dem Schmidhandtwerch gehört, by der Herperg zum Blumen,
am Hus zum Guldin Steinen, ze einer sydten glegen, u. zer
ander ein Eckhus ist, zinset in abl. Gülten, jtem den Frauen zu
Clingental 2 fl. jtem s. Ulrich Lütkilchen 2 1/2 fl. jtem Martin Schert
dem schmid 1 fl. jtem Lienhart Grünagel dem schmid 1 fl. u. zuletzt
Jacob Gumagel 1 fl. sonst frei, sum 200 fl.",https://files.transkribus.eu/Get?id=RAKRVCFKFQUVBSXSZIFOEHFH&fileType=view,den Frauen zu Clingental ,Frauen zu Clingental ,0.9976737201213837,rel,Kloster Klingental,1.0,False
HGB_1_028_013,Blumenrain 1a,2611196.341498096,1267719.0014988114,8e04bc8b-de39-42c0-b7a2-3aabdda35880_20240705,19,1460,"Official-Urkunde.
Hanns Heidelberg der Wirt zem Blumen und Margreth Wen¬
tikon die jung sin eliche Hussfrow verkaufen der Presentz
des Stiffts zu Basel 3/2 Gulden Gelts jerliches Zinses von uff
und ab irer Herberg genant zem Blumen, als sy gelegen ist
zu Basel under den Saltzgasten ober Sant Brandolff, zinset
jerlichen den Herren zu Sant Peter zu Basel 10 sh. und den
Frowen zu Clingental 1 ℔. u. B. Phg. von der Eigentschaft, dem
Frior und Convent zu den Predigern 5 Gld. Gelts gekaufft und
widerköffig mit 100 Gld, umb 70 Gulden.",https://files.transkribus.eu/Get?id=UUWXGCSSPRUJQQKFIUFKGHUD&fileType=view,den Frowen zu Clingental ,Frowen zu Clingental ,0.9980163127183914,rel,Kloster Klingental,1.0,False
HGB_1_028_013,Blumenrain 1a,2611196.341498096,1267719.0014988114,d8f28ef5-6536-48ac-8553-4c7bc84366e7_20240705,20,1460,"Hanss Heidelberg der Würt zum Blomen und
Margret Wentikon die jung sin Efrauw verkau¬
fen der Presentz der hochen Stifft Basel 3 1/2 Gld. jerl.
Zinses von uff und ab ihrer Herberg zum Blomen,
als die gelegen ist in der Statt Basell under den
Saltzkasten ober sant Brandolff, zinset jerlichen
zu sant Petter 10 sh., zu Klingentall 1 ℔. u. d. von
der Eygenschafft und dennen zu den Predigern Schli¬
widerkfg mit 100 Gld, und ob den Küfferen an ob.
geschrybenem Underpfand abgieng, als dam von
uff und ab dem Huss zum kleinen Blomen,
Diese Herberg zinset wither der Presentz uff
Pfingsten 2 ℔. vom Huss zum Bart Summa 6 ℔. 6den.
Lienhart Harnist Jetz Bastian Fisch (durchgest.
Domstift C. Zinsbuch der Präsenz u. Cammerei fol. 52.",https://files.transkribus.eu/Get?id=QWDHEDQSSYUYCRCJPKYGHZOU&fileType=view,Klingentall ,Klingentall ,0.7480118870735168,rel,Kloster Klingental,0.9730795460839351,False
HGB_1_028_013,Blumenrain 1a,2611196.341498096,1267719.0014988114,5ad4e1d5-2c9c-4dc5-8fd5-67b87d274877_20240705,24,1463,"aber 5 gulden uf Martini git Rudolf Schlier.
bach von ventekoms wegen, underpfand das Hus
genant zem blumen zinset 1 ℔ von der eigen¬
schaft den obengenanten frowen von Clingenthal
uf phingsten,
u. a. Liegenschaft.
Datum: Anno etc 59 Jar alt.
das Hauptgus ist komen an Doctor Arnolt zum Lufft.
Rand: abgelöst.
gestrichen.",https://files.transkribus.eu/Get?id=DTTUEZLTJOGUBDJRTEPQYOYP&fileType=view,den obengenanten frowen von Clingenthal ,frowen von Clingenthal ,0.9569762825965882,rel,Kloster Klingental,1.0,False
HGB_1_028_013,Blumenrain 1a,2611196.341498096,1267719.0014988114,a17732ce-4166-4210-94b5-1e27ac15e242_20240705,29,1464,"Hanns Heidelberg der Wirt zem Blumen, u. seine Frau
Margreth, verkaufen an Peter Hannsen Heidelberg jren
sin, die Herberg Huse u. Hofstatt, genant zem blumen
gelegen under den Saltzkasten an sant Brandolffscapelle
zinset jährl voneig. 10sh. zu s. Peter, sodan an die Presenz
der merem Stift 3 1/2 fl. widerk mit 70fl. u. 3 1/2sh. dem
gotshus s. Johann von des überbuw, wegen so beschen ist
uf sant Brandolf capelle, sodan aber 1 ℔ zu Klingental
widerk mit 20 ℔.
ư andere Güter,
um 500 fl.",https://files.transkribus.eu/Get?id=DXOQQVNVTJZXMQWOANXVQHTD&fileType=view,Klingental ,Klingental ,0.9356440901756287,rel,Kloster Klingental,1.0,False
HGB_1_028_013,Blumenrain 1a,2611196.341498096,1267719.0014988114,52eadfec-386d-4b6d-9587-b3c608678ad4_20240705,"50, 51",1525,"Niclaus Lengfeld, u. seine Frau Dorothea, vertauschen ihr
Hus u. Herberg genant zum blumen, by den salzkasten, singswys
umb an den Allmend glegen, u. den stal u. schüren genant zum
Bart, vor der Herperg zum blumen über, zwüschen Doctor Berchtold
Barthers, und den schmitten zum Blumen glegen, zinset von eig. der
Presenz uf Burg, 2 ℔, den frauen zu Clingental 1 ℔. den herren zu s. Peter
10sh. u. den S. Johanserherren 3 1/2sh. sodan in widerk. gülten, aber
den frauen zu Clingental 5 fl. J. Rudolf Schlierbachs Erben 7 1/2 ℔
der Presenz uf Burg 3 1/2 fl u. Jr. Jacob von Eptingen Erben 33sh. 4 dn.
an Jacob Ungerer etwan ein procurator der Bischofl Hofs zu Basel
u. seine Frau Winbrat, um derselben Hus u. stallung hinder
einander, in der Lampartergassen genant zum Stryt, zwüschen
dem Hus Meyland, u. Heinrich Schopfer des Zimermans hus glegen,
stosst hinden an das Salastgessli, zinset von eig. der Preseng
uff Burg 1 ℔ 16sh. u. dan Conraten Zimerman Caplan uff Burg 5 fl. sind abl. [sep] sonst frey.
Letztere zahlen Ersteren noch 477 ℔ 10sh. 10dnt.
mit Nachtrag wegen Bezalung der 477 ℔ 10sh. 10dn.
Zussge der Kalther Kilwiche abent.
fertigungsbuch.",https://files.transkribus.eu/Get?id=AVFMNSIRFBRWTPZEDFHGNKAT&fileType=view | https://files.transkribus.eu/Get?id=ZENYCYAIQRQJVJGUIGHULOFS&fileType=view,den frauen zu Clingental ,frauen zu Clingental ,0.9693584591150284,rel,Kloster Klingental,1.0,False
HGB_1_028_013,Blumenrain 1a,2611196.341498096,1267719.0014988114,52eadfec-386d-4b6d-9587-b3c608678ad4_20240705,"50, 51",1525,"Niclaus Lengfeld, u. seine Frau Dorothea, vertauschen ihr
Hus u. Herberg genant zum blumen, by den salzkasten, singswys
umb an den Allmend glegen, u. den stal u. schüren genant zum
Bart, vor der Herperg zum blumen über, zwüschen Doctor Berchtold
Barthers, und den schmitten zum Blumen glegen, zinset von eig. der
Presenz uf Burg, 2 ℔, den frauen zu Clingental 1 ℔. den herren zu s. Peter
10sh. u. den S. Johanserherren 3 1/2sh. sodan in widerk. gülten, aber
den frauen zu Clingental 5 fl. J. Rudolf Schlierbachs Erben 7 1/2 ℔
der Presenz uf Burg 3 1/2 fl u. Jr. Jacob von Eptingen Erben 33sh. 4 dn.
an Jacob Ungerer etwan ein procurator der Bischofl Hofs zu Basel
u. seine Frau Winbrat, um derselben Hus u. stallung hinder
einander, in der Lampartergassen genant zum Stryt, zwüschen
dem Hus Meyland, u. Heinrich Schopfer des Zimermans hus glegen,
stosst hinden an das Salastgessli, zinset von eig. der Preseng
uff Burg 1 ℔ 16sh. u. dan Conraten Zimerman Caplan uff Burg 5 fl. sind abl. [sep] sonst frey.
Letztere zahlen Ersteren noch 477 ℔ 10sh. 10dnt.
mit Nachtrag wegen Bezalung der 477 ℔ 10sh. 10dn.
Zussge der Kalther Kilwiche abent.
fertigungsbuch.",https://files.transkribus.eu/Get?id=AVFMNSIRFBRWTPZEDFHGNKAT&fileType=view | https://files.transkribus.eu/Get?id=ZENYCYAIQRQJVJGUIGHULOFS&fileType=view,den frauen zu Clingental ,frauen zu Clingental ,0.9968786835670471,rel,Kloster Klingental,1.0,False
HGB_1_028_013,Blumenrain 1a,2611196.341498096,1267719.0014988114,860bf99b-2528-4d68-aafe-344ab746e445_20240705,55,1527,"Jacob Viger, u. seine Frau Wybrand verkaufen an Adam,
Ryppli von Thann, dem Würt zum Plumen, das Hus u. Herperg,
genant zum Plumen, sod an die schuren u. Stallung genant zum
Barth, neml die Herberg bi den Saltzkasten, ringswys umb an
der Allment, sodan die schuren u. Stallung, vor der Herberg,
über, zwüschen doctor Berchtold Barthers sel. hus, u. der Smitten
zum Blumen glegen ist, zinset voneig. der Presens uff Burg 2 ℔.
den Frauen zu Clingenthal 1 ℔. den Herren S. Peter 10sh. den S. Johanser
heuen 3 1/2sh. sodan in widerk. gülten aber dem Clingenthal 5 fl.
Jr. Rudolf Schlierbachs sel. Erben 7 1/2 ℔, der Presen uff Burg 3 1/2 fl.
Jr. Jacob von Eptingen sel. Erben 37 1/2sh. 4 dn. u. Hansen Brug dem
Wynschencken 5 fl. so ist dann auch solich hus in sw. Niclausen Langfer
u. Dorothea siner Ehessl. underpfant für 440 ℔ 10 den
vom 206 1/2 fl.
Mit Nachtrag wegen Bezalung der schuldig gebliebenen 408 ℔ 9sh. 6dn.",https://files.transkribus.eu/Get?id=EZBOOECOVJZBHYALVEFPESBF&fileType=view,den Frauen zu Clingenthal ,Frauen zu Clingenthal ,0.9851173013448715,rel,Kloster Klingental,1.0,True
HGB_1_028_013,Blumenrain 1a,2611196.341498096,1267719.0014988114,860bf99b-2528-4d68-aafe-344ab746e445_20240705,55,1527,"Jacob Viger, u. seine Frau Wybrand verkaufen an Adam,
Ryppli von Thann, dem Würt zum Plumen, das Hus u. Herperg,
genant zum Plumen, sod an die schuren u. Stallung genant zum
Barth, neml die Herberg bi den Saltzkasten, ringswys umb an
der Allment, sodan die schuren u. Stallung, vor der Herberg,
über, zwüschen doctor Berchtold Barthers sel. hus, u. der Smitten
zum Blumen glegen ist, zinset voneig. der Presens uff Burg 2 ℔.
den Frauen zu Clingenthal 1 ℔. den Herren S. Peter 10sh. den S. Johanser
heuen 3 1/2sh. sodan in widerk. gülten aber dem Clingenthal 5 fl.
Jr. Rudolf Schlierbachs sel. Erben 7 1/2 ℔, der Presen uff Burg 3 1/2 fl.
Jr. Jacob von Eptingen sel. Erben 37 1/2sh. 4 dn. u. Hansen Brug dem
Wynschencken 5 fl. so ist dann auch solich hus in sw. Niclausen Langfer
u. Dorothea siner Ehessl. underpfant für 440 ℔ 10 den
vom 206 1/2 fl.
Mit Nachtrag wegen Bezalung der schuldig gebliebenen 408 ℔ 9sh. 6dn.",https://files.transkribus.eu/Get?id=EZBOOECOVJZBHYALVEFPESBF&fileType=view,dem Clingenthal ,Clingenthal ,0.9059610366821289,rel,Kloster Klingental,1.0,True
HGB_1_028_013,Blumenrain 1a,2611196.341498096,1267719.0014988114,e78c208a-027d-42a8-856e-4dccadd683da_20240705,"58, 59",1529,"Cldam Küslin der Würt zum Blumen, u. seine Frau Katherind,
verkaufen an Hansen Lye von Eychstetten den Koch, hindersess
zu Basel und seine Frau Margaretha, das Hus u. Herberg,
genant zum Blumen, sodan die Schüren und Stallung genant
zum Bart, neml die Herperg zum Blumen, by den Saltzkasten, zings
wyss umb an der allmeind, sodann die Schüren u. Stallung
genant zum Bart, vor der Herperg über, zwüschen Melchior
des Messerschmids hus, u. der Schmittten zum plumen glegen ist,
zinst von eig. der Presenz uff Burg 2 ℔, den Frauen zu Clingenthal 1 ℔.
den Herren zu s. Peter 10sh. den S. Johanserherren 3 1/2sh.
sodan in widerk. gulten aber den Frauen zu Clingenthal 5 fl. Jr. Rudolf
Schlierbachs erben 7 1/2 ℔, der Presenz uff Burg 3 1/2 fl. Jr. Jacobs
von Eptingen sel. Erben 1 ℔ 17 sh. 10dn. u. Hansen Brug dem Winschencken
5 fl. sodan solich Herperg u. s. v. Niclausen Lengfeld u. Jacoben Vigern,
ouch Dorothea und Wybrand jr efrauen underpfandt um 388 ℔ 15 sh. Schuld [sep] welich schuld, desgl. die hievorgemelt zins die Käufer über
sich nemen, um 289 fl.
Mit Nota wegen Bezalung der beim Kauf schuldig
gepliebenen 139 fl.",https://files.transkribus.eu/Get?id=OGKRVGAPGWFNTYVLGMCVTBKY&fileType=view | https://files.transkribus.eu/Get?id=QBGSVJSSSEIXBOTUACXKXWXC&fileType=view,den Frauen zu Clingenthal ,Frauen zu Clingenthal ,0.9789484739303589,rel,Kloster Klingental,1.0,True
HGB_1_028_013,Blumenrain 1a,2611196.341498096,1267719.0014988114,e78c208a-027d-42a8-856e-4dccadd683da_20240705,"58, 59",1529,"Cldam Küslin der Würt zum Blumen, u. seine Frau Katherind,
verkaufen an Hansen Lye von Eychstetten den Koch, hindersess
zu Basel und seine Frau Margaretha, das Hus u. Herberg,
genant zum Blumen, sodan die Schüren und Stallung genant
zum Bart, neml die Herperg zum Blumen, by den Saltzkasten, zings
wyss umb an der allmeind, sodann die Schüren u. Stallung
genant zum Bart, vor der Herperg über, zwüschen Melchior
des Messerschmids hus, u. der Schmittten zum plumen glegen ist,
zinst von eig. der Presenz uff Burg 2 ℔, den Frauen zu Clingenthal 1 ℔.
den Herren zu s. Peter 10sh. den S. Johanserherren 3 1/2sh.
sodan in widerk. gulten aber den Frauen zu Clingenthal 5 fl. Jr. Rudolf
Schlierbachs erben 7 1/2 ℔, der Presenz uff Burg 3 1/2 fl. Jr. Jacobs
von Eptingen sel. Erben 1 ℔ 17 sh. 10dn. u. Hansen Brug dem Winschencken
5 fl. sodan solich Herperg u. s. v. Niclausen Lengfeld u. Jacoben Vigern,
ouch Dorothea und Wybrand jr efrauen underpfandt um 388 ℔ 15 sh. Schuld [sep] welich schuld, desgl. die hievorgemelt zins die Käufer über
sich nemen, um 289 fl.
Mit Nota wegen Bezalung der beim Kauf schuldig
gepliebenen 139 fl.",https://files.transkribus.eu/Get?id=OGKRVGAPGWFNTYVLGMCVTBKY&fileType=view | https://files.transkribus.eu/Get?id=QBGSVJSSSEIXBOTUACXKXWXC&fileType=view,den Frauen zu Clingenthal ,Frauen zu Clingenthal ,0.9944170117378235,rel,Kloster Klingental,1.0,True
HGB_1_028_020,"Blumenrain 3, 5",2611192.215701638,1267731.931225468,5e0a3ce3-0f98-4602-afa2-9f59dc55d3af_20240705,"18, 19",1525,"Niclaus Lengfeld, u. seine Frau Dorothea vertauschen ihr Hus
u. Herberg genant zum blumen, by den Saltzkasten, nygswys umb
an der Ulmend glegen, u den Stat ir schüren genant zum Bar
vor der Herperg zum blumen über, zwüschen Doctor Berchtold
Barthers und der Schmitten zum Blumen glegen, zinst voneig.
der Presenz uf Burg 2 ℔ den frauen zu Clingental 1 ℔ den herren
z. s. Peter 10 sh. u den s. Johanserherren 3½ sh. sodan in wideck
gülten, aber den Sunen zu Clingental 5 fl. Jn Rudolf Schlierbachs¬
Erben 7 1/2 ℔ der Presenz uf Burg 3 1/2 fl. u. In Jacob von Eptinge.
Erben 33 sh. 4 dn. an Jacob ungereretwan ein procurator des
Bischofl. Hofs zu Basel u. seine Frau Winbrat, und derselben Hus
u. Stallung hinder einander, in der Lampartergassen genant
zum Strut, zwüschen dem Hus Meyland, u. Heinrich Schopfer
des Zimermans hus glegen, stosst hindenus an das Salastgessli
zinset von eig der Presenz uff Burg 1 ℔ 16 sh. u. dem Conraten [sep] Zimermans Caplan uf Burg 5 fl. sind abl. sonstfrei.
Letztere zahten Ersteren noch 447 ℔ 10 sh. 10 dn.
mit Nachtrag wegen Bezalung der 477 ℔ 10 sh. so dn.",https://files.transkribus.eu/Get?id=VGYUPJATXNPHQBNLODGLNKXB&fileType=view | https://files.transkribus.eu/Get?id=OUBWWWGLTZLXZLMZZTGOHPGG&fileType=view,den frauen zu Clingental ,frauen zu Clingental ,0.9264838993549347,rel,Kloster Klingental,1.0,True
HGB_1_028_020,"Blumenrain 3, 5",2611192.215701638,1267731.931225468,5e0a3ce3-0f98-4602-afa2-9f59dc55d3af_20240705,"18, 19",1525,"Niclaus Lengfeld, u. seine Frau Dorothea vertauschen ihr Hus
u. Herberg genant zum blumen, by den Saltzkasten, nygswys umb
an der Ulmend glegen, u den Stat ir schüren genant zum Bar
vor der Herperg zum blumen über, zwüschen Doctor Berchtold
Barthers und der Schmitten zum Blumen glegen, zinst voneig.
der Presenz uf Burg 2 ℔ den frauen zu Clingental 1 ℔ den herren
z. s. Peter 10 sh. u den s. Johanserherren 3½ sh. sodan in wideck
gülten, aber den Sunen zu Clingental 5 fl. Jn Rudolf Schlierbachs¬
Erben 7 1/2 ℔ der Presenz uf Burg 3 1/2 fl. u. In Jacob von Eptinge.
Erben 33 sh. 4 dn. an Jacob ungereretwan ein procurator des
Bischofl. Hofs zu Basel u. seine Frau Winbrat, und derselben Hus
u. Stallung hinder einander, in der Lampartergassen genant
zum Strut, zwüschen dem Hus Meyland, u. Heinrich Schopfer
des Zimermans hus glegen, stosst hindenus an das Salastgessli
zinset von eig der Presenz uff Burg 1 ℔ 16 sh. u. dem Conraten [sep] Zimermans Caplan uf Burg 5 fl. sind abl. sonstfrei.
Letztere zahten Ersteren noch 447 ℔ 10 sh. 10 dn.
mit Nachtrag wegen Bezalung der 477 ℔ 10 sh. so dn.",https://files.transkribus.eu/Get?id=VGYUPJATXNPHQBNLODGLNKXB&fileType=view | https://files.transkribus.eu/Get?id=OUBWWWGLTZLXZLMZZTGOHPGG&fileType=view,den Sunen zu Clingental ,Sunen zu Clingental ,0.9724459797143936,rel,Kloster Klingental,1.0,True
HGB_1_028_020,"Blumenrain 3, 5",2611192.215701638,1267731.931225468,c7b2f15e-9b67-4b80-9518-6db465469142_20240705,"20, 21",1527,"Jacob Vrger, u. seine Frau Wybrand, verkaufen an Adam Kyppl
von Thannzum Plumen, das Hus u. Herperg, genant zum Thuner
sodan die Schüren u. Stallung genant zum Barth, nem
die Herberg bi den Saltzkasten, ungswys umb an der
allmen, sodan die schüren u. stallung, vor der Herberg über
zwüschen dictor Berchtold Barthers sel. hus u. der Sitten
zum Blumen glegenn ist, zinset von eig. der Presens uff Burg 2 ℔.
den Frauen zu Clingenthal 1℔ den Herren s. Peter ze sh. den
s. Johanserherren 3½ sh. sodan in widerk, gulten aber dem
Clingenthal 5 fl. Fr. Rudolf Schlierbachs sel. Erben 7 1/2 ℔ der
besens uff Burg 3 1/2 fl. Jr. Jacob von Eptingen sel. Erben 37 1/2 sh.
4 dn. u. Hansen Bring dem Wynschenker 5 fl. sist dan auch
solich hus u. s. w. Nichausen hangfeld u. Dorothea siner Ehef¬
underpfant für 440 ℔. 10 dn.
um 206/2 fl. [sep] Mit Nachtrag wegen Bezalung der schuldig gebliebenen
408 ℔. 9 sh. 6 dn.",https://files.transkribus.eu/Get?id=NECFBGBUAAWKXUAIPIAWKTVD&fileType=view | https://files.transkribus.eu/Get?id=ISSIACQGSQAXJIAPFINSLWXT&fileType=view,den Frauen zu Clingenthal ,Frauen zu Clingenthal ,0.9859765768051147,rel,Kloster Klingental,1.0,True
HGB_1_028_020,"Blumenrain 3, 5",2611192.215701638,1267731.931225468,c7b2f15e-9b67-4b80-9518-6db465469142_20240705,"20, 21",1527,"Jacob Vrger, u. seine Frau Wybrand, verkaufen an Adam Kyppl
von Thannzum Plumen, das Hus u. Herperg, genant zum Thuner
sodan die Schüren u. Stallung genant zum Barth, nem
die Herberg bi den Saltzkasten, ungswys umb an der
allmen, sodan die schüren u. stallung, vor der Herberg über
zwüschen dictor Berchtold Barthers sel. hus u. der Sitten
zum Blumen glegenn ist, zinset von eig. der Presens uff Burg 2 ℔.
den Frauen zu Clingenthal 1℔ den Herren s. Peter ze sh. den
s. Johanserherren 3½ sh. sodan in widerk, gulten aber dem
Clingenthal 5 fl. Fr. Rudolf Schlierbachs sel. Erben 7 1/2 ℔ der
besens uff Burg 3 1/2 fl. Jr. Jacob von Eptingen sel. Erben 37 1/2 sh.
4 dn. u. Hansen Bring dem Wynschenker 5 fl. sist dan auch
solich hus u. s. w. Nichausen hangfeld u. Dorothea siner Ehef¬
underpfant für 440 ℔. 10 dn.
um 206/2 fl. [sep] Mit Nachtrag wegen Bezalung der schuldig gebliebenen
408 ℔. 9 sh. 6 dn.",https://files.transkribus.eu/Get?id=NECFBGBUAAWKXUAIPIAWKTVD&fileType=view | https://files.transkribus.eu/Get?id=ISSIACQGSQAXJIAPFINSLWXT&fileType=view,dem Clingenthal ,Clingenthal ,0.9398202896118164,rel,Kloster Klingental,1.0,True
HGB_1_028_022,Blumenrain 9,2611189.843144723,1267757.5069115083,65dc897a-7fc5-4689-958a-01b6123a45a6_20240705,7,1409,"Item gab ze koffende Hans Zellenberg
et Silia eig uxor, Contz Hoffman demme
kucht ine kofhuse dz huse so man nem
met ze Lützn gelegen in der stat Basel
hinden gegen dem Blumen miter ze
Hüning Heman Hindelochs huse ist
erbe von den frowen ze Klingental git
man 2 ℔ zins 2 ring Martini
3ß erschatz, imme 18gl mind 5ß
Joh de Münster consensit",https://files.transkribus.eu/Get?id=EPSCKMXHLUGRPTHNXGNOBEMG&fileType=view,den frowen ze Klingental ,frowen ze Klingental ,0.9417658895254135,rel,Kloster Klingental,1.0,False
HGB_1_028_022,Blumenrain 9,2611189.843144723,1267757.5069115083,467869d1-636a-444e-94f6-ca538ca2e05a_20240705,8,1437,"Aswald Martin der schiffmann verkauft ab
Hansen Teschler den schnider, ein Hus & Hofstatt
genant Lezen, gelegen vor dem Hus zem Blumen
über, nebend dem Hus ze Hüningen es u.
Degerfelds seb hus zer andern siten, der Küffers
zinset voneig. ze Clingental 2 1/2 ℔, um 90 fl.",https://files.transkribus.eu/Get?id=EOCQURXRRETVVGLSATVCAENR&fileType=view,Clingental ,Clingental ,0.9161425828933716,rel,Kloster Klingental,1.0,False
HGB_1_028_022,Blumenrain 9,2611189.843144723,1267757.5069115083,512024f0-2410-4884-b7c9-60160db40f9d_20240705,9,1441,"Hans Teschler der schnider u. Gred sin ewirtin,
verkaufen an Mathysen von Waltpach u. Frow Ennelin,
1 fl gelts, ab jrem Hus u. Hofstatt so genant ist
Lützern, so gelegen an Utingengassen, hinder dem
Blumen nebend dem Hus ze Hüningen u. segerfelds hus
zinset ze Clingental 1 ℔ 5 sh. um 20 fl.",https://files.transkribus.eu/Get?id=VHSKQGIPPIEKHEJRFSFOKUYD&fileType=view,Clingental ,Clingental ,0.9556581974029541,rel,Kloster Klingental,1.0,False
HGB_1_028_022,Blumenrain 9,2611189.843144723,1267757.5069115083,a6d9bce5-0a8d-4951-afda-d36e3fd1a683_20240705,13,1489,"Da git Anthoni Waltenhein, der erbern Claren Betz¬
uenin der betterin in der nuwen badstuben, ze kauffen,
das Hus & Hofstatt hinder dem Blumen über, zwüschen
beiden tegerfellds husern gelegen u. Lucern genant ist,
zinst von eig. dem Clingental 1 ℔ 5 sh. u 3 sh erschatz
sum 24 fl.",https://files.transkribus.eu/Get?id=ZOMHTWKAIVXGGWAFQXHIZTDG&fileType=view,dem Clingental ,Clingental ,0.9579698741436005,rel,Kloster Klingental,1.0,False
HGB_1_028_022,Blumenrain 9,2611189.843144723,1267757.5069115083,66430ef5-6f4f-42ef-a2cf-02cced986855_20240705,14,1494,"Hanns Degerfeld der Kuffer u seine Frau Berbelin,
verkaufen an Brigiden von Strassburg, das Hus &
Hofstatt genant Lüsern, am Saltzberg, zwüschen
dem Hus Humngen ư dem Hus zum Kriechbom gelegen
ist, zinst voneig. dem Clingental 2 1/2 ℔, 3 sh erschatz
u 2ring Brot ze wisung, sodan sol man geben 1 fl.
widerk. dem Bur uf Burg, sonstfrei, um 1fl.",https://files.transkribus.eu/Get?id=BPCLPCAFEFSHDXNQRNWDRBWK&fileType=view,dem Clingental ,Clingental ,0.9836161136627197,rel,Kloster Klingental,1.0,False
HGB_1_028_022,Blumenrain 9,2611189.843144723,1267757.5069115083,62f0c78b-5433-4452-ac09-9273e3317eef_20240705,18,1519,"Niclaus Kessler Wirt zum wyssen Adler, und seine Frau
Magdalena, verkaufen an Gergen Sporheym, den Scherer u. seine
Frau Elspetha, das Hus u. Hofstatt hinder der Herperg z. Blumen,
am Saltzberg, zu nechst an dem andere der Käufere hus glegen,
u. zu der Lucernen genant ist, zinst von eig. den Frauen zu
Clingental 1 ℔ 5 sh. um 30 ℔.
Sambstag nach Katherine.",https://files.transkribus.eu/Get?id=TEXBJDAPXPGYHOJUOGKFSNTK&fileType=view,den Frauen zu Clingental ,Frauen zu Clingental ,0.9978954344987869,rel,Kloster Klingental,1.0,False
HGB_1_028_029,"Blumenrain Theil von 11a, Ecke.",2611192.533551285,1267769.6354853376,a128248f-d7a9-449b-8608-5a7ded05d06b_20240705,"11, 12",1416,"Item do gab ze kouffende herre Otteman Richen¬
tal ein priester und wissenthaffter schaff ener
des erwirdigen herren des tumprobstes und cappit.
fels der stiffte uff Burg ze Basel in namen der¬
selben herren etc, Hanns Jm Hoff dem murer
und Elsine siner efrowen das huse und hofstatt
genant Tröschen huse gelegen ze Basel in der Stat
hinder der herberg zem Blumen gegen der bad.
stuben ze Utingen über ze nehest an dem huse
zem Spiegel ist erbe von den frowen ze Clingen¬
tal 2 ℔ und 8ß zinsph angar/ 4ring brotz 2
Mart et 2 carm. et 3ß zinsph ze erschatz von
den vorgeß 2 ℔ und 8ß gehörent den herren von
sant Peter 2ß zinsph, item ouch get von der
erbsch disselben huses den herren den tumbherren
und capplanen uff Burg 1 guld geltz jert pur. [sep] Mr.
pro summa 7 guld.",https://files.transkribus.eu/Get?id=PRMHFGRJDRNYCRKKDBXMIXYD&fileType=view | https://files.transkribus.eu/Get?id=XMRETOOBNLQRGMOLSPUBZNKY&fileType=view,den frowen ze Clingen ¬ tal ,frowen ze Clingen ¬ tal ,0.9722884595394135,rel,Kloster Klingental,0.9921900662158115,False
HGB_1_028_029,"Blumenrain Theil von 11a, Ecke.",2611192.533551285,1267769.6354853376,480eaec4-4d22-49fe-94f6-cad131f5eb83_20240705,14,1420,"git ze kaufen Heinzi dm Hoff von Homburg,
Heinrich Kamrer den man wenert Schaffner Schriber
in dem Saltzhus, ein Hus & Hofstatt genant Fröschen
hus und Hofstatt so ein orthus ist, gelegen vor der
Badstuben Utingen über, hinder der Herberg zem
Blumen ze nechst gegen dem Huse zem Spiegel,
ist erb von dem frowen ze Clingental davon ze zins
gand 2 ℔ 3 sh. voneig. 4ring brot wisung, 3sh erschatz,
z roten um 6 fl.
& des gehörent von der 2 ℔ 8sh. fertigungsbuch pag. 32.
den heuen s. Peter 2sh. von eins selgerets wegen, sodenne über
die Zins wisung capell. eccles Bas. 1fb gelts, von der erbset
och von eins jarzits wegem",https://files.transkribus.eu/Get?id=JIBPYUGWLUMKTJVXGFJCHNGG&fileType=view,dem frowen ze Clingental ,frowen ze Clingental ,0.9966907799243927,rel,Kloster Klingental,1.0,False
HGB_1_028_029,"Blumenrain Theil von 11a, Ecke.",2611192.533551285,1267769.6354853376,b2ddf58d-1d0b-470b-a7f4-0bbcfa6d1d20_20240705,21,1493,"Jacob ferwer von Löwenberg, verkauft an Niclausen
Ruch Stattschriber zu Basel, das Hus & Hofstatt
ner
menbg
so wyl Hugen zum Kolben sel.
cum singelis pertinentus
gwesen, in der statt, als man zu den Predigern gat,
gelegen ist, gegen Ottingen der Badstuben über, und
scharpffen eck genant, ist ein orthus, zinst voneig.
dem Clingental 1 ℔ 4 sh. sonstfrei, sum 40 ℔.",https://files.transkribus.eu/Get?id=UQGIKRKUQLMMRJZSZVXASWAX&fileType=view,dem Clingental ,Clingental ,0.9696784615516663,rel,Kloster Klingental,1.0,False
HGB_1_028_029,"Blumenrain Theil von 11a, Ecke.",2611192.533551285,1267769.6354853376,54f6cde0-1eca-4954-b6da-d0e76d997362_20240705,22,1496,"Jacob ferber von Lenberg der Buchdrucker, verkauft an
Andres stoltz genant zum segel, das Hus & Hofstatt by
Salmen Utinger bad, an dem undern Egk, an der Spiegelgassen,
vor dem Hus zum Spiegel über gelegen ist, zinst von eig.
zu Clingental 1 ℔ 4 sh. 4 ring brot ze wisung, u. 18 an erschatz,
u. willigt der Schaffner ein, sum 24 fl.",https://files.transkribus.eu/Get?id=XWAHEWEHDTGGCWAIKZVBHOQY&fileType=view,Clingental ,Clingental ,0.9715454578399658,rel,Kloster Klingental,1.0,False
HGB_1_028_029,"Blumenrain Theil von 11a, Ecke.",2611192.533551285,1267769.6354853376,fed1a7de-0e7b-4d9e-9cb7-69474305b254_20240705,23,1508,"Andres Stoltz der Ratsknecht uf dem Richthus, u. seine Frau
Katherina, verkaufen an Custan Buchswiler uns herren von
Lucel Diener, jnwoner zu Basel, u. seine Frau Margreth, das
Hus & Hofstatt an den Saltzberg, in der Spiegelgassen, am Eck
gegen dem Hus zum Spiegel über, gelegen, u. Schaffenegk.
genant ist, zinst jährl dem Clingenthal 1 ℔ 4 sh. 4 ring brot ze wysung,
u. 18 dn erschatz, u. willigt der Schaffner ein, sonst frei.
sum 34 fl.",https://files.transkribus.eu/Get?id=WJGLLVKMOTGJPXLBHZGOYFBD&fileType=view,dem Clingenthal ,Clingenthal ,0.9483497738838196,rel,Kloster Klingental,1.0,False
HGB_1_028_032,Blumenrain Theil von 13 neben 13a,2611176.344640156,1267793.5385434055,43083e5f-eee1-44ed-bf66-f0f8089bee62_20240705,31,1497,"Balthasar Bingeder der Buchtrucker u. seine Frau Berbelin,
verkaufen an Hansen müntzer den anderkäuffer, das Hus
& Hofstatt in der Spiegelgassen, zwüschen Vicentzen des nestlers
u. dem obern Egkhus vor der Badstuben zu ttingen über
gelegen, u. zum hindern Spiegel genant ist, zinst 32sh.
voneig. zu s. Peter, sodan sol man den frauen zu Clingental
1fl. geben, ư 1 fl der Quotidian zu s. Peter, sind bed widerk.
sonstfrei, sum 12fl.",https://files.transkribus.eu/Get?id=PUZFEQNCPQVVGBCOBAFFEARF&fileType=view,den frauen zu Clingental ,frauen zu Clingental ,0.9872954338788986,rel,Kloster Klingental,1.0,False
HGB_1_028_055,Blumenrain 10,2611198.1870733043,1267782.9864320373,6c70ea94-891f-4282-a47e-02a29d9e457b_20240705,16,1483,"Heinrich Blecher der Kornmesser, Erhart Blecher sin sum
& Walpurg sin tochter, verkaufen an Heinrich Krieg
den schiffman u seine Frau Ennelin, das Hus & Hofstatt
ob dem Hus zem clemen blumen an Utinger badstuben ze
einer, ư der tüblerin hus zer andern siten, an den Rynhalden
gelegen ist, zinst von eig. 6 1/2sh. den Predigern, sodan sol
man davon geben 1 fl. widerk mit 20 fl. zu Clingental
sonstfrei, um 19 ℔.",https://files.transkribus.eu/Get?id=MHIVRUEHKOWEUPOXAOFSOXOX&fileType=view,Clingental ,Clingental ,0.8536654114723206,rel,Kloster Klingental,1.0,False
HGB_1_028_057,Blumenrain 12,2611191.4613645715,1267796.7938916693,5ca89bd0-2b1f-4b5e-b15c-924f45423ac9_20240705,50,1527,"Schultheissen Urkunde.
Hans Wolff der Bader, Burger zu Basel, und Katheri¬
na sin Efrow verkaufen der Stifft zu Sannt Petter,
zu Basel 5 ℔. Stebler jerlichs Zins von uff und ab irer
Badstuben Utingen genannt mit Huss und Hofstat mit
der Gerechtigkeit des Abwassers von Sant Urbanspronnen
als sollichs in der Statt Basel by den Saltzgasten hinder
der Herberg zum Blumen zwüschen Jörgen Sporhan
und Martin Gebharts des Hutmachers sel. Hüser ge¬
legen ist, stosst hinden uff den Rhin, zinst vormals
den Herrn zu Sant Peter 6 sh. 9Pfg. und den Frowen
zu Clingental alle Wuchen & Pfg, umb 100 ℔. Stebler,
Sportan Gerg Eig v. 10 Ao 1532",https://files.transkribus.eu/Get?id=FYZTVOKYTEUZLPUJDLJPCVKQ&fileType=view,den Frowen zu Clingental ,Frowen zu Clingental ,0.9980514943599701,rel,Kloster Klingental,1.0,False
HGB_1_028_057,Blumenrain 12,2611191.4613645715,1267796.7938916693,83408ea3-d032-46d7-b87c-91dc05af0a1d_20240705,51,1527,"Hans Wolff der Bader, u. seine Frau Kathia, verkaufen
an das Stift s. Peter 5 ℔ jährl zinses, ab jrer Badstuben
Utingen genant, mit Hus u. Hofstatt, mit der grechtigkeit,
Cleuman des Abwassers von s. Urbans pronnen, als solichs by dem
Saltzkasten, hinder der Herperg zum plumen, zwüschen Jörgen
Sparhan, u. Marti gebharts des Hutmachers sel. Hüser gelegen ist
stosst hinden uff den Rhin, zinset vormals den heue zu s. Peter
6sh. 3dn. u. den Frauen zu Clingental alle wuchen 18 dn.
sonst frei, sum 100 ℔.",https://files.transkribus.eu/Get?id=IIGQITIPWMMDOWBOLMRPXELL&fileType=view,den Frauen zu Clingental ,Frauen zu Clingental ,0.9965204298496246,rel,Kloster Klingental,1.0,False
HGB_1_216_013,"Sternengasse 13, 15",2611675.0464476356,1266828.5985735827,ddb604af-84d4-4361-8f0d-9f3b5a5d8a47_20240705,3,1480,"Zuan Brida von Regesshein verkauft an Mr. Heinrich
Vischern genant Wagner Caplan der hohen Stift, das Hus
& garten genant Biengen gut, in der vorstatt
Eschemerthor, hinder Mr Hans Fischers des Kesslers hus
im gesslin gelegen ist neben Heinrich jm Grund ze einer
u. Hanns Gisin dem Rebman zer andern siten, stosst
hinden an das ek gesslin, zinset jährl 4 huner zu
Clingental, sonstfrei, sum 20 ℔.",https://files.transkribus.eu/Get?id=GDMCXTPXYNAHKRQIUMTCPXAN&fileType=view,Clingental ,Clingental ,0.9344548583030701,rel,Kloster Klingental,1.0,False
HGB_1_216_013,"Sternengasse 13, 15",2611675.0464476356,1266828.5985735827,294f86aa-927f-42f7-91e6-69dbe22434dc_20240705,4,1480,"Heinrich Dicher genant Wagner Meister der fryen Kunst
Caplan der hohen Stift, verkauft an Frau Brida
von Hegenhern, 1 ℔ gelts, ab sinem Hus & garten
genant Brenzen gut, in der vorstatt ze Eschemerthor
hinder es Hanns Vischers des Kesslers hus im gesslin,
zwüschen Heini Im Grunds hus & garten ze einer & Girrin
des Rebmans hus & gart zer andern siten gelegen, stosst
hinden an das ek gesslin, zinset vormals 4 huner zu
Clingental sonstfrei, sum 200 ℔ widerk.",https://files.transkribus.eu/Get?id=MHTCIQROMWKXBEKZYJOVLZGL&fileType=view,Clingental ,Clingental ,0.9546033143997192,rel,Kloster Klingental,1.0,False
HGB_1_216_013,"Sternengasse 13, 15",2611675.0464476356,1266828.5985735827,4e610d38-37be-4461-88a3-192ca55ea0ba_20240705,5,1508,"Heinrich Vischer der fryen kunsten Meister priester & Caplan
der hohen Stift, verkauft an Franz Beren der Kaufman,
u. seine Frau Helenen, das Hus u. Garten genant Breutzen
gut, in Eschemervorstatt, in des Smids gessli, zwüschen Hansen,
Lompart dem Kouffman zu einer siten, ư zur andern siten,
an Lienhart Billung dem Wirt zum Hertzen u. Heini Byss
dem Rebman, stosst hinden an das Eckgesslin, zinst jährl
von eig. 4 huner zu Clingental, u. willigt derselben husmeister
ein, sonst frei, um 60 fl. in gold.",https://files.transkribus.eu/Get?id=ZDZDPHBYMELVVNFGBMJGWEJR&fileType=view,Clingental ,Clingental ,0.6769510507583618,rel,Kloster Klingental,1.0,False
HGB_1_216_030,Sternengasse Theil von 16 neben 18,2611588.9982026666,1266789.4464921083,0c66d272-1593-4aaf-af74-5b048a8aefca_20240705,3,1475,"Dechat Hanns Fry Selatherzin mith pann an Steuer im
vorsessen zins etc. gefrönt Spenlinhowers hus garten Reben gelegen,
under vorstatt, eschamerthor, jm trutgeslin, zwischen Hartman Müller,
u. der Frauen zu s. Claren, zinset 1 ℔ zu Clingental
zwohall vict mit Reben gelegen von Eschamerthor jnwendig dem
heppelli die ein neben greten von Gartenhen zu einer u. Peter Schützen
Zin unden siten, zinset pital 2 1/2sh. die an der ligt obwendig,
dem Husser neben Claus ufel dem seiler,
13. Das Buch ist ber dieser Fele, von Mansen Zegt,",https://files.transkribus.eu/Get?id=KKHVEMACWRWGLRVFNXJITWIJ&fileType=view,Clingental ,Clingental ,0.947270929813385,rel,Kloster Klingental,1.0,False
HGB_1_216_030,Sternengasse Theil von 16 neben 18,2611588.9982026666,1266789.4464921083,a17128d3-5628-476d-a625-808ac5487598_20240705,5,1476,"Hanns Frey procurator & Schaffner zu u. lefrauen
um Stein hat um versessen zins zum dritten gericht kofft,
Spenlinhowers Hus & garten, aneinder gelegen, in der
vorstatt ze Eschemerthor im benezen gassen, genant das
hutgesslin, stosst an Harmann Miltenbergs hus ze einer,
& der frauen zu s. Cloren hus zer andern siten, zinset dem
Clingental 1 ℔, ư andere güter, als er daruf hat 2 1/2 fl.
gelts.",https://files.transkribus.eu/Get?id=ZTKGNYTEXXGKXHRNRQWSGPOP&fileType=view,dem Clingental ,Clingental ,0.9922221601009369,rel,Kloster Klingental,1.0,False
HGB_1_216_030,Sternengasse Theil von 16 neben 18,2611588.9982026666,1266789.4464921083,08504417-113b-4def-b502-e581f2684f2f_20240705,6,1476,"Do hat der Schaffner u. l. frauen im Stein, um
versessen zins, dise nachgeschriben guter so Spennlinhower
Sternengässleinungehept hat zem dritten gericht kofft um 1 ℔ 3sh.
jtem des ersten Spenlin howers hus & garten in dem
Gutelgesslin gelegen, zwüschen Hartman Miltenberg
ư der frauen zu s. Claren huseren & garten, zinset 1 ℔
zu Clingental, ư andere güter.",https://files.transkribus.eu/Get?id=VIVOKNFUGKBULPGYFFRVVZSQ&fileType=view,Clingental ,Clingental ,0.9893651008605957,rel,Kloster Klingental,1.0,False
HGB_1_216_030,Sternengasse Theil von 16 neben 18,2611588.9982026666,1266789.4464921083,711c567d-e73a-4856-bd45-340513bcf0e7_20240705,7,1483,"Da hatt Peter von Gmind, Conventhal und Schaffner zu den Augustiner
um versessenen zins der Eigenschafft und Missbauw, ful Ulis Hus, Hofstatt
und Garten darhinder gelegen, in der Vorstatt ze Eschamer Thor, jm Bentzen,
Gessen, neben Peter Hans Meigenberg, stosst an den Garten so zu Relis
Schüren gehört, zinst von Erbschafft wegen 1 ℔ den Frowen zu Clingental
Sodann 21/2 Juch. mit Reben, gelegen vor Eschamer Thor, juwendig dem
Capellin, neurlich die ein neben Greten von Bartenheim und Peter Schu¬
ten, zinset 2 1/2 sh. den armen Lüten an der Birs, und ligt die ander
obwendig dem Lusser, neben Claus Füfel und Grütschen sel. gut, zinset
21 dm 12 Hun oder 6 dm dafür Erhart von Hiltelingen Erben, als
sine Vetter jährl. daruff haben 3 fl. widerkauffig mit 66 fl. gefrönt.",https://files.transkribus.eu/Get?id=GCZNDSYXAYWLFACAHROANFLB&fileType=view,den Frowen zu Clingental ,Frowen zu Clingental ,0.9899027943611145,rel,Kloster Klingental,1.0,False
HGB_1_216_030,Sternengasse Theil von 16 neben 18,2611588.9982026666,1266789.4464921083,1826a0bd-77f3-4e57-981b-0fef517bf6ff_20240705,8,1485,"Heiny Habertrir, Marx Habertin, Elsy Habertur, all
von Hoffstetten, u. a. in verkaufen an Wendlin
zem Hernlin & seine Frau Margret, das Hus & Hof¬
statt mit dem garten darhinder, in der vorstatt
vor Eschemerthor im bientzen gesslin, neben Heinrich
von Münchenstein ze einer, u. Gengenbass des truchscherer
garten gelegen ist, zinst vormals 1 ℔ zu Clingental
23dn. den Karthusen, u. dem Spital 21 dn. sodan sol
man geben 3fl den Augustinern, sint widerk.
u. andere güter, um 3 ℔.",https://files.transkribus.eu/Get?id=CAADIJDDNPPTAQJAQQQTEGSR&fileType=view,Clingental ,Clingental ,0.9015817642211914,rel,Kloster Klingental,1.0,False
HGB_1_216_030,Sternengasse Theil von 16 neben 18,2611588.9982026666,1266789.4464921083,d2bb9f04-0514-40a4-b7ce-24406fa7f957_20240705,9,1485,"Heini Habertur, Marz Haberthun, Elsin Habertin, u.
Dilin Habertur & Ennelin Haberthur, alle gerwisterte,
von Hofstetten, u. a. a. verkaufen an Wendlin Solm
dem Winman, & seine Frau Margart, das Hus Hofstatt
ư garten, an der vorstatt ze Eschemerthor in Benezen
gesslin gelegen ist, zwuschen Heinrich von Münchensteins
ư Hanns Renners genant Gengenbach des trichscherers
nuwer ȡ
güteren, zinset voneig. 1 ℔ zu Clingental, 23 an den
Carthusen, u. 21 dn dem Spital,
u. andere guter um
3 ℔.
fertigungsbuch fol. 214.
Z niderg 1 zuch. Reben in Lusshart, zinst 2 ß 3ȡ den Karthuser
und 1/2 Juch. harinbass, zinst 2 ℔ an Spital¬
Sodann sol man och jerl. davon geben 3 gl. Geltz den Vetter zu de
Augustinen, gehörent an S. l. Fr. dua in Stein",https://files.transkribus.eu/Get?id=BQVAZIPQBGTMABOOYDIVJDEO&fileType=view,Clingental ,Clingental ,0.87680983543396,rel,Kloster Klingental,1.0,False
HGB_1_216_030,Sternengasse Theil von 16 neben 18,2611588.9982026666,1266789.4464921083,66d75633-cc07-480c-be3c-9cff739e3a94_20240705,11,1489,"Da sind Wendlin Salins des Winschencken nachgeschribne
Gutter als er flüchtig worden ist, zum dritten gericht
von anruffung wegen Thoman Kurins von Bettürler Fridlin
Stocklins von Ettingen Clewin Hengass von Hofstetten u.
Leonhart Wackers von Beretzwiler, als die solich guter um
60 fl. Hauptg. ư 3 fl gells gefrönt haben.
zum ersten das Hus Hofstatt ư garten darhinder in der
vorstatt ze Eschemerthor im Bentzengesslin, zwuschen
Heinrich Münchensteins des Küffers u Hannsen Renners
genant Gengenbachs des trichscherers guttern gelegen ist
zinst von eig. dem Clingental 1 ℔, den Carthusern 23 dn.
u. dem Spitel 21 den, u haben fridlin u sin mitverwandten
daruff gebotten 50 fl. da so überbot sy der Abt zu Lützel
u. bot 51 fl.",https://files.transkribus.eu/Get?id=ALHVQBEFSYQHRTMCBCMMLNHH&fileType=view,dem Clingental ,Clingental ,0.9239975214004517,rel,Kloster Klingental,1.0,False
HGB_1_216_031,Sternengasse 18,2611586.2105560866,1266781.7483031328,5d4da2c0-cff0-4722-a108-5e0ed211f423_20240705,4,1464,"uff Mitwochen nach uffgander osterwochen ist zem
ersten 14 Dägen uffgerufft worden des jüngen Bientzen
Hus & garten in der vorstatt ze Eschemerthor, gelegen
by flachen gesslin, zwüschent Hanns vers u Hein Clowners
des rebmans husere, zinset voneig. zu Clingental 1 ℔ 3sh.
ư hat daruf gebotten Hanns Low der schumacher, 6 ℔,
uff Dorstag nach s. Jergentag hat zer andern 14 Tagen Mr.
Hanns Seitenmacher botten 10 ℔ Seitenmacher kauft zem
dritten gericht umb 12℔.",https://files.transkribus.eu/Get?id=EGNBPBGLDOLTYQEUVVWURHYA&fileType=view,Clingental ,Clingental ,0.9517769813537598,rel,Kloster Klingental,1.0,False
HGB_1_216_031,Sternengasse 18,2611586.2105560866,1266781.7483031328,738bd852-1fff-4795-ad70-de63892845ae_20240705,5,1488,"Frau Dorothea Hürenbergen verkauft an Hanns
Mürer den Rebman, ư seine Frau Margaret,
ein hus u. gartten darhinder, in der vorstatt ze
Eschemerthor zu blawers gesslin, zwuschen Hanns
Gengenbachs des tuchscherers, u. Wendlin solinss
des Wynmanns hüsern u. gartten gelegen zinst von
eig. dem Clingental 1 ℔ 3sh. nonon u. 2 huner ze wisung
u. 1 sh erschatz,
u. andere güter,
beschehen mit bestimpten furwortten dass der Käufer
die zinss jährl zinsen soll.
sodan sol man von beiden guttern
fertigungsbuch 79.
geben 2 1/2 fl an das gros Almusen,
zu s. Niclaus capellen in mindern Basel, sint widerk.",https://files.transkribus.eu/Get?id=TBWPXWXJOIRESRMBHUZXMOEP&fileType=view,dem Clingental ,Clingental ,0.9306361675262451,rel,Kloster Klingental,1.0,False
HGB_1_216_031,Sternengasse 18,2611586.2105560866,1266781.7483031328,b5747dd8-2251-48f8-8c5d-45ecd85ecb54_20240705,8,1493,"Der Schaffner des Allmusens in s. Niclaus capellen
zu mindern Basel verkauft an das closter Lützel,
einen garten mit samt dem Küslin in der vorstatt
ze Eschemerthor, in dem Gesslin hinder wil Burckart
Segensers sel hus, zwuschen Hansen Gengenbachs, u. des
von Lützel garten gelegen ist. zinst voneig. dem Clingental
1 ℔ 5 sh. u. 1 sh erschatz, sonstfrei, um 20 fl.",https://files.transkribus.eu/Get?id=EOCWKXGBTEQULPPUIEVPEFRO&fileType=view,dem Clingental ,Clingental ,0.9774037599563599,rel,Kloster Klingental,1.0,False
HGB_1_208_023,Steinenbachgässlein 12,2611283.510411194,1266986.1549767458,df2be01d-fdc4-480e-b1e1-1810ea9b4cf3_20240705,8,1432,"Schultheissen Urkunde.
Thiebold Seger der Weber, Burger ze Basel inzemal
ze Fryburg im Bryssgow gesessen und Veren sin
Ewirtin verkauft Bartholome Rubsam, Burger
ze Basel, das Huse und Hoffstatt mit dem Höfflin
der vor, so gelegen ist ze Basel in der Vorstatt an dem
Steinen hinder Meyster Conrat Benniggis, hinde¬
rem Huse an dem Kolenberg und nebend Knebels
Garten, ist Erb von den Reten ze Basel, denen
jerlichen darab gand 3 sh. u. Phg. von der Eygenschafft
ze Zinse, dem Spittal der armen Lüten 3 1/2 sh. u. Pfg.
dem Closter ze Clingental 3 Gld. Geltes widerköffig mit
15 Gld, umb 26 Gld.",https://files.transkribus.eu/Get?id=ZHCZAJWRSRJHVKRKHNXHMFKQ&fileType=view,dem Closter ze Clingental ,Closter ze Clingental ,0.9923812597990036,rel,Kloster Klingental,1.0,False
HGB_1_208_023,Steinenbachgässlein 12,2611283.510411194,1266986.1549767458,6be81193-cd7e-4d52-8e37-0c527870d575_20240705,20,1479,"Frau Elsbet von Fraiesto verkauft an Frau Magdalena
von Stutgarten, das Hus & Hofstatt hinden k. vor
an den steinen, einsyt dem obern Birsich, zwüschen Conrat
Vischer des schniders hus ze einer u. Hanns Zypfis hus
zer andern siten, zinset jährl voneig. dem Spital 4 sh. sodan
aber 3sh. sinen Henn der Reter, sodan sol man jährl.
geben 2fl & ein ort widerk mit 45 fl. dem Clingental,
sonstfrei, um 12 fl.",https://files.transkribus.eu/Get?id=QDPUZANQPUDJFKQRWZRDEOBT&fileType=view,dem Clingental ,Clingental ,0.9233211576938629,rel,Kloster Klingental,1.0,False
HGB_1_208_023,Steinenbachgässlein 12,2611283.510411194,1266986.1549767458,ad92e1b3-843b-4a19-98c5-761d384eaa6c_20240705,21,1482,"(sie
Magdalena von Canstatt verkauft an Els bldnerin
von Nürnberg, das Hus & Hofstatt hinden & vor, an
den Steinen hinder dem obern Birsich, zwüschen Conrat
Vischer des schniders hus ze einer, u. Hanns Lipfis hus
zer andern siten gelegen ist, zinst jährl von eig dem Spital
4sh., sodan aber 3sh. mil bl. der Reten, sodan sol man
davon geben 2 fl. u. 10st widerk. mit 40 ℔ 5 fl. dem
Clingental, sonst frei um 16 fl.",https://files.transkribus.eu/Get?id=BJTFNHJJKTWRTAAVPWQQKCWS&fileType=view,dem Clingental ,Clingental ,0.9499353766441345,rel,Kloster Klingental,1.0,False
HGB_1_208_023,Steinenbachgässlein 12,2611283.510411194,1266986.1549767458,05c9044d-8c01-42ec-8d70-4d05687511a9_20240705,23,1484,"Laurenz clem der Koch, & seine Frau Elsin, verkaufen
an Kathrin von niss, das Hus & Hofstat, hinden & vor¬
an den Steinen, hinder dem obern Birsich, zwüschen
Conrat frügen des schnyders hus ze einer & zipfis hus
zer andern siten gelegen ist, reicht hinden uff dem
Kolenberg, zinst jährl. von eig. 3sh miner herren der
Reten, & 4 sh. dem Spital, sodan sol man jährl. geben
2fl. & ein Ort, widerk mit 45 fl. den Clingental, sonst frei,
um 18 1/2 fl.",https://files.transkribus.eu/Get?id=WZWCFOCEGPMBVSCLHPMRTYXP&fileType=view,den Clingental ,Clingental ,0.7555348873138428,rel,Kloster Klingental,1.0,False
HGB_1_208_023,Steinenbachgässlein 12,2611283.510411194,1266986.1549767458,9b5161ce-da27-4191-884c-59f362a52b34_20240705,25,1486,"Laurentz Kleinhaus der gremper, & seine Frau Elsin,
verkaufen an Agnesen von Ysbruck, das Hus & Hofstatt
hinden & vor, an den Steinen hinder dem obern Birsich
zwüschen Conrat Erschers des schnyders hus ze einer,
u. Hans Zipfis hus zer andern siten gelegen ist, zinst
jährl voneig. dem Spital 4sh. u 3sh. milhe der Peten
sodan sol man davon geben 2fl. tort den frauen zu
Clingental widerk mit 45 fl. sonstfrei, um 11fl.",https://files.transkribus.eu/Get?id=ZFMTYXSJJZZZWXRTEHNDBDVD&fileType=view,den frauen zu Clingental ,frauen zu Clingental ,0.9907729029655457,rel,Kloster Klingental,1.0,False
HGB_1_208_023,Steinenbachgässlein 12,2611283.510411194,1266986.1549767458,6b0d90fe-e21e-48c8-b759-4a5aa813ca3f_20240705,27,1489,"Agnes von Vrbruk genant Stumppin verkauft an
Laurentz Cleinhennslin, der für seine tochter Madalenlin,
kauft hat, das Hus & Hofstatt hinden & vor an
den steinen, hinder dem obern birsich, zwüschen
Conrat Vischers des schniders huse ze einer, u Hanns
Zypffis hus zer andern syten gelegen ist, zinst jährl
von eig. dem Spital 4sh. sodan me herren der Reten
3sh. alles nonon u. zuletst jährl 2 fl. ư tort widerk.
mit 45 fl. dem Clingental sonstfrei, um 8 fl.",https://files.transkribus.eu/Get?id=UKKNPPJCCYCNYBVDDVLHUKRJ&fileType=view,dem Clingental ,Clingental ,0.928653210401535,rel,Kloster Klingental,1.0,False
HGB_1_208_023,Steinenbachgässlein 12,2611283.510411194,1266986.1549767458,f907cdc6-be60-4fff-a1d6-eb4e3d354a17_20240705,29,1489,"Madalenli, Laurentz Clemheinslis eel tochter,
verkauft an Margaretten segerli, das Hus &
Hofstatt hinden u. vor an steinen, hinder dem
obern Birsich, zwüschen Cunrat Bischers des schniders
u Hansen Zipfis husern gelegen ist, zinset jährl von
eig. 4 sh. dem Spital, sodan ninen herren der Retten
3sh. sodan sol man geben 2fl u. ein ort den frauen
zu Clingental, sonstfrei, sum 1fl.",https://files.transkribus.eu/Get?id=YWTBKUPDLNTZLCBMEXLXHOFA&fileType=view,den frauen zu Clingental ,frauen zu Clingental ,0.9753884673118591,rel,Kloster Klingental,1.0,False
HGB_1_208_023,Steinenbachgässlein 12,2611283.510411194,1266986.1549767458,23f818ca-824c-4883-9e51-13eed2e7c308_20240705,30,1490,"Margreth Segerlin verkauft an Cunratten Clusel.
den Trumpeter der Statt Basel, das Hus & Hofstatt mit
samt dem Höflin, in der vorstatt an den Steinen, an
Verenen Wescherin hus, uff dem obern Birsich gelegen ist
zinst voneig. 4sh. dem Spittel, sodan 3sh me He der Reten,
auch sol man davon jährl geben 2fl u. 10st widerk den
frauen zu Clingental, sonstfrei, um 10 fl.",https://files.transkribus.eu/Get?id=BQNZOTTKLDWRVDSSQEQAMOTA&fileType=view,den frauen zu Clingental ,frauen zu Clingental ,0.9099115282297134,rel,Kloster Klingental,1.0,False
HGB_1_064_010,Gerbergässlein 11,2611284.3088644636,1267295.3069421037,6b60f5fc-0dd3-4021-98ef-f9b4fdaa53a4_20240705,8,1436,"Clewin Spengler der gerwer u. Gredlin sin ewirtin,
verkaufen an Wygand von Gold dem schuhmacher
u Stephanyen siner ewirtin, das hinder hus zem
Gerbergass grifen, ist gelegen, zwüschen dem hindern hus zem
wissen wind u. zem Ritter, zinset voneig den
Bredigern 2 ℔, 2ring brot wisung, u. 5 sh erschatz,
u denne gat darab zen Clingental 1 flist widerk.
mit 15 fl.
um 1318 ℔.",https://files.transkribus.eu/Get?id=AKQMZSRKDVWZGZPVVOQWSTHB&fileType=view,Clingental ,Clingental ,0.6192752718925476,rel,Kloster Klingental,1.0,False
HGB_1_064_040,Gerbergässlein 40,2611271.667819954,1267211.0745230305,622b510b-0441-49d2-9345-7d9cc875b5de_20240705,3,1440,"Gred Schrein verkauft an Heinrich Eberler
10sh gelts, ab irem undern Hus so genant ist
der Roten gelegen uff dem obern Birsich, zwüschend
Greden Büblis sel und heilis des gerwers husern,
zinset voneig. dem gotshus s. Lienh. 5 sh. ư ze s. Peter
15 den ư dem Hus an der jürs auch 15 din von selgereten
wegen, sodan gat darab ein halberfl gelts dem
frowen ze Clingental, widerk mit 10fl. um 10 ℔.",https://files.transkribus.eu/Get?id=ZUNRZQHGEQQRWBLODEMRZTKC&fileType=view,dem frowen ze Clingental ,frowen ze Clingental ,0.9728236347436905,rel,Kloster Klingental,1.0,False
HGB_1_078_015,"Heuberg 3, 7",2611060.355553676,1267304.7568334339,7d6a1a6c-1e41-4a7c-83fd-c2d354209246_20240705,16,1490,"Da hat Hanns Slierbach Ritter bekannt denmach wil
Frau Elsy von Leymen sin gemahel sel. an die Quotidian
der Stift s. Peter 100 fl vermacht haben sol. da er jnen 50 fl.
desselben Hptguts, geben u bezalt hette, u. dait siner obgemelten
Husfrauen selen dester in demselben stift gedacht werde, so welle
er denselben herren die übrigen 50 fl. als ein gotsgab verzinsen
ư zu einem jährl. zins sahen ab sinen hus & hofe uff dem
Höwberg hinder dem Hus zum Meerwunder gelegen, ư zum
Somspiess genant ist, zinst zu Clingental 1 ℔ widerk. u. 1sh.
dem probt s. Alban ư 2sh. der Presenz uf Burg, sonstfrei",https://files.transkribus.eu/Get?id=PSTMTOHNGKWCGEKCTLNZDZPZ&fileType=view,Clingental ,Clingental ,0.9454113245010376,rel,Kloster Klingental,1.0,False
HGB_1_078_026,"Heuberg 25, unt. Heuberg 18",2611170.9992931876,1267262.0259942412,18aa7fb6-9926-4850-b19a-5fe538a45d09_20240705,15,1497,"Georis Sweiss, Schaffner der Ellenden Herberg, verkauft
an Hanns Vringer dem Metzger u. seine Frau Ennelin,
das Hus & Hofstatt uff dem Höwberg an dem Egk gegen
der Gloglerin hus über gelegen ist, zinst von eig. dem
Clingental 2 ℔ 4 sh. 5 sh. erschatz, sodan das hüslin,
so unden an dem obgel. Hus gelegen ist, zinst 3sh. zu
s. Lienhart, ư ein houwer, sonstfrei, sum 40 fl.",https://files.transkribus.eu/Get?id=QMZVNZBHAKMDHGISMBSJVHIU&fileType=view,dem Clingental ,Clingental ,0.9465583562850952,rel,Kloster Klingental,1.0,False
HGB_1_078_026,"Heuberg 25, unt. Heuberg 18",2611170.9992931876,1267262.0259942412,cdc49212-5409-495f-a263-d918b84c4bfc_20240705,16,1497,"Jörg Sweiss Schaffner der Ellenden Herberg, verkauft
an Hanns Vringer den jungern, u. seine Frau Ennelin,
die zwei huser u. hofstetten, uf dem Höwberg, an einander
an dem Egk, vor der gleglerin hus über gelegen sind,
zinst das grosser dem Clingental 1 ℔ 2sh. u das klein
hüslin 3sh. derselben, u. ein hower zu s. Lienhart,
sonst frei, sum 40 fl.",https://files.transkribus.eu/Get?id=WHRYSBOEVRXPAKMWELCIPBCR&fileType=view,dem Clingental ,Clingental ,0.8398606479167938,rel,Kloster Klingental,1.0,False
HGB_1_078_026,"Heuberg 25, unt. Heuberg 18",2611170.9992931876,1267262.0259942412,a3895432-1e5a-4e36-a7f8-433c75b69f14_20240705,23,1509,"Die Ellenden Herberg verkauft an Jacob Bratteler den Metzger
u. seine Frau Cristiana, die zwei huser mit jrem hofstetten
uff dem Hewberg an dem Eck, gegen dem Hus zum Rotenman über,
gelegen sind, stossen hinden an der Biberlerin garten, zinst das
grossen hus zu Clingental 1 ℔ 2sh. sodan das kleiner hüslin der
Stift s. Lienhart 3sh. u. thower tagman, u. willigen die Schaffnere ein
um 25 ℔.",https://files.transkribus.eu/Get?id=CBVZHHBIZWFNCBGGIUFRFCRV&fileType=view,das grossen hus zu Clingental ,hus zu Clingental ,0.6698052942752838,rel,Kloster Klingental,0.9334817299081438,False
HGB_1_078_026,"Heuberg 25, unt. Heuberg 18",2611170.9992931876,1267262.0259942412,23ab32b0-fbdc-4e66-bc5c-f26c7c30413d_20240705,24,1509,"Jacob Brateler der Metzger, u. seine Frau Cristiana,
verkaufen an Hansen Eichman den Weber, u. seine Frau Enneli
die zwei Huser u. hofstetten, als die aneinander uff dem Höwberg
am Eck, gegen dem Hus zum roten man über gelegen sind, stossend
hinden an der Biberlerin garten, zinst das grosser hus dem Clingental
1℔ 2sh. soden git das clemer hüslin jährl dem Stift s. Lienhard 3sh.
u. 1 hervertagwan, sonst frei, sum 45 ℔.",https://files.transkribus.eu/Get?id=PQQNTANUMRYRZXMOICFRPILG&fileType=view,dem Clingental ,Clingental ,0.809118241071701,rel,Kloster Klingental,1.0,False
HGB_1_078_026,"Heuberg 25, unt. Heuberg 18",2611170.9992931876,1267262.0259942412,bf20f0d8-37a7-4a5a-9483-ce442cc6e73f_20240705,25,1510,"Hanns Eychman der Weber, u. seine Frau Ennelin, als Haupt¬
schuldner, soden Mr Claus Hagest der Schiffman als mitschuldner
verkaufen an die Weberknechten bruderschaft, 1 ℔, jährl zinses,
ab der Hptierk. beden hüsern u. hofstetten, aneinander, uff dem
Höwberg, an eck gegen dem Roten man über an der Byberlerin,
hus u. ziehend hinden uff der Biberlerin garten, zinset das grosser
hus jährl von eig. wegen 1 ℔ 2sh. dem Clingental, sodan zinst das
Clemer hüsli auch Bodenzins 3sh. u. 1 hower tagwan dem Stift s. Lien¬
hart, sonst frei, um 20 ℔ widerk.",https://files.transkribus.eu/Get?id=BTBAIKDQRCRYTEYJAGMFZPPF&fileType=view,dem Clingental ,Clingental ,0.8929409682750702,rel,Kloster Klingental,1.0,False
HGB_1_078_042,Heuberg 12,2611046.838626615,1267305.9933104322,7fa6ed38-20f9-42a4-91f7-e3be8c4d0012_20240705,36,1471,"Hans Gründeli als ein Schaffner der Frauen zu
Klingenthal verkauft an Conrad Tutelin dem Karrer und
seiner Frau Else Peter Langmessers hus und hofstatt
genannt Arow, so gelegen ist ze Basel uf dem heuberg
zwischen meister Heinrich Harnascher des Metzgers hus
ze einer und Clewin Burkart des metzgers schüren,
durchgestrichen darübergeschriben: Wilhelm tültis eins
Caplans uf Burg hus, zer andern siten, zinset jerlichs von
eigenschaft 1 ℔ nüwer pfen. an die Presenz uf Burg ze Ba-
sel angariatim, sodann zu St. Peter 1 fl. uf Mathistag
wiederköffig, sodann den Frauen zu Klingenthal 1 fl. uf
St. Martinstag, auch wiederkäufig, sonst frei, um 60 fl.",https://files.transkribus.eu/Get?id=OADYLSIIYTZOBJHEMDGQNJGV&fileType=view,den Frauen zu Klingenthal ,Frauen zu Klingenthal ,0.992373988032341,rel,Kloster Klingental,0.9772394253929021,False
HGB_1_066_018,"Greifengasse Theil v. 1, neben unt. Rheingasse 3/ 377",2611464.952845271,1267797.461783671,b958f699-b6f1-4814-842d-48af62b74755_20240705,"18, 19",1428,"Item gebent ze kouffende Cunrat von Utin¬
gen und frow Enelin sin efrow, Wernlin
Hünrhüslin und Gredlin siner efrowen
dz hus und hofstatt so man vor ziten
nampt herrn Reblins hus und man
n nempt Schalbachs sit in minren
Basel by der Rinbrugk ze einer siten
an der Fleisch schal und nebent dem gaß
lin so zwüschent dem selben verkouft
hus und dem hus zem Kupferthurn
zu dem Rin uß gat und gegen dem
Witenkelr über zinset von eigenschaft
wegen den frowen ze Klingental 3 ℔.
zinß jerl angart 2ring brotes ze wi¬
sung und einen kappin geltz jerl Mar¬
9sh. v. 1 neben
git ob
Zins d. Gigenthal Ao 1395
tini, umb 100 guldin,
ans von [sep] Howingen procurator in Klingental
consensit.",https://files.transkribus.eu/Get?id=IZLLMTEKMPPDSIPBWNRWPMRP&fileType=view | https://files.transkribus.eu/Get?id=PWHDECTDLHVUFBDGGSHQQOWL&fileType=view,den frowen ze Klingental ,frowen ze Klingental ,0.9892004579305649,rel,Kloster Klingental,1.0,False
HGB_1_066_018,"Greifengasse Theil v. 1, neben unt. Rheingasse 3/ 377",2611464.952845271,1267797.461783671,b958f699-b6f1-4814-842d-48af62b74755_20240705,"18, 19",1428,"Item gebent ze kouffende Cunrat von Utin¬
gen und frow Enelin sin efrow, Wernlin
Hünrhüslin und Gredlin siner efrowen
dz hus und hofstatt so man vor ziten
nampt herrn Reblins hus und man
n nempt Schalbachs sit in minren
Basel by der Rinbrugk ze einer siten
an der Fleisch schal und nebent dem gaß
lin so zwüschent dem selben verkouft
hus und dem hus zem Kupferthurn
zu dem Rin uß gat und gegen dem
Witenkelr über zinset von eigenschaft
wegen den frowen ze Klingental 3 ℔.
zinß jerl angart 2ring brotes ze wi¬
sung und einen kappin geltz jerl Mar¬
9sh. v. 1 neben
git ob
Zins d. Gigenthal Ao 1395
tini, umb 100 guldin,
ans von [sep] Howingen procurator in Klingental
consensit.",https://files.transkribus.eu/Get?id=IZLLMTEKMPPDSIPBWNRWPMRP&fileType=view | https://files.transkribus.eu/Get?id=PWHDECTDLHVUFBDGGSHQQOWL&fileType=view,Gigenthal ,Gigenthal ,0.9418131113052368,rel,Kloster Klingental,1.0,False
HGB_1_066_018,"Greifengasse Theil v. 1, neben unt. Rheingasse 3/ 377",2611464.952845271,1267797.461783671,a87e2e2f-f265-4c83-bd70-348e68b6cb73_20240705,20,1429,"Item gebent ze kouffend Wernlin Hunhußlin,
der segkler civis etc. und Gred Lüstlers sin
elich frow, Johann Steinmetz von Colmar ein
dz hus und hofstat vor ziten genant herr Kneblins
hus so man in nempt Schalberg sit in
minren Basel zu einer siten an der Fleisch
ex alia nebent der gaß by dem Kupferthurn
und gegen Schst über zinset von eigenschaft
wegen den frowen ze Klingental jerlich 3 ℔.
zinß d dinß angar. ein kape ze wisung
jerlich Martini 5ß erschatz, umb 108 guld
bruder Hans von Höwingen procurator
in Klingental consensite.
Oschenstein
= unge Reingasse
Gerichtsbuch der mindern Stadt P3.",https://files.transkribus.eu/Get?id=ZSPZNVRFJJEGBNIRZVMNMXRE&fileType=view,den frowen ze Klingental ,frowen ze Klingental ,0.9898562729358673,rel,Kloster Klingental,1.0,False
HGB_1_066_018,"Greifengasse Theil v. 1, neben unt. Rheingasse 3/ 377",2611464.952845271,1267797.461783671,66782dbe-3b0a-4804-ab96-1e8ffad9f0f7_20240705,"23, 24",1466,"Item git ze kouffen Hans Grundellin der
amptman in namen Hansulrich Waffen
heins genant Lapieda (sic) des vollen gewallt
er harin hatt der ersamen frow Annen
von Tunsel das Andres Berbomer ir diener
den kouff also an sich nam und in na-
men derselben siner frowen koufft, dz huß
und hoffstatt mit sinen rechten zin dem
alten briefen genant ist Kneblis huß und
gelegen ze minren Basel ze nechst an der
Schal und an clein ort des geßlins so
zwüschent demselben huß und des ersamen
Jacobs von Sennhein huß nidsich zem
Ryn gat stosset hinden an der vorgenan
sen kouffern huß, zinset von eygenschafft
wegen minen frowen von Clingental 3 ℔. [sep] cenß und 5ß cenß erschatz angar und ein
kappen und 2 ring brotz wysung Martii.
ni glich geteilt zu den vier fronvasten, pro
suma 60 guld, item Johs de Eschemberg
procurator consensit.
Seine Randbemerkung ohne Anschlüsszeichen lautt.
und 5ß cenß erschatz:
Gerichtsbuch der mindern Stadt P4.
Nachweise:
S. 233 v
Woffenham hs. Ulr. Eig. v. Th. v. alt 378
Th. v. 1 neben 3 Ao 1461
Fleischschol = Th. v. 1 Ecke d. Greifengasse
unt. Th. Ao 1377
Rhingässlin zwischen Th. v. 1 neben 3 u.
unt. Rheingasse 5
Th. v. alt 378 Th. v. 1 neben 3 gibt obige
Zins an Klingenthal Ao 1429",https://files.transkribus.eu/Get?id=IGPOALTISWKPBCYBZWJVUOXF&fileType=view | https://files.transkribus.eu/Get?id=BMHIAHTQACKYYTCLARPKUKEA&fileType=view,minen frowen von Clingental ,minen frowen von Clingental ,0.9318807423114777,rel,Kloster Klingental,1.0,False
HGB_1_066_021,Greifengasse 7,2611504.34358389,1267820.6183520274,35c54a40-a9f9-40c8-aa11-b24323bc42f8_20240705,13,1492,"Jörg Kragenried, u seine Frau Margreth, verkaufen
an Hansen eruckenbrot, ư seine Frau Margrethen 4 fl
jährl ab dem Hus zum Eichhermlin uf Ysengassen,
ư zu merer sicherheit hat Bernhart Brand sin Hus
& Hofstatt zu mindem Basel, zwüschen den Hüsern zum
Krebs u. zum Kryel gelegen, ư zu Liechtenberg genant ist
zu underpfand gesetzt, zinst 1 fl dem Clingental, sonstfre¬
um 80 fl widerk.
durchgestrichen
z. Krebs = 5
fertigungsbuch 68.",https://files.transkribus.eu/Get?id=ZRJYMVXHWUYHFZZZMAPCEQOV&fileType=view,dem Clingental ,Clingental ,0.9725558757781982,rel,Kloster Klingental,1.0,False
HGB_1_066_022,Greifengasse 9,2611509.329267396,1267823.0649594439,82ffda50-44a4-4805-b083-7dfe4f7e0c50_20240705,10,1523,"Item da git Heinrich Villischann der Kübler Cur¬
ger zu mindern Basel mit günst und gehell¬
Laurentzen Villischan sins eelichen sons ze
kouffen dem bescheidenen Rudolffen Uffholtz
dem schiffman burger zu mindern Basel An
nen siner eefrowen, das huß und hoffstatt um
der mindern Stat Basel an der Burgergassen
zwischen den husern Liechtenberg und zum
sylbrin Löwen gelegen ist zum Krewel ge¬
nant zinset den frowen zu Clingental ein¬
pfunt und drig schilling der stifft zu sanct
Peter dissig schilling, sodann aber derselben
stifft ein pfent und Zunff schilling ist alles
wyder kouffig nach lut der briefen und sust
frig, und ist hierüber diser kouff beschehen
umb drü und viertzig pfmt.",https://files.transkribus.eu/Get?id=NDIUNXUUXBYEYHLGJBNKBHFA&fileType=view,den frowen zu Clingental ,frowen zu Clingental ,0.9885568171739578,rel,Kloster Klingental,1.0,False
HGB_1_066_025,Greifengasse 15,2611526.9587003603,1267831.8161881547,54856e77-0768-48cc-8d41-5401fd111874_20240705,"5, 6",1462,"Item git zu koffen frow Else Kellerin witt
we burgerin zu Basel, meister Hansen
Roglin dem scherer der reten och burger
zu Basel, das huß und hoffstatt so genant
ist Schwannow und gelegen zu minren
Basel in der Burgergassen zwüschent den
hußern Haltingen und zem guldin Lo¬
wen zinset von eygenschafft wegen mi¬
nen frowen zu Clingental 1 ℔ angart, so
dem gand ach darab und sol man jer¬
lichen geben denselben frowen zu Clingen
tal 1 1/2 guld geltz widerkoiffig mit 30
guld und den geistlichen vettern zu den
Predigern och 1 1/2 guld geltz och wider
koiffig mit 30 guld nach der briefen sag
pro sum 26 guld. item Peter Mathis [sep] procurator
in
Clingental consensit",https://files.transkribus.eu/Get?id=KGTVDVFDDKGUWRWEUHMIINVY&fileType=view | https://files.transkribus.eu/Get?id=JKAJNVXDQUUBJOHIJNIJSWJV&fileType=view,mi ¬ nen frowen zu Clingental ,zu Clingental ,0.9123204549153646,rel,Kloster Klingental,1.0,False
HGB_1_066_025,Greifengasse 15,2611526.9587003603,1267831.8161881547,54856e77-0768-48cc-8d41-5401fd111874_20240705,"5, 6",1462,"Item git zu koffen frow Else Kellerin witt
we burgerin zu Basel, meister Hansen
Roglin dem scherer der reten och burger
zu Basel, das huß und hoffstatt so genant
ist Schwannow und gelegen zu minren
Basel in der Burgergassen zwüschent den
hußern Haltingen und zem guldin Lo¬
wen zinset von eygenschafft wegen mi¬
nen frowen zu Clingental 1 ℔ angart, so
dem gand ach darab und sol man jer¬
lichen geben denselben frowen zu Clingen
tal 1 1/2 guld geltz widerkoiffig mit 30
guld und den geistlichen vettern zu den
Predigern och 1 1/2 guld geltz och wider
koiffig mit 30 guld nach der briefen sag
pro sum 26 guld. item Peter Mathis [sep] procurator
in
Clingental consensit",https://files.transkribus.eu/Get?id=KGTVDVFDDKGUWRWEUHMIINVY&fileType=view | https://files.transkribus.eu/Get?id=JKAJNVXDQUUBJOHIJNIJSWJV&fileType=view,denselben frowen zu Clingen tal ,frowen zu Clingen tal ,0.9727776885032654,rel,Kloster Klingental,1.0,False
HGB_1_066_028,Greifengasse 21,2611559.1040455527,1267850.851852614,3b262d66-4e20-4b46-8e2c-a35565186584_20240705,7,1413,"Item het zu koffen gen Hans Stöffelin
et Gred uxor 1 1/2 guld geltz uf den obge¬
nanten reben sub talli singno ½ und
uf dem hus als man gen sant Cloren
get, sit neben Einhorn et Heini
Meiger zinst gen Clingental. 1 ℔ 6ß.
1 piell und uf alls dem dz sin hand
eef de reemptio 1 guld mit 16 oder
2 mit 8 und ein halber jnnd ist
der kof geschehen umb 24 guld
Käufer nicht angegeben Verkäufer der Reben ist Dietrich de Sennheim
Gerichtsbuch der mindern Stadt P.",https://files.transkribus.eu/Get?id=OOYKMDMTLNZGYQNWDEBHWSZW&fileType=view,Clingental ,Clingental ,0.9942319989204407,rel,Kloster Klingental,1.0,False
HGB_1_066_028,Greifengasse 21,2611559.1040455527,1267850.851852614,63942ecb-33fc-4e38-85c5-4b476cad6f8e_20240705,11,1427,"Item gebent ze kouffen Wili von Hal¬
nis civis etc. und Enelin sin efrow
Hansen Phiffer dem Blosser civi etc. daz
hus und hofstat mit iren zugehörden sit
in minren Basel in der gassen als man
von dem Rinbrugk wider sant Claren
uff gat ze einer siten an dem hus zem
Gruben und zer andren siten an der
vorg kouffers hus zinset von eigen¬
schaft wegen den frowen ze Klingental
und sunderlich der von Emerach daselbs
1 ℔ zinßd und 2 hünr jerlich Martin
und vom erbt soll man Hansen
Schönkint ouch jerlich richten und geben
2 1/2 ℔ zinß d sit Martini, umb 24 ℔.
Gerichtsbuch der mindern Stadt A",https://files.transkribus.eu/Get?id=QYVRKPDGGNBCWXJXJGUXLWGI&fileType=view,den frowen ze Klingental ,frowen ze Klingental ,0.959965780377388,rel,Kloster Klingental,1.0,False
HGB_1_066_028,Greifengasse 21,2611559.1040455527,1267850.851852614,f8f64787-987d-44a8-aaaa-2fdaf758e380_20240705,"18, 19",1484,"Item do gend ze kouffen Thoman Scholer der
hafengiesser als ein houpt verkouffer Cunrat und
Eberhart Scholer die ziegler gebrüder und Claus
Ledersack der seyler alle burgere zu Basel als
mittverkouffer dem ersamen wisen Wilhelmen
von Stein der kouffhuß schriber der inamen
Ulrichen Mellingers vogt zu Birseck sinem doch¬
termann und aller siner erben recht und redlich
kouft hatt 2 ℔ geltz jerlichen uff sant Symons
und Judis tag des heilgen zwölffbotten von uff
und abe des zen Thoman Scholers huß und hoff
genant Gilgenberg in der Burgergassen gelegen
einsite an dem huß zer Truben und andersite
zem Enhorn zinset jerlichen gen Clingental
1 guld von der eigentschaft und zu sant Theo¬
der 1 gl widerkoiffig mit 40 gl und ist sust [sep] memand etc, und ist der kouff beschehen umb
40 ℔.",https://files.transkribus.eu/Get?id=IRHLRHPTNGGIMRBAPWFTNEZF&fileType=view | https://files.transkribus.eu/Get?id=ZQMKRSOGMOGIEQLJVKOMRMMD&fileType=view,Clingental ,Clingental ,0.9162523150444031,rel,Kloster Klingental,1.0,False
HGB_1_066_031,Greifengasse 23,2611565.2152778204,1267854.2390179548,93543d50-607b-4143-baf6-a621ad2c2439_20240705,"8, 9",1426,"Item gebent ze kouffen Rudolf von Pfürt als
Tumeringer eins etc. und Gerin Wagnerin von
Riehen des obgl Rudolfs von Phirt efrow etc.
Henman de Münster müler und hofmeister
ze sant Claren einen guld geltz jerlich zin¬
ses jerlich Andre, uff und abe der egl halben
teil in dem dritteil des huses genant zem
Einhurn so erb ist und gelegen in der um
ren stat Basel in der gassen als man von
der Rinbrugk wider sant Claren uffgat so
die obge Gerin ze erb komen ist von Greden
Ludin selig genat Wagnerin als sy sprach
zinset über und über von eigenschaft
wegen den frowen ze Clingental jerlich 4ß
zinßpt als sy sprachent so denne uff eine
halben juchart reben site im banne minren [sep] Basel im Gilgenberg zwüschent Cunrat Wil¬
den und Hans Widman von Jnelingen reben
umb 20 guld Johannes de Howingen froce¬
rator dners in Klingental consensit",https://files.transkribus.eu/Get?id=GJWZDAHITKIRBPIVQXSTVOGR&fileType=view | https://files.transkribus.eu/Get?id=QBXHNKRODNPVLPIWMVGSKCAS&fileType=view,den frowen ze Clingental ,frowen ze Clingental ,0.9874735623598099,rel,Kloster Klingental,1.0,False
HGB_1_066_031,Greifengasse 23,2611565.2152778204,1267854.2390179548,6a323927-6258-484f-a566-e26fc3062f1e_20240705,"10, 11",1427,"Item gebent ze kouffen Gerin Wagnersixor
Rudolfi de Phirt als Tumeringen carnifin
cvis etc. und Heni Wagner von Riehen,
Heni Ludin de Jntzlingen seßhaft und b
ze minren Basel iren drittenteil irs huses ge¬
nant zem Einhurn sit in minren Basel
in der gassen als man die glichti wider wi¬
der sant Claren uff gat zwüschent Zschampon
des Küblers und Hans Phiffers des Flossers
hußern des selben drit die obgl geswistergit
ze erbe komen warent als sy sprachent von
Greden Wagnerin selige des obgl Hans Ludins
wilent er das selb hus über und über von
eigenschaft wegen den frowen ze Klingental zu¬
tet 4ß zinßd jerlich Martini als sy sprachen
umb 52 guld, procurator in Klingental [sep] consenst",https://files.transkribus.eu/Get?id=EHDQNCVUGJUPXUVPUAEGYPCJ&fileType=view | https://files.transkribus.eu/Get?id=YNPKHQLRWTGWDLSHXKVREIYA&fileType=view,den frowen ze Klingental ,frowen ze Klingental ,0.9798489958047867,rel,Kloster Klingental,1.0,False
HGB_1_066_031,Greifengasse 23,2611565.2152778204,1267854.2390179548,f4c40104-c3b0-4d01-ab4a-0034c3056f24_20240705,12,1427,"Item git ze kouffen der obgl Hans Ludin,
Hansen von Münster müller und hofmeister
ze sant Claren 2 guldin geltz jerlich vora
sollnend uff und abe dem egeß sinem hus
silf etc, zinset ut sup etc, und uff einer jn
chart reben sit im banne minren Basel im
Gilgenberg zwüschent Cunrad Wilden und
Hans Brennenstein güter zinset eim probst
ze sant Alban je in zwein jaren 2 zinßd
umb 40 guld, h. Thoner nore ste Albani
consensit.
Gerichtsbuch der mindern Stadt P2. S. 129.
g. das obgeschriebene haus ist das haus zum Linham in minren Ba-
sel als man die sichti und sant Claren uff gat zwischen Zschampano
der Kübler und hans Pfiffer des Bassers hüsern, serselb dritteil die obge¬
nannten geschwister ze erbe komen waret von grede Wagnerin sel. des obgen,
Haus Lüdin wilent efrow, zinset den frowen v. Clingental 4ß zins & gerech mirt
Ludin hs. von Zühlingen Eig v. 23 bis 1437
um 52 gld.",https://files.transkribus.eu/Get?id=OZVYJWQENAOKDZGPCYELFSKE&fileType=view,den frowen v . Clingental ,frowen v . Clingental ,0.9539135694503784,rel,Kloster Klingental,1.0,False
HGB_1_066_031,Greifengasse 23,2611565.2152778204,1267854.2390179548,5dae670b-e762-4cd0-8efe-9edd9178abca_20240705,"13, 14",1437,"Item git ze kauffen Hans Ludin von Jntz.
lingen burger Heynman Lieber dem brat
becken von Zützlingen, daz hus genant zem
Einhurn mit siner hofstat mit dem höflin
dahinder ist erb und gelegen in minren
Basel in der gassen als man von der Rin¬
brugk wider sant Claren closter uffgat zwu-
schent Hansen Phiffers des slossers und Zscham
pos des Küblers hußern zinset von eigenschaft
wegen den frowen ze Klingental 4ß jerlich
wisung.
Martini und 2 ring siner eta. Martini
und 2ß ze erschatz und über den selben
zinß wisung und erschatz sol man jerlich
auch riechten und geben den erwirdigen ker¬
ren der stift uff Burg ze Basel 15ß von
eins jarzites wegen herrn Huses seligen
z. Buchhorn = 23 [sep] a Weswiler und denne der bruderschafft
ze sant Johans uff Burg daselbs 5ß, hiezu
Johann von Eschemberg procurator in Klin¬
gental consensit, so denne 1 juchart mit reben
ist auch erb sit in banno minren Basel.
in dem Gilgenberg zu einer siten an der Sum¬
ringerin reben und zu der andren siten an
dem phad als man gen Krentzach gat, zinset
von eigenschaft wegen die selb verkauft juchart
reben und der Sumeringerin reben jerlich 1 ȡ
dem probst zu sant Alban ze Basel, hiern
Peter Mader der messersund als ein meiger
der selben probstie sinen günst und willen
geben hat, umb 150 guld.",https://files.transkribus.eu/Get?id=BQQTGXPFDGBBPEOHKHMIVEPA&fileType=view | https://files.transkribus.eu/Get?id=AEEMOGUBKMNPNQPYRSUNIWLE&fileType=view,den frowen ze Klingental ,frowen ze Klingental ,0.987374559044838,rel,Kloster Klingental,1.0,False
HGB_1_066_031,Greifengasse 23,2611565.2152778204,1267854.2390179548,34ed30aa-b0a3-416e-94cd-dd797f647e74_20240705,19,1478,"Schultheissen Urkunde.
Burkart Gügellin Burger ze Basel, verkauft dem
Gotzhuse zu sant Theoder in mindern Basel 1 1/2 sh.
n. Pfg. jerliches Zinses von uff und ab sinem Huss und
Hoffstatt, so genant ist zum Einhorn und gelegen
zu mindern Basel in der Statt an der Burgergassen,
zwüschent den Hüsern Gilgenberg und dem obern
Huss genant ouch zem Einhorn, zinset von Eygenschaft
wegen dem Closter Clingental und anderswohin 1 sh.
n. Pfg. darnach gand ouch darab der Gesellschaft ze
Herren 1 Gld. und Herrn Jörgen Saltzman 3 Gld. wider¬
koiffig umb 10 Gld.",https://files.transkribus.eu/Get?id=UWGTRRGHWWWYTEVAFHMJOQGM&fileType=view,dem Closter Clingental ,Closter Clingental ,0.9969627459843954,rel,Kloster Klingental,1.0,False
HGB_1_066_031,Greifengasse 23,2611565.2152778204,1267854.2390179548,d0236c62-4a34-494e-9808-440fee4f7f2d_20240705,20,1478,"Item zend zu koffend Burkart Engellin als
ein hoptverkoffer und meister Andres Hel¬
mit sinem tochtermann als ein mitver¬
kuffer, gnendorus Bondorff schaffner des gotz
huses zu sant Theoder in namen sesselben
gotzhuses, 1/2 guld geltes jerlichen uff puri¬
ficat. Marie, von uff und ab des hoptver¬
koffers huß und hoffstatt vor und hinden
zem Eynhorn zwüschent den hußern Gilgen¬
berg und der Riechenbergerin huß och genant
zen Ginhoren gelegen zinset den frowen zu
Clingental und anderswohin 12ß darnach
gand darah der gsellschafft zer Herren ein
guldin geltz und herr Jergen Saltzman 3 guld
widerkoiffig nach ir briefen sag pro suna
10 guld.
Gerichtsbuch der mindern Stadt P5.
z. Erchhor = 23",https://files.transkribus.eu/Get?id=YVABHIAXAAPJYHIZEICDBVWX&fileType=view,den frowen zu Clingental ,frowen zu Clingental ,0.9585524201393127,rel,Kloster Klingental,1.0,False
HGB_1_066_031,Greifengasse 23,2611565.2152778204,1267854.2390179548,ff49d0eb-036d-4355-8386-b9ce9f5029ab_20240705,"21, 22",1478,"ein brief weisset uf Burckhart Gü¬
gelin als Hauptverkeuffer und meister Andres Hell¬
mueth, meister der 7 freyen Künsten, sein Tochter¬
man, beid Burger ze mindern Basel, als mitver¬
keuffer, dass sit jerlichs 11 ½ ß neüwer Basler pfenn¬
nig uf Liechtmess, widerkeuffig mit so remischen
gulden in goldt von uf und ab des Hauptverkeuffers
Haus und Hofstatt mit allen rechten und zugehön
ringen, so genannt ist zum Einhorn und gelegen
in mindern Basel an der Burgergassen zwischen
den Heüsern Gilgenberg und dem obern Haus, ge¬
mannt ouch zem Einhorn, zinst von eigenschaft
wegen der Camery uf Burg, sodan dem Gotshus
Clingenthal und anders wohin über und über 12ß
neuwer Basler pfennig, demach godt darab der
Gsellschaft zu der Härren 1 gld. und Georgen [sep] Saltzman 3 gld. gelts sind widerkeuffig
darnach frei, ledig eigen.
gab nach ihnen Jacob Wonlich
und nen Conrad Vermann jerlich uf
Liechtmess 12ß 6ȡ.
jetz Melchior Beuckher u. Rudolf
Beckhel, Thomme Dumerle; jetz
Andres Damerle.",https://files.transkribus.eu/Get?id=ESJOOWUXELQULIBPFFCWBVWJ&fileType=view | https://files.transkribus.eu/Get?id=TEWVLLDEUKRYEHNPQDEMBPAI&fileType=view,dem Gotshus Clingenthal ,Gotshus Clingenthal ,0.9704549113909403,rel,Kloster Klingental,1.0,False
HGB_1_066_031,Greifengasse 23,2611565.2152778204,1267854.2390179548,71f10318-11ee-4dd3-92e8-f59a70549670_20240705,"23, 24",1478,"Burckhart Gügelin als Houptverkeuffer
und meister Andrees Helmit meister der 7 fryen
Kunsten, sein tochterman beide burgere ze minren
Basel als mitverkouffer, zinsent ierlichs 11 ½ ß nuwer
Basler pfennig gelts uf Liechtmess, widerkoufig mit
so renischer gld. in gold, von uf und ab des Houpt¬
verkeuffers Hus und Hofstatt mit allen rechten
und zugehörungen, so genant ist zum ein Horn und
gelegen ze minren Basel an der burggassen zwischen
den Hüsern Gilgenberg und dem obern Hus genant
ouch zum ein Horn, zinset von eigenschaft wegen
den frouwen von Clingenthal und anders wo hin über
und über 12ß nuwer Basler pfennig, darnach goth
darab der gselschaft zu der Herrn 1 gld. und Jergen Saltz¬
man 3 gld. gelts, sind widerkouffig, darnach fry, ledig,
eigen. [sep] git nun Friderich Ule der Seyler zuampt Gross.
seyllerin; git jetzt Hans Conrath Minderlin
der schumacher; gibt Hauptman Baltzer
Jrmi; gibt Melcher Beuckher und Rudolf
Beckhell, jetz Andres Thümele.",https://files.transkribus.eu/Get?id=KPBEEZJMAOHAELKBSAPTREZE&fileType=view | https://files.transkribus.eu/Get?id=XTXKCNJKBHFHELVORMNNLMKX&fileType=view,den frouwen von Clingenthal ,frouwen von Clingenthal ,0.9770039916038513,rel,Kloster Klingental,1.0,False
HGB_1_066_031,Greifengasse 23,2611565.2152778204,1267854.2390179548,7cb9df5e-616a-4e33-a3e4-564064dfd770_20240705,"27, 28",1513,"Item do geben zu kouffen meister Claus
Schribysen der woffenschmit burger und
sesshafftig zu mindern Basel, und Ursel
sin eefrow, dem erbarn Veltin Malenberg
dem seiler burger und hindersass zu
mindern Basel Barblonn siner eefrow,
das huß und hoffstat mit dem höfflin
genannt zum Einhory gelegen zu min
dern Basel an der Burgergassen einsite ne¬
ben dem huß zum alten Linhornn ander¬
sit neben dem huß Gilgenberg zinßt von
eigentschafft den frowen zu Clingental
Zins ȡ
in mindern Basel vier ß zwen ring
brotz, so dem der presentz uff Burg
( gestrichen) der hohen stifft zu Basel 15ß
an ein jarzit in sant Johanns bruder
z. Eichhorn = 23 [sep] Schafft uff Burg 5ß, so dem der geselschafft
zur Herren ein guld gelts sant Theoder 1
guld gelts herr Wilhelm Wegenstat capelan
zu sant Martin und siner caplanni dr
guld gelts alle widerkouffig so jetz hat
herr Mechel capellan zu sant Martin, und
ist diser kouff beschen umb 60 ℔.",https://files.transkribus.eu/Get?id=NXVXWGCRNSMQRJBCDERKARRX&fileType=view | https://files.transkribus.eu/Get?id=SEWUCEXYDCJANXYHLGXWPRKX&fileType=view,den frowen zu Clingental ,frowen zu Clingental ,0.9817466586828232,rel,Kloster Klingental,1.0,False
HGB_1_066_033,Greifengasse 25,2611570.1726592677,1267856.7947997367,d9b09e2a-1f13-4551-ab47-09b63ca4422b_20240705,12,1481,"Item git zu koffend Hans Riechenberg der
müller Burger, Clausen Ledersack dem seyler
Thomat siner ewirtin, das huß und hoff
statt mit dem höfflin vor und hinden so ge¬
nant ist zem Einhon und gelegen zu min¬
dern Basel in der Burgergassen zwüschent
den hußern Einhorn und witnow zinset
den geistlichen frowen zu Clingental 4ß cenß
geteilt halben Johans bapte und Andree und
2ring brotz zu wysung, item und dem gotz¬
huß zu Witnow 30ß cenß von eins
wegen pro suna 120 guld.
z. obern Eichhorn = 25
z. Weitnau = 27
Gerichtsbuch der mindern Stadt P5.",https://files.transkribus.eu/Get?id=LSWMOKQTZMCFJYIUITHLQNKR&fileType=view,den geistlichen frowen zu Clingental ,geistlichen frowen zu Clingental ,0.975866436958313,rel,Kloster Klingental,1.0,False
HGB_1_066_049,Greifengasse 10,2611514.845455202,1267811.2564802596,27cca0ec-e2dc-430e-bc0b-e21fe426e4bb_20240705,11,1520,"ein brief wist wie Jörg Meyer der
schumacher und Barbel Säcklerin sin eefrow umb
eins ein Lyhding kauft hand mit 200 gld. in müntz
1 ℔ 5ß für den gld. in barschaft 110 gld.
item uf dem Hus 80 gld. so do
gelegen zu mindern Basel an der Burggassen, als daz
zum räten Löwen genant, und zwüschen Hans von
Spinal des Kürsners und Andres Klöster des statt¬
Mrechts Hüsern gelegen, zinst einem Stattschriber
zu mindern Basel in sin ampt und eigenschaft
und 1ß an das Höflin an Cleckis Hus so jetz der
Spital inhat und zinst dan 1 gld. 1 ℔ 3ß dafür ege¬
bend uns von Clingental.",https://files.transkribus.eu/Get?id=MHWMQQZHWZZLSILAWOOAAWRH&fileType=view,uns von Clingental ,uns von Clingental ,0.6617696682612101,rel,Kloster Klingental,1.0,False
HGB_1_066_049,Greifengasse 10,2611514.845455202,1267811.2564802596,21353cec-4712-4958-8c93-e4a2689dcc58_20240705,"12, 13",1521,"Item da geben zu kouffen die erbern Georg
Meyer schumacher und Barbara sin eefrow,
dem erbern Hannsen Kek dem Schumacher
burger ze Basel Margret siner efrowen das huß
und hoffstatt genant zum roten Lowen zu
mynndern Basel an der Burgergassen zwüschen
den husern zum Tiergarten und zum Meyen
zinset minen herren den reten oder an das
Stattsriber ampt zu mindern Basel von
eigenschafft 30ß und 5ß zu erschatz so sich
die hand verwandelt des empfahenden halb
und me 1ß gelt vom hindern höfflin dem huß
Klekenberg uff Martini, sodenn 1 guld gelts
minen frowen von Clingental wyter ist sollich
huß memanden versetzt, und ist daruher der
kouff beschen, umb 100 ℔. [sep] Gerichtsbuch der mindern Stadt P8",https://files.transkribus.eu/Get?id=NXWMBRJJTFVLAKXPFLPFFVZI&fileType=view | https://files.transkribus.eu/Get?id=SQBDADGLOLURLJKGVJGMEWDT&fileType=view,minen frowen von Clingental ,minen frowen von Clingental ,0.8820315301418304,rel,Kloster Klingental,1.0,False
HGB_1_066_052,Greifengasse 16,2611529.5243307883,1267818.6143544833,c2802f82-56a7-40d3-8f2b-a6a2d800b764_20240705,9,1478,"Privat Urkunde.
Andres Helmut Meister in den frygen Künsten
als ein Houptverkouffer und Wernlin Meylin der
Wirt zer Sumen Geswägere, Burgere ze Basel, als
em Mitverkouffer verkaufen Frow Margrethen
vom Huss Closterfrowen zu Clingental 1 ℔. 3 sh. u. Pf.
jerliches Zinses von uff und ab des Hauptverkouffers
Huss und Hoffstatt, so genant ist zum Sode und ge¬
legen ze mindern Basel in der Burgergassen, zwü¬
schen den Hüsern zem Brunnen und Kilchberg
davon gand jerlich 4 Gld. der Cappel zu sant Niclaus
und 1 Gld. dem Gotzhuss ze Clingental, und ab einer
anderer Liegenschaft, um 25 ℔.
z. Sad = 16
neben 16 Ao 1478",https://files.transkribus.eu/Get?id=APHXWJQJBOMIIAOJSRZTRUQF&fileType=view,dem Gotzhuss ze Clingental ,Gotzhuss ze Clingental ,0.9951800853013992,rel,Kloster Klingental,1.0,False
HGB_1_066_068,Greifengasse 34,2611610.3407015163,1267859.577050197,43fb1b91-96ad-4de3-a7df-0422f8079f4c_20240705,"7, 8",1432,"Item gebent ze kouffen Burgklin Snelle
der küffer und Gredlin sin swester und M.
tin Snellen ir beyder muter, Henman
Bößlin dem hafengiesser burger etc. daz hus
hofstat und garten dahinder sit in min
ren Basel in der gassen als man von der
Rinbrugk wider sant Claren uff gat
zwüschent hußern genant Leutzburg Speichen
des wagners stosset der obgenant garten
an den garten des huses zem Herlist zum
sant von eigenschaft wegen den frowen
ze sant Claren 4 ℔. jerlich diniß angar.
2 1/2 hin jerlich Martini 7 1/2 ß erschatz
2 1/2 hun erschatz, item Henman Schaler
im obern Zwigel hof 5ß und den fro.
ouch 5ß jerlich
wen ze Klingental [sep] Martini, Hans von Münster hofmeister
ze sant Claren consensit, umb 50 guld",https://files.transkribus.eu/Get?id=IGSCQHVNTQWMSQBHQWUYOLZS&fileType=view | https://files.transkribus.eu/Get?id=DZEJEPNPVAAFCRJWGISVVRSD&fileType=view,Klingental ,Klingental ,0.7922268509864807,rel,Kloster Klingental,1.0,False
HGB_1_066_068,Greifengasse 34,2611610.3407015163,1267859.577050197,99ac04eb-d13f-4e90-91be-5501c92925b3_20240705,12,1445,"Privat Urkunde.
Hanns Fierstein, ein Hubschmid, Burger und gesessen in
der kleinen Statt Basel und Ennelin sin eliche Wirtin,
verkaufen Hanns Huckerman gesessen in der kleinen
Statt Basel 1 Gld. Geltes jerliches Zinses von uff und ab
irem Hus und Hof genant Wulmans Hus, als es ge¬
legen ist ze Basel in der kleinen Statt an sant Claren,
Gassen, zwüschent den Hüsern genant Füllikon und
rentzburg, zinset von der Eygenschaft 2 ℔ in die Custery
zu sant Claren und 2 1/2 Hünr ouch daselbs, und 3sh. Meister
Henman in dem obern Ziegelhof, 5 sh. Frowen Claren ze Rin
ze Clingental, sodann ab einem Grundstück andern
Hanse, um 20 Guldin.",https://files.transkribus.eu/Get?id=PSVNDKDFNWMZXRLXURUGLUHH&fileType=view,Frowen Claren ze Rin ze Clingental ,Claren ze Rin ze Clingental ,0.7271855622529984,rel,Kloster Klingental,0.48336919195064665,False
HGB_1_066_068,Greifengasse 34,2611610.3407015163,1267859.577050197,3c0111c8-0241-4bbe-b9f2-61b894dbb0e9_20240705,"17, 18",1483,"Item do gitt ze kouffen Friderich Landegk.
der woffensmid, Hannsen Ottlin von Rin
felden dem wagner Trenen siner frowen
dz huß und hoffstat genant ze Wolman
gelegen in mindern Basel in sant Cloren
gassen zwüschent Conraten Wagner und
der herren von Wettingen hußer zinset jerli¬
chen den geistlichen frowen zu sant Cloren
2 ℔ angl. 2 huner ze wisung Martini.
und 8ß 9ȡ ze erschatz wann sich die hand
verwandlet, sodann herr Johannsen Saltz
man 5ß Martini, sodann gon Clingen
tal 5ß Martini zinset es dem ersamen
Ludwigen Peyer 1 gl. geltz Jeorg kouft und
widerkouffig mit 20 gl.
. ist fürer mit zinß
haft etc., und ist der kouff geben umb [sep] 30 ℔.",https://files.transkribus.eu/Get?id=MUPYBMRISWQIHJAYGBMYINOA&fileType=view | https://files.transkribus.eu/Get?id=KRYRIJAQBGLOAZEERMHAJEOU&fileType=view,gon Clingen tal ,gon Clingen tal ,0.7899192770322164,rel,Kloster Klingental,0.9702718512212841,False
HGB_1_066_071,"Greifengasse 38, 40",2611623.329036016,1267864.2521550243,42f040f3-a4e2-4ba3-87c8-7c9623e070b5_20240705,"35, 36",1513,"Item do gebenn zu kouffen die erbarn Clauß
Schribisen der waffen schmit burger und
hindersas zu mindern Basel und Ursel
Riterin (ndentlich sin eefrow, dem
fürnemen ersamen herr Jocoh Hürling
dem vogt der stat Basel und Madlen
siner eefrowen, 2 guld jerlich zinß so die
verkouffer zu geben antworten an uff sant
Erasmus tag des bischoffs von uff und ab
der verkouffer huß und hoff und schmit
ten so gelegen ist in mindern Basel.
in der Burger gassen by sant Cloren hin¬
uff ze einer neben der verkouffer schüren
zer andern neben Eberhart Scholer zinßt
den frowen zu Clingental 2 gl. geltes wider
kouffig, so den von uff und ab der ver¬ [sep] kouffer zwey bletzlin ab 2 stück ackern bloss¬
gelends inn zwing und ban ze mindern
Basel uß wenndig sant Blesins thor zwei¬
schen der frowen zu Clingental und Hanns
von Brun gütern gelegen sint eigen, fürer
noch anders soll güter mit witers beladen
emptio facta pro 40 guld.",https://files.transkribus.eu/Get?id=UAPXARXSKXJZLACOQXXLWDZW&fileType=view | https://files.transkribus.eu/Get?id=BVUJPZRCKFXTDOVKWMREJGWT&fileType=view,den frowen zu Clingental ,frowen zu Clingental ,0.9895664900541306,rel,Kloster Klingental,1.0,False
HGB_1_096_012,Kirchgasse 3,2611907.334226726,1267674.1135322498,37cf56b9-59be-490b-b24d-e749aeff2d6c_20240705,11,1519,"137. Conrat Dotter, Schultheiss zu mindern Basel. 2. S. v. 22 in
ư gen thut kund, das Hanns Kalt, burger zu mindern Basel, und Agnes sin
elich hussfrow dem Hannsen Murer, ouch burger und lonherren der herren
von Basel. zu handen.. derselben herren. die schünre und holt.
statt daran mit allen Zugehöringen zu mindern Basel im Riehemer Thore
zwuschen Walther Harnaschers seligen garten und miner Herren von Basel
andern hottstatt, stosst handen an der statt ringkmuren und vornen an
die ober sannt Theoders kilchgassen, zinsst die schünr 2ß nüwer Bassler,
pfenning und zwen zing brotz zu wysung dem gotzhuse Clingental, und
denne die hottstatt z 2 ß ouch nüwer Bassler pfenning sannt Georgen altare
zu sannt Caren, um Hoo dieser pfenning und mit Zustimmung des Rücha¬
zins Buchholz, Schaffner. von Clingental verkauft haben. Besitzer und
Zeigen: Martin Beringer, Jacob Sumracher, Anthon Grünenwald, Heinrich
am Rern, Conrat Rephun, Franz Gallicion, Conrat Kung und Rudolft Supper,
all Burgere zu Basel. Es wird der reten insiget angehängt
1519 August 20.
Originat St. Urk. W 2770 (.- Auf dem Anschlag rechts: Alexander
Hus. Rückwarts steht von der Hand des Schreibers der Orkunde.
Pro seite daneben von anderer Hand mit und etreas weiter rechts
V.- Notario nichil. - Das Siegel ist abgefallen.",https://files.transkribus.eu/Get?id=TASRUSFJDCVATUBVSESFUIRY&fileType=view,dem gotzhuse Clingental ,gotzhuse Clingental ,0.9099299112955729,rel,Kloster Klingental,1.0,False
HGB_1_096_012,Kirchgasse 3,2611907.334226726,1267674.1135322498,96f6f519-b178-447f-a53e-0cfaf93f1e04_20240705,12,1519,"Schultheissen-Urkunde.
Hanns Kalt, Burger zu mindern Basel, und Agnes
sin elich Hussfrow verkaufen dem Rathe zu Basel die
Schüwe und Hoffstatt daran mit Grund und Boden,
zu mindern Basel bym Rieheymer Thore, zwüschen
Walther Harnaschers sel. Garten und der Statt Basel.
andern Hoffstatt, stosst hinden an der Statt Ringkmuren
und vornen an die ober Sant Theoders Kilchgassen, zinst
die Schürer, 3sh. nüwe Bassler Pfenning, und 2 Ring
Brotz zu Wysung dem Gotzhus Clingental, und die Hoff
statt vierthalb st. nine B. Pf. Sannt Georgen Altare zu
Sant Claren, um 100 Pfunt Basler Pfenning.",https://files.transkribus.eu/Get?id=GGSPJPCJPYFAKWVRGQWRIBNP&fileType=view,dem Gotzhus Clingental ,Gotzhus Clingental ,0.9467540582021078,rel,Kloster Klingental,1.0,False
HGB_1_096_012,Kirchgasse 3,2611907.334226726,1267674.1135322498,bd973381-1a7d-41a6-870d-a5d63554e119_20240705,"13, 14",1519,"Item da haben zu kouffen geben die erbern Hanns
Kalt und Agnes sin eefrow, der edel strengen
fromen vesten fürsichtigen und wysen unser
gnedigen herren burgermeister und der reten der
Statt Basel die schurere mit der hoffstatt darne¬
bent und daran zu mindern Basel bym Rie¬
hener thor nebent Walther Harnascher seeligen
Garten Stost hinden an der statt ringkmuren
und herfür an die obere sant Theoders Kilch¬
gassen, zinßt die schürr 3ß von eigenschafft
und zwen ring brotz zu wisung minen fro¬
wen von Clingental und die hoffstatt 3 1/2 ß
an sant Georgen altar zu sant Clara und
wyter noch anders ist sollich Schürr und hoff¬
statt memanden versetzt noch verbanden
und ist diser kouff beschen umb hundert [sep] pfant. [sep] Ao 1520 [sep] Gerichtsbuch der mindern Stadt P3.
der Rath Eig. v. Th. v. 3 neben 5 Ao 1420
eben 5, 9 auf S. v. 3 Ao 1544
Kalt Hs neben 59 auf S. v. 3 Ao 1507
Harnisch Walther Eig v 5, 9 Ao 1509
3 gibt 7ß gelts (= 32 neue pfen) an St. Clara",https://files.transkribus.eu/Get?id=ONAXOMGKKACBRWMSUVZCXQHF&fileType=view | https://files.transkribus.eu/Get?id=XWNYJWGVUHLUHSZNXXUWXJWS&fileType=view,minen fro ¬ wen von Clingental ,minen fro ¬ wen von Clingental ,0.8616412828365961,rel,Kloster Klingental,0.968463648300166,False
HGB_1_096_014,Kirchgasse Th. v. 3 neben 5,2611907.334226726,1267674.1135322498,0505f89a-79c7-4541-bb24-e84e104a5f77_20240705,6,1425,"eter Bampnach und
Item gebent ze kouffen
Anna sin elich frow, Heinrich Blawen.
Item dem ziegler civi etc, die schüren mit
iren zugehörden sit in minren Basel in
der Kilchgassen zwüschent her Modellis
schüren und Göbellis hus zinset von
eigenschaft wegen den frowen ze Klingen
tal 6ß 2 zinßd jerlich Martin 1 ring
wisung si Martini und sovil erschatz
als zinses umb 28 ℔, Hans von Ho¬
wingen penrator consensit",https://files.transkribus.eu/Get?id=WDVHTMWBUXPXMMBTTLXSTSDA&fileType=view,den frowen ze Klingen tal ,frowen ze Klingen tal ,0.9790063977241517,rel,Kloster Klingental,1.0,False
HGB_1_096_014,Kirchgasse Th. v. 3 neben 5,2611907.334226726,1267674.1135322498,d28a2f10-389a-4266-b3bf-3c1fbcc68169_20240705,"7, 8",1436,"Item git ze kouffen Hans Spengler ein reb
man wonhaft in minren Basel, Burgkart
Besßrer burge, in namen Gredlins und Han-
sen, Heintzman Blawensteins seligen wilent
des zieglers sesh. und burgers ze minrem Ba-
undhrem vogt
sel elichen kinden guld geltz jerlich zinses
solnend jerlich Johanns bapt, uff und abe
siner schüren sit in minren Basel in
der Kilchgassen zwüschent Wernlin Bartins
und (Lüke Zinset von eigenschaft wegen dem
lich
frowen ze Klingental 16ß und 2ȡ und
r wisung jerlich Martini mit dem
erschatzitem 3 juchart reben in banno
minren Basel im Gilgenberg ex und die
lenzin uß hin nebent Lienhart Hußlers
ex alia nebent Heintzi Zuster zinset von [sep] eigenschaft wegen dem spital 8ß jerlich
Martini, item 1 vierteil reben und bloß ge¬
lend in der hindern Kaweten zu jewedern
siten zwüschent den frowen zu Klingental
gut zinset von eigenschaft wegen den selben
frowen 9 ȡ jerlich Martini, item 12 juchart
reben ist eigen sit in bano G da im
Engenstein zwüschent Wendenspiß des koches
und Heintzman Blauenstein seligen erben
güter, umb der junt.",https://files.transkribus.eu/Get?id=EXCOICDYVFDDHTEAAXATRJFL&fileType=view | https://files.transkribus.eu/Get?id=XBXJXXAEDNXWZGOJBPCFXYHX&fileType=view,dem lich frowen ze Klingental ,lich frowen ze Klingental ,0.9769919991493226,rel,Kloster Klingental,1.0,False
HGB_1_096_024,Kirchgasse Th. v. 4 neben 2,2611906.776484833,1267644.4165644357,fe157cb1-fb8f-4db9-a9b4-9b4931de545a_20240705,4,1422,"Item git ze kouffende Eberlin Röslin der
Hafengiesser am (Lüke) Hansen Zusta-
von Mülhusen vinicole no civiset, ein hus
mit dem gertli dahinder sit in minren
Basel in der Kilchgassen by sant Joder ex und
Richart Bossen trotten ex alia (Lüke) schu¬
ren zinsent dnaby in Klingental 12ß
zinßd Martini 2ß einßd erschatz, umb
28 ℔, Joh. de Howingen consensit.",https://files.transkribus.eu/Get?id=QOXDELNNYFTTKJWOKXVGIDCO&fileType=view,Klingental ,Klingental ,0.8321409225463867,rel,Kloster Klingental,1.0,False
HGB_1_096_025,Kirchgasse Th. v. 4 neben 6,2611906.776484833,1267644.4165644357,af1aaca8-d599-49f2-b6ca-46455b8063ed_20240705,18,1471,"Schultheissen Urkunde.
Ludwig von Finsel genant Silberberg, Burger ze Basel, erstei¬
gert ein Peter Brand dem Relmann sel, gehöriges Huss und
Schüren mit der Trotten darine und dem Gertlin darhinder
ist gelegen zu minderen Basel in der Kilchgassen, zwüschent
der Karthuser Garten und Hansen astades eltern Huss.
zinset von Eygenschafft wegen, nemlich Huss und Schüren dem
Kloster Maria Magdalenen an den Steinen 1 1/2 sh. und dem
Closter zu Klingental 1 1/2 sh. das Gertlin dem Gotzhus zu sant
Alban Jkl. Sester Rogken, um 1 zin Guldin.
Rückseite nichts:",https://files.transkribus.eu/Get?id=VJJURYKXIDRHXHYQWOMWVXEV&fileType=view,dem Closter zu Klingental ,Closter zu Klingental ,0.9955671429634094,rel,Kloster Klingental,1.0,False
HGB_1_096_025,Kirchgasse Th. v. 4 neben 6,2611906.776484833,1267644.4165644357,1c7353af-966a-4c00-811d-a54c8bf54545_20240705,19,1471,"Schultheissenurkurde.
Die Gläubiger fronen und lassen in Efentlicher Versteigerung feilbieter
des erstossen Peter Brand, des Rebmans seligen, vertassne Eigende Gütter à 2.
ein Huss und Schüren mit der Trotten darume und dem Gertlin dar¬
hinder, ist gelegen zu mindern Basel in der Kilchgassen, zwüschen der
Carthüser Garten und Hausen Zusta des eltern Huss, zinset nemlich
das Hus und die Schüren unt der sosten von Eygenschaft wegen dem
Closter an den Steyngen sechschendhalben Schilling undt dem Closter zu
Clingental fünfehendhalben Schilling und aber das Gertlin besinder
dem Gotshus zu dant Alben ein seinen Sester Roggen.
Ludurg von Gnsel, genant Sitterberg, Burger ze Basel, kauft es in Ge¬
richt umb einem Rinschen Guldin.",https://files.transkribus.eu/Get?id=TLBWIOTWFNJEVEMVCQNXLOZB&fileType=view,dem Closter zu Clingental ,Closter zu Clingental ,0.9844851195812225,rel,Kloster Klingental,1.0,False
HGB_1_098_010,Klingental 1,2611448.0110635385,1267969.1749949425,b49bede8-2085-46f5-ae05-c8165c48d72e_20240705,"17, 18",1473,"Schultheissen Urkunde.
Cleinhans Beynger der Müller, Burger ze Basel.
und Ursell sin Ewirtin verkaufen Michel Arnolt
dem Hubenschmit, Burger ze Basel, 1 Gld jerliches
Zinses von uff und ab irem Schen und der Müly
so genant ist die mittel Müly zu Clingental und
gelegen in der Statt ze mindern Basel uff dem nidren
Tych ze Rus an der Frowen von Clingental Pfisterie
und gegen Osswaldt Stehelins sel. Schliffen und Lehen
über, zinset von Eygenschaft wegen den Frowen von
Clingental 4 Viernzal Kern, 4 Viernzal Mülykorn, ein
Schwan und 4 Huner, sodann ab einer andern Liegen¬
schaft, um 20 gld. Mettelmühle = 1 Ao 1522 [sep] 1486 Mittwoch vor sant Catherinen.
Cleinhanns Reynger der müller hat bei
Conrat Müller zu sant Claren, der im Besitze des Haupt¬
briefes war 1/2 gld mit 10 reinischen gld. abgelöst für
derhin blieb also mer nach 1/2 gld zu bezahlen.
1502, Sambstag sant (wort unleserlich Martinstag.
hat frow Ursel Reynerin die müllerin inwendig Ge¬
schriben erkennt das Cunrat Müller zu sant Claren
inhaber dis briefs empfangen habe 12 ½ ℔ pfen und
Domit wider zinses solle den inwendigen gld. geltz
bitz zu siner ablösung.
1504. Rynstag an sant philipps u. Jacobs tags obend.
Hans Ulrich Münchenstein, Burger ze Basel,
rechtmassiger Vogt des wylent Conrats von Sernantingen
des Müllers, elicher Rinder, ubergibt im Namen seiner
Vogtkinder den Predigern den inwendig geschrieben
nen gulden samt halptbrief für zem Jarzit für die
Eheleute Sernantingen und ihre Kinder.
disen Zins gibt Abraham Geugis der Müller,
gibt disen zins herr Statthalter Weiss.",https://files.transkribus.eu/Get?id=WMZXLOEUSWJOSQRDOIKEZNLT&fileType=view | https://files.transkribus.eu/Get?id=MJTDNHMVCPTMAJJBAILPYLEH&fileType=view,den Frowen von Clingental ,Frowen von Clingental ,0.9960342645645142,rel,Kloster Klingental,1.0,False
HGB_1_115_009,Leonhardsstapfelberg 2,2611263.604347742,1267227.0670427654,d43c698c-a32e-47e0-9f41-58ac8d078436_20240705,8,1453,"Heuman Regesshein der gerwer verkauft an Peter Gump
u seine Frau Claren, das Hus & Hofstatt mit dem garten
derhinder, als es gelegen ist under den gerwern
an dem obern Birsich, nebent Mr. Hannsen sel hus,
dem man sprichent des Meygers hoff ze einer siten, u.
dem Hus Stouffenberg zer andern siten, zinset von eig.
der vierden pfrund des hl. crützesaltar zes. Peter gelegen
die Stamler seb gestiftet hat jährl 3℔, zwei huner ze
wisung, 5 sh. erschatz, sodenn gal jährl. der bruderk s. Joh.
Capell 1 ℔. u den frauer ze Clingental 5 sh. von selgereten
wegen, um 50 fl.",https://files.transkribus.eu/Get?id=VDHLPJRBZARHRZZVLMTMAMBA&fileType=view,den frauer ze Clingental ,frauer ze Clingental ,0.9939702898263931,rel,Kloster Klingental,1.0,False
HGB_1_115_009,Leonhardsstapfelberg 2,2611263.604347742,1267227.0670427654,b20ccee9-7cde-4228-bec7-3c15ce0804cc_20240705,10,1474,"Clara Gumpin wyl. Peter Gumper des gerwers sel.
Wwe. verkauft an Hanns Stahel den schnider
das Hus & Hofstatt mit dem garten darhinder,
under den gerwern, uf dem obern Birsich, neben des
Meygers hof ze einer u. dem Hus Stoffenberg zer
andern siten, zinset voneig. den freiden pfrund s. Joh.
altar zu S. Peter die stamler sel. gestift hat 3℔
zwei Huner ze wysung, 5 sh erschatz, sodan s. Joh Brud.
uf Burg ℔. u den frauen zu Clingental 5sh. von eins selgerets
wegen, sonstfrei, sum 20 fl.",https://files.transkribus.eu/Get?id=OYUDLRKNVOIOYVZYRZCGRCJG&fileType=view,den frauen zu Clingental ,frauen zu Clingental ,0.9585639536380768,rel,Kloster Klingental,1.0,False
HGB_1_115_009,Leonhardsstapfelberg 2,2611263.604347742,1267227.0670427654,64d22348-b842-4015-a09e-3ff643f0ce74_20240705,11,1474,"Clara Gumpin Peter Gumper des gerwers sel Wwe.
hat Hanns Stahelin dem gwantmann u sinen Kinden
gemacht, ir Hus & Hofstatt mit dem gertlin darhinder
gelegen uff dem obern Birsich, hinder der gerwer¬
brunnen, zwüschen dem Hus Stoffenberg ze einer,
ư dem Meiger hoff zer andern siten, zinset an s.
Johanns brudersch uf Burg. 1 fl 2 1/2 sh. an die Stift s. Peter
2 ℔ u. huner ze wisung, me 2 1/2sh. von dem Höflin
hinder dem Hus der frauen zu Clingental
u. erhält si leptag holz, zinsete",https://files.transkribus.eu/Get?id=AKCPKOPVXNXQTGLDGGYORBEO&fileType=view,der frauen zu Clingental ,frauen zu Clingental ,0.7708110809326172,rel,Kloster Klingental,1.0,False
HGB_1_136_031,Münzgasse 16,2611165.352436158,1267391.988798749,25cf9bb2-c646-43a7-9bfb-caa21a78693c_20240705,16,1482,"Greta Rutschlin wyl. Ulrich Rutschlin des metzgers
sel Wwe, verkauft an Hanns Rinken & seine Frau Elsin,
ir Hus & Hofstatt an der Sattelgassen, zwuschen Peter
Hausman der Kuttlers hus ze einer, ư dem hindern hus
zem Holden zer andern siten gelegen ist, zinst von eig
30 sh. Henman Truchsessen von Rinfelden Ritter, sodan
sol man jährl geben 1 fl gelts dem Clingental ist widerk.
2 1/2sh. zu s. Lienhart, sonst frei, sum 22fl.",https://files.transkribus.eu/Get?id=TWIUNBBZXQZVTUTAYDOJJSRH&fileType=view,dem Clingental ,Clingental ,0.9879198372364044,rel,Kloster Klingental,1.0,False
HGB_1_136_031,Münzgasse 16,2611165.352436158,1267391.988798749,7d2eb848-4feb-463f-a0e7-62c117e31b65_20240705,17,1487,"Frau Elsin Rincken wyl. Hanns Rincken sel Wwe.
verkaufen an Martin Tachsfeld den underkouffer, ư
seine Frau Elsin, das Hus & Hofstatt an der Kuttel¬
gassen, zwüschen Peter Hausmann des Metzgers hus
ze einer, und dem hindem Hus zem Solden zer andern
siten gelegen ist, zinst von eig. 30sh. den Truchsess von
Rinfelden, sodan sol man davon geben 1 fl jährl den
frauen zu Clingental, ist widerk. u. dan aber 2 1/2sh.
zu s. Lienhart, sonstfrei, um 11 fl.",https://files.transkribus.eu/Get?id=YFSLARKRFMKNTURIPOTQMRBP&fileType=view,den frauen zu Clingental ,frauen zu Clingental ,0.9793601334095001,rel,Kloster Klingental,1.0,False
HGB_1_145_010,Ochsengasse Theil von 1 neben Greifengasse,2611537.8320050794,1267841.594984016,8cc42ca7-6402-46bb-a473-9a839195e43a_20240705,6,1424,"Officialerkunde.
Sant Clara setzt den Hans von Mün¬
ster, iren Müller und Hofmeister als Träger der
zinses ab dem Hause Haltingen so die frowen
von Clingenthal haben uf der eigenschaft, und gelegen
ist in der minren Basel an der gassen durch die man
gatt die schlichte von der Rinbrugken in sant Claren,
Kloster gegen meister Martin über dem seiler und ne¬
bent dem Huse Swanow, davon ist an Clingenthal
jerlichs ze geben ze Zinse zu sant Niclaus 3 ℔ gewon¬
licher Basler zins pfennig zu den 4 fronvasten, mit Be¬
dinzungen auf Todes fall des Trägers, und 15ß ze
erschatz.
die frowen sant Claren gent 30ß vom Hus Haltingen.
Clingenthal F. Briefbuch 15. Jahrh. fol. 12.
wil Oreginal Klingenthal Urk. No 1786",https://files.transkribus.eu/Get?id=PGYIIDQNSZKOHHDJIIRZBYFS&fileType=view,Clingenthal ,Clingenthal ,0.9960015416145325,rel,Kloster Klingental,1.0,False
HGB_1_145_012,Ochsengasse 3,2611535.1544020716,1267849.3902063211,2cc3710b-df80-472c-b573-ef9ef9fb490f_20240705,29,1482,"Item git zu koffend Ulrich Stab von Jetz¬
lingen, dem ersamen wysen herr Oßwal¬
den Holtzach zunfftmeister 2 guld geltes
jerliches zinses uff Marien verk, von uff
und ab sinem huß und hoffstatt mit
allen sinen rechten genant Lorrach und
gelegen zu mindern Basel in der Crützgas
sen nebent des benanten herrn Oßwaltz
huß genant zem roten Vogel zu einer
siten und Heinrich Z Valkners huß zer
andern siten, zinset minen frowen zu
Clingental 15ß Martini, pro summa
40 geld.
Lornach = 3 Ao 1412
Gerichtsbuch der mindern Stadt P5.",https://files.transkribus.eu/Get?id=BFFTATTAZGAARPQMEQVIJHVM&fileType=view,minen frowen zu Clingental ,minen frowen zu Clingental ,0.972750648856163,rel,Kloster Klingental,1.0,False
HGB_1_145_012,Ochsengasse 3,2611535.1544020716,1267849.3902063211,87099752-6dbd-488c-92ae-e9c734d70e82_20240705,30,1486,"Schultheissen Urkunde.
Ulrich Grabs von Jützlingen und Anna Schöni sin
elicher Gemahel verkaufen Fridli Colmer dern Küffer,
Burger zu Basel das Huss und Hofstatt genant Lörrach
gelegen in Mindren Basel in der brützgassen,
einsite an Heinrichen Salkner und zer andern
Siten am Roten Vogel, zinset jerlichen von Eigen¬
schafft 15sh. u. Phg. und 2 Ring Brotz ze Wisung, dem
Frowen zu Clingental 2Gld widerkouffig mit 40 Gld.
Oswalten Holtzach alten obersten Zunftmeister, umb
120 Gld. (= 1℔. 5 sh.)
Brab Ulr. Eig. v. 3 Ao 1482 bis 1486
Klingenthal Urk. No 2421.",https://files.transkribus.eu/Get?id=YVTCRAKQHVLEPYTIGXEHRRAG&fileType=view,dem Frowen zu Clingental ,Frowen zu Clingental ,0.9899275153875351,rel,Kloster Klingental,1.0,False
HGB_1_145_014,Ochsengasse 7,2611527.385128088,1267861.2859495631,1fbccb7c-01aa-4def-a174-fd5a9c26d2ad_20240705,6,1423,"Item git ze kouffen Greda relta quod
Ulrich Wemgarter oltin prug, Niclas Hesin,
ger carnifier, dz hus mit dem höfli dahinder
sit in minren Basel ex opporto domo zem
schönen Kelr jnter domum zem roten Vogel
ist erb von den frowen ze Klingental dem
man davon zinset von der eigenschaft 5 ℔.
zinßd diniß u tempin und ein hin wi¬
sung jerlich Martini 10ß hon in mut
mang, umb 60 florg, Johannes de Howin
gen procurator consensit.",https://files.transkribus.eu/Get?id=RHMZMEKLJUINIHGDDILMZCPL&fileType=view,den frowen ze Klingental ,frowen ze Klingental ,0.9383378475904465,rel,Kloster Klingental,1.0,False
HGB_1_145_014,Ochsengasse 7,2611527.385128088,1267861.2859495631,51da116a-c8b5-4499-a4bb-d66434d9c6b0_20240705,7,1433,"Schultheissen-Urkunde.
Clewin Häsinger der Metziger, sesshaft und Burger ze
minren Basel und Enelin sin eliche Frowe verkaufen
Elsy von Eigst Henmans von Augst sel. wilent des Brot
begken und Burgers ze Basel Efrowe, 3 Guldin Geltz jer¬
lichs Zinses uff und abe irem Hus Hofstat und Gesäss
genant zu dem Steinbogk, ist Erb und gelegen in der min¬
ren Stat Basel, zwüschent dem Hus zem Roten Vogel und
Clewin Krösen Stallunge und gegen dem Hus zu dem
schönen Kelr über, zinset von Eigenschaft wegen dem Closter
ze Klingental 5 ℔, sonie ab 10 Mannwerck Matten in min¬
dren Basel, umb 100 Guldin rinscher.
z. Stenback = 7 Ao 1516
z. roten Vogel = 5 Ao 1465 St. Peter Urk. 932.
Kras Clewin neben 7 auf S. v. 9 Ao 1516",https://files.transkribus.eu/Get?id=NBFGDOMXIUGZUUWAUTXNGHBC&fileType=view,dem Closter ze Klingental ,Closter ze Klingental ,0.9963652193546295,rel,Kloster Klingental,1.0,False
HGB_1_145_014,Ochsengasse 7,2611527.385128088,1267861.2859495631,dc24f81c-909c-49fa-95b7-6b296a761d10_20240705,8,1433,"Item gebent ze kouffen Clewin häsinger der metziger
und Ennelin sin efrow, Elsine de Ougst 5 guldin geltz jer¬
lich zinses solvend jerlich Johans bapt uff und ab 10 man¬
wergk matten ete.
so denne uff irem hus zem Steinbock in
minren Basel zwischen dem hus zem roten Vogel und
Clewin Krossen Stallung und gegen dem hus zem schönen
Kelr über, zinset den frowen ze Klingental 5 ℔ jerlich
Martini, umb 100 gulden. Johannes husgowe procura.
to St. Peter consensit.",https://files.transkribus.eu/Get?id=LSSJCUBKROOXUHOUQOMQIICD&fileType=view,den frowen ze Klingental ,frowen ze Klingental ,0.9929597079753876,rel,Kloster Klingental,1.0,False
HGB_1_145_015,Ochsengasse 9,2611523.6806293596,1267869.479135409,3f4e9606-782f-478e-8da3-06a6e4dc2f4a_20240705,14,1516,"Frow Els Strönlin wilens Cunrad Scholers Wittere
verkauft an Frantz Gallition und Barbelin sam
Ehefrau die herberg zem rotten Ochssen.
mit den Stellen dagegen über, stossent zu einer Siten
an Cunratt Tollter und zer andern an das huß ze
rotten Gutz, zinsen 30 ß den Frowen zu Clingental
. um 250 gl.",https://files.transkribus.eu/Get?id=AQPJTFYILFDWBKVDFEUOBNJB&fileType=view,den Frowen zu Clingental ,Frowen zu Clingental ,0.9941101670265198,rel,Kloster Klingental,1.0,False
HGB_1_145_027,Ochsengasse 10,2611528.6007613703,1267883.9676716418,630967f6-62c4-41ab-a3f6-c04a261fadbf_20240705,7,1492,"Schultheissen Urkunde.
Die Frowen zu Clingental frönen das Huss und die
Herberg genant Mülegk, gelegen zu Mindren Basel
in der Crützgassen, einsite am Sich, zer andern
an Kretzenberg, stosst hinden an die Schnen, so do
Hanns Kröss und sin Swester Hannsen von Zinsel
genant Kröss Burger zu Basel sel. eeliche Kind inhand
hand zinset dem Gotzhuss zu sant Theoder 8sh. ein
Becher Eli und 2hg. dem Gotzhus zu Clingental 3 Gld.
kouft und widerkoufig, von ettlichen versessenen Zim
sen wegen, und kaufen es um 1 ℔ 3sh. Zinspfg.",https://files.transkribus.eu/Get?id=NYWLECNXOMTYCLNSNZUAELHE&fileType=view,dem Gotzhus zu Clingental ,Gotzhus zu Clingental ,0.9896011054515839,rel,Kloster Klingental,1.0,False
HGB_1_145_027,Ochsengasse 10,2611528.6007613703,1267883.9676716418,b96316ac-facf-42d2-a33f-20cea3cb3b7e_20240705,"10, 9",1511,"Item da geben ze kouffen die ersamen Cunrat
Scholer b. und seßhafft zu mindern Basel
und Elsin sin eefrow, dem ersamen Michel
Strubich dem wirt zum roten Ochssen ouch
b. und seßhafft zu mindern Basel Ennelin
Gallition siner eefrowen, das hus und her¬
berg zum roten Ochssen so Kros Müleck
genempt wirt mit dem hoff und garten
darhinder ouch den stellen dargegen über
gelegen zu mindern Basel in der Statt
stost das hus ze einer siten uff den tich und
zer anndern siten an das hus Krentzenberg
sodenn so stossent die stell zu einer si
ten an hus zum roten Crütz so Hanns
Zoichdenhamer der jung im hands hat
zinst, das hus den frowen von Clingental [sep] 3 gl. und der gart den herren zun Predigern
1/2 gl. geltz und 1 bechet oli der lutkilchen
zu sant Theoder, fürer etc. und ist diser
kouff beschehen umb
lem Zime Lüke)
dero sich die verkouffere vonn dem kouffer
bar bezalt etc. bekannten und darumb
den kouffer und sin eefrowen gittt haben
mit versprechnus dis kouffs und verkouff¬
ten hus hoffs stellen und garten gut verscht
und mit verzichung in forma¬",https://files.transkribus.eu/Get?id=IGAMEHXZXTPCXWCOFOBJWDMV&fileType=view | https://files.transkribus.eu/Get?id=HVPJGUJXZCYZIQWRRJUCNKTS&fileType=view,den frowen von Clingental ,frowen von Clingental ,0.8688487410545349,rel,Kloster Klingental,1.0,False
HGB_1_145_027,Ochsengasse 10,2611528.6007613703,1267883.9676716418,da48b722-81eb-49e9-be76-98e887f01ebf_20240705,"12, 13",1516,"Item do geben zu kouffen die ersam from
Glß Stronlin wilent Cunradt Scholers
seligenn gelassne witwe, dem ersamen
Frantzen Gallition burger ze Basel
und Barbelin siner eefrowen, das
huß und herberg zem rotten Ochsen
mit dem hoff und garten darhinder
auch den stellen dagegen über gelegen zu
mindern Basel in der stat stoßt das
huß ze einer sitten uff den tich und
zer anndern sitten an das huß Krentz
letzte Silbe unlesbar, so dem stossent die
stell zu einer sitten an Cunradt Follter
und zer anndern an das huß zem
rotten Crütz zinset das huß den frowen
Gallit
zu San
zu Geingental 3 guld, und die stell [sep] 30ß widerkouffig auch den bemelten frowen
zu Clingental und zinßt der gart den
herren zu den Predigern 1/2 gl. geltz und
ein becher olins der lütkilchen zu sannt
Theoder, fürer noch annders soll huß gar¬
ten stell mit witer versetzt, und ist
diser kouff bescheen über vorbemelte
belading umb und für dritthalb hun¬
dert guld.",https://files.transkribus.eu/Get?id=UAEVNYXEFNPYEUDMBZSYNJHV&fileType=view | https://files.transkribus.eu/Get?id=YLIUVSEYRXDJFPXIXPIWWJEE&fileType=view,den bemelten frowen zu Clingental ,frowen zu Clingental ,0.8832528114318847,rel,Kloster Klingental,1.0,False
HGB_1_145_030,Ochsengasse 16,2611508.3051186935,1267927.0463895565,8745cf12-dfc7-4603-9d84-c74c99799d67_20240705,4,1484,"Item do gen ze kouffen Claus Stierbenler
von Bibrach und Jerg Stenbenler sin sin
von Zug und meister Claus Müg der mit
ler als ein vogt Enelin Stierbenler von Ba-
Gilg
Suters wonhaft zu Basel vervogtet mit
sel.
meister Heinrichen Tufel an der sach die ouch
recht und redlich kouft hatt dz huß zum
hindern Karren und gelegen zu mindern
Basel in der Crützgassen hinden neben
dem huß zem vordern Karren ze einer siten
und nebent meister Cuntzman von Oltingen
seligen kinden müli zer andern siten zinset
den von Clingental ein ℔ acht ß uff Mar¬
tini darzu Fridli Groff dt consensit und ist
der kouff geben umb 14 ℔.
Gerichtsbuch der mindern Stadt P5",https://files.transkribus.eu/Get?id=MLYNKRWOSNIMVRZGJSVWEKDZ&fileType=view,den von Clingental ,Clingental ,0.9809934298197428,rel,Kloster Klingental,1.0,False
HGB_1_145_030,Ochsengasse 16,2611508.3051186935,1267927.0463895565,e4a2a81e-1b4e-4983-ad02-8c184f953062_20240705,5,1516,"Item do gibt zu kouffenn die erbar frow
Dorothea Büßlerin wilent Hanns Frod.
wilers seligen nach tod gelassne wittwen
dem ersamen herr Jörgen Vatzman, das
huß hoffstatt, wie das zu mindern Basel
in der Crützgassen gelegen ist genant zum
hindren Karrenn ze einer neben Thoman
Müller zer anndern sitten am huß zem
vordern Karrenn zinset jerlich 1 ℔ 8ß.
den frowen zu Clingental uff Martini.
fürer noch annders solh huß mit beladen
emptio facta pro 28 ℔.",https://files.transkribus.eu/Get?id=GWKWGCEAEMNUKLQCVCTHTNLZ&fileType=view,den frowen zu Clingental ,frowen zu Clingental ,0.9580877274274826,rel,Kloster Klingental,1.0,False
HGB_1_145_030,Ochsengasse 16,2611508.3051186935,1267927.0463895565,40a4370c-8de7-4cc4-bdbb-4145a4b75ebb_20240705,7,1522,"Item da git Peter Walliser der pflasterknecht
zu mindern Basel und Margaretha sin eefrow
ze kouffen, dem erberen Peterhans Mürer zu
Telsperg und Bertelin von Waldshut siner
eefrowen huß hoff und hoffstat als die um
der mindern stat Basel zu eyner an Caspar
Müller zum Esel und zu der andern sytten
nebent deß mitschellenmachers uff der Ysen¬
gassen bachhuß gelegen zinset den wirdigen
frowen zu Clingental ein pfundt und 8ß
von wegen der eygenschafft, und ist diser kouff
beschehen umb 28 ℔.",https://files.transkribus.eu/Get?id=CIKQDWBSSPGEFYMNOJKMHTLB&fileType=view,den wirdigen frowen zu Clingental ,frowen zu Clingental ,0.9806404352188111,rel,Kloster Klingental,1.0,False
HGB_1_145_031,Ochsengasse 18,2611504.4141326025,1267935.1295800633,1e353fc4-9838-4793-ae4d-cf6969c259e5_20240705,19,1482,"Item git zu koffend herr Jerg Scherer von
Schöppfhem kilcher zu Wettiken, Peter Bynn¬
ger der statt koiffler als mit sinem vogt, Ma¬
thysen Beßler vom Risikon dem Küffer,
das huß und hoffstatt genant zem Rott vor¬
dern Bärren am ort der Crützgass nebent Han-
sen von Memberg des kuffers huß das genant
ist zem Karren und stosst hindenzu an
das huß zem cleinen Karren und zinset dem
dem gotz huß zu sant Claren 15ß angar.
und 1 ℔ pfeffers zu erschatz, und von der
erbschafft dem gotzhuß zu Clingental 2℔ die
sind aber widerkoiffig mit 40 ℔ nach irs
briefen sag, pro Juma 39 ℔.",https://files.transkribus.eu/Get?id=IONWHDLNZPXTIHUHMUYVIHKP&fileType=view,dem gotzhuß zu Clingental ,gotzhuß zu Clingental ,0.9699253886938095,rel,Kloster Klingental,1.0,False
HGB_1_154_028,"Rebgasse Th. v. 21, 2. Th. v. 19",2611769.6888807337,1267741.5186519607,dcb1aa5d-e518-4a5e-8568-f6c613dff0a2_20240705,21,1511,"Item da git ze kouffen Hanns Fry der reb¬
man seßhafft zu mindern Basel, dem erbern
Claus Gärlinger (sic) dem rebman b und
seßhafft zu mindern Basel, ein hus und
hoffstatt zu mindern Basel in der statt
im der Rebgassen gelegen unden an
Mathis zer Kretzen und oben an Michel
Ziegler, zinst 6ß gan Klingental sind
widerkouffig und 3 1/2ß s. Theoder fürer,
etc., facta emptio pro 14 ℔.",https://files.transkribus.eu/Get?id=DXUHFWANRDKKIOZBGGHVRATG&fileType=view,Klingental ,Klingental ,0.5218293070793152,rel,Kloster Klingental,1.0,False
HGB_1_154_034,Rebgasse 23,2611781.28654706,1267730.5538196145,493abb2a-eaac-4bd1-89d5-f6c4df695d64_20240705,3,1415,"Item het zu koffen gen Werli Druman
et Elschi uxor eig 1 1/2 gulden geltz uff
und ab sim hus zer Neben an der Reb¬
gass sit Wisseg et Werli Heren hus
zinst Wissegg als ein träger 18ß zins ȡ
et 1 hun so aber uff 1/2 juchart reben
zu Banner gassen 1 sit Heini Grosen
et an der Bannergassen weg zinst der
closterfrowen ze Rin zu Clingental 6ß
zins ȡ 2 hunr so den uf 1/2 juchart reben
in der Tavaten so lidig eigen ist 1 sit
neben Keler et Jeggi von Münster, enit
Heinrich Tachs et Kathrin uxor eig
umb 22 1/2 guld zeemptio. 1 guld mit 15
guld oder gerw mit 22 1/2 guld
Gerichtsbuch der mindern Stadt P5.",https://files.transkribus.eu/Get?id=YZKTKWQAOLDMFAAMEHBSRTCK&fileType=view,der closterfrowen ze Rin zu Clingental ,closterfrowen ze Rin zu Clingental ,0.9137381911277771,rel,Kloster Klingental,1.0,False
HGB_1_154_035,Rebgasse 25,2611784.4820469953,1267727.2605236997,80e0d4fd-9f15-4de6-8cd9-be2a27380164_20240705,5,1434,"Item git ze kouffen Beschtoll von Lutkilch der
Smid, Sesshaft in dem Sorf Bewil Basler Biol.
und Anna Köchin sin efrow, Hausmar Glatzman
dem Rebman, Burger, dz hus mit dem Gasten
darhinder in minren Basel in der Rebgassen inter
domum zem Horn, so Peter Kochlers, und
Görgen von Louffen hus und Gasten, zinset von
Eigeseschaft wegen Peter Kochlen vorgenant als ein
träger gegen den Frauen ze Klingental 16 1/2 ℔
jerl. Martini, umb 20 ℔.",https://files.transkribus.eu/Get?id=LBRRGGOQYDIIPYEOMHMWCATR&fileType=view,den Frauen ze Klingental ,Frauen ze Klingental ,0.9970168918371201,rel,Kloster Klingental,0.9842305033058462,False
HGB_1_154_035,Rebgasse 25,2611784.4820469953,1267727.2605236997,38799eb8-1915-4363-83d3-11b2769be609_20240705,9,1483,"Item do hat gefrönt Peter Arnolt Hansen Segers
des rebmanns genannt Romers hus gelegen in der
Rebgassen zwüschent dem Hörnlin und dem hus do
neben, zinset jerlichen den frowen ze Klingenthal 17ß
Sphen frow Elsen Müntzerin 14ß 3ȡ thun, dogegen git
daz husslin doneben 9ß dorin:
u. a. Liegenschaft
umb 4 gulden versessen zinns mit sampt dem
hauptgut, das wartgeld 4.",https://files.transkribus.eu/Get?id=EQOTTJEHFIXWVHTLVHMQSBBM&fileType=view,den frowen ze Klingenthal ,frowen ze Klingenthal ,0.9877764731645584,rel,Kloster Klingental,1.0,False
HGB_1_154_035,Rebgasse 25,2611784.4820469953,1267727.2605236997,5fa8bfc3-02ac-4e53-825f-f6ba49c3f35a_20240705,10,1484,"Item do koufft den dritten kouff Peter Arnolt
der brotbeck daz hus Romers genant, nebent den hüsern
zem horn und zer Reben, zinsende jerlichen inhalt
den frowen von Clingenthal 17ß 3ȡ und frow Elsin
Muntzerin 14ß 3ȡ und 1 hun, daz hussli de neben git
9ß doren,
u. a. Liegenschaft
umb 5 gld. versessen zinsen jerlichen alle jar 1 gld.",https://files.transkribus.eu/Get?id=PVBWCQYHWRFCIIWECURGHKFT&fileType=view,den frowen von Clingenthal ,frowen von Clingenthal ,0.977397546172142,rel,Kloster Klingental,1.0,False
HGB_1_154_035,Rebgasse 25,2611784.4820469953,1267727.2605236997,4a217d5c-c12a-4d08-a7dd-27841c052e0f_20240705,11,1485,"Item do gitt ze kouffen Peter Arnolt der brot
beck burger zu Basel Heinrichen Sufel dem
rebman burger zu Basel der im selbs Ennelin
siner frowen und ir beeder erben recht und
redlichen kouft hatt dz huß hofstat und gar¬
ten gelegen zu mindern Basel in der Rebgas-
sen genant Romers huß zwüschent den
hüsern zem Horn und zer Reben zinset mit
sampt dem eigen hüsli zer Reben von eigen
schaft des ersten minen frowen und closter
zu Clingental 17ß 3ȡ und frow Elsi Mu¬
tingern 14 ß 3ȡ und 1 hun des gitt des
hüsli zer Reben nun ß ist sust memand.
versetzt pro summa 24 guld
Arnolt Peter frönt 25 Ao 1483",https://files.transkribus.eu/Get?id=CYRQFBFXMKRXXLTRWOMMBZAY&fileType=view,minen frowen und closter zu Clingental ,minen frowen und closter zu Clingental ,0.9468120237191519,rel,Kloster Klingental,1.0,False
HGB_1_154_039,"Rebgasse 27, 29",2611789.376042799,1267720.8736604878,e63c2b42-4538-45c5-bfd5-498f44e84718_20240705,"18, 19",1452,"vasten.
Lienhart Köchlin der rebman, burger ze
Basel und Angnes sein ewirtin zinsen ierlichs
1 ℔ stebler gelts uf unser frowen tag in der Vasten,
widerkoufig mit 20 ℔ von uf und ab der Verkäufern
Hus und Hofstatt mit allen sinen rechten und zuge¬
hörungen, so genant ist zum Horn mit dem garten
darhinder gelegen ze minren Basel in der rebgassen
neben der Verkouffern Hus, so genant ist Romers
Hus, zu einer sitten, und Gredlin Puris Hus zu
der andern sitten, zinst den frowen zu Clingen.
thal ierlichen 13 1/2 ß nüwer Basler pfennig uf die
alt Vassnacht, darnach fry, ledig eigen.
git nun Hans Schöfferlin git Michell Keuerlin
der metzger.
Theodor A. Urbar u. Registratur 1531, fol. 19 v. [sep] Köchlin Lienhart Eig. v. 27, 29 Ao 1463
zum gelben horn = 27, 29 Ao 1536
Köchli Peter, nebmann, Eig. v. 23 seit 1431
Romers hus = 23 Ao 1431
Köfferlin Michel d. metzger neben 27, 29 Ao 1562
Bossen Gredlin neben Th. v. 21 neben 23 u. 23
auf S. v. 25 Ao 1449
H. B. der späteren Eig. Severlin Mich ist Eig
v. 23, 25 Ao 1556, neben 27, 29 Ao 1562
ist hier irrtümlich angericht 25
zinst auch an St. Theodor,",https://files.transkribus.eu/Get?id=UPKNFUXTBIZPSHIIYVZBJGDJ&fileType=view | https://files.transkribus.eu/Get?id=OVDRVYWMCLNYPUPVIYYDPMAN&fileType=view,den frowen zu Clingen . thal ,frowen zu Clingen . thal ,0.9801709552605947,rel,Kloster Klingental,1.0,False
HGB_1_154_041,Rebgasse 31,2611801.3877182896,1267706.8182360881,2478959f-9e90-407d-a694-73a0255691f8_20240705,3,1519,"Item da habenn verkoufft und ze kouffen
geben Lux Hoffman burger zu myndern
Basel und Verena sin eefrow, dem erbarn
Caspar Schaller dem müller zum schwartzen
Esel Mergeli siner eefrowen das hus und
hoffstatt genannt zum Moren zu mindern
Basel in der Rebgassen gelegen ze einer ne¬
ben Heini von Zürich und zur anndern
neben Hanns Engelman, zinßt 17ß von
wegen der eigenschafft gan Clingental und
10ß widerkouffig ouch zan Clingental fürer
et und ist der kouff beschen umb 40 ℔.
Bures Hess Eig v. 27, 29 um 1520",https://files.transkribus.eu/Get?id=VDJSRSJAEDVPCZOHRFICLGOI&fileType=view,Clingental ,Clingental ,0.8739545941352844,rel,Kloster Klingental,1.0,False
HGB_1_154_041,Rebgasse 31,2611801.3877182896,1267706.8182360881,2478959f-9e90-407d-a694-73a0255691f8_20240705,3,1519,"Item da habenn verkoufft und ze kouffen
geben Lux Hoffman burger zu myndern
Basel und Verena sin eefrow, dem erbarn
Caspar Schaller dem müller zum schwartzen
Esel Mergeli siner eefrowen das hus und
hoffstatt genannt zum Moren zu mindern
Basel in der Rebgassen gelegen ze einer ne¬
ben Heini von Zürich und zur anndern
neben Hanns Engelman, zinßt 17ß von
wegen der eigenschafft gan Clingental und
10ß widerkouffig ouch zan Clingental fürer
et und ist der kouff beschen umb 40 ℔.
Bures Hess Eig v. 27, 29 um 1520",https://files.transkribus.eu/Get?id=VDJSRSJAEDVPCZOHRFICLGOI&fileType=view,Clingental ,Clingental ,0.8766422271728516,rel,Kloster Klingental,1.0,False
HGB_1_154_041,Rebgasse 31,2611801.3877182896,1267706.8182360881,2e8e15c7-3cdd-4995-850c-81dda9f5f778_20240705,4,1519,"Item da haben zu kouffend geben Caspar Schaller
der müller zum schwartzen Esel und Mergelin
sin eefrow, dem ersamen herrn Ludwigen Kolbletz
lutpriester zu Brombach, das huß und hoffstatt
genant zum Moren mit dem garten darhinder
und darnebent in myndern Basel in der
Rebgassen gelegen zwüschen Heynn von Zürich
und Hannsen Engelman zinßt von eigen
schafft 17ß 3ȡ dem gotz huß Clingental und
me 10ß widerkouffig mit 10 ℔ dem selben
gotzhuße wyter sind sollich huß und garten
niemanden versetzt noch beladen, und ist
darüber diser kouff beschen umb 45 ℔.",https://files.transkribus.eu/Get?id=ORECKGMARERXQSPZJNWGHIAZ&fileType=view,dem gotz huß Clingental ,gotz huß Clingental ,0.9271594136953354,rel,Kloster Klingental,0.966883514296102,False
HGB_1_154_047,"Rebgasse 39, 41",2611820.084278553,1267685.1449056915,4b149df6-70e4-4ef7-845d-fc7c4f56a8c7_20240705,"5, 6",1428,"Item gebent ze kouffen Claus Helbling vini¬
cola civis etc, und Angnes sin efrow, Ludman
Meltinger bis et nie d ellenden herberg
reddit und dimidin flor. solnend jerlich
Hylarii de et sup der beßrung irs huses
mit der hofstat und dem gartlin dahinder
sit in minren Basel in der Rebgassen zwu-
schent h. Spilmans und Sporen von Brut¬
bach hus und garten dz hus zinset den fro¬
wen ze Klingental 13ß zinßd 3 hünr Mar¬
tini item uff und abe einer halben juchart
bloß gelend sit im banne minren Basel
im bomgarten zwüschent Heni Wetting
und Siboltz güter zinset Dietrich von Sen¬
hen 5ß zinßd jerlich Martini, umb 10
Gerichtsbuch der mindern Stadt P2
flor.
S. 144 [sep] Sporen Heini v. Brutbach Eig v. 43 Ao 1422
Spilmanin Gret Eig v. 37 nach 1425
Hilbling Clewin neben 43 (Eig des hauses Schalbach
Ao 1422
Schalbach = 39, 41 Ao 1368
29, 41 zinst an Klingenthal Ao 1368",https://files.transkribus.eu/Get?id=UNBRDMOAROVCFOMVSMJDPERU&fileType=view | https://files.transkribus.eu/Get?id=HJCUGTZJPKIVHPEDLOEZHSRU&fileType=view,den fro ¬ wen ze Klingental ,fro ¬ wen ze Klingental ,0.9573820432027181,rel,Kloster Klingental,0.900806764764095,False
HGB_1_154_054,Rebgasse 45 u. Th. v. 47 neben 49,2611830.2612062953,1267674.5349348704,ba4d2638-422b-4205-8b8f-3a14207573ff_20240705,3,1528,"Schultheissen Urkunde.
Heinrich Brunner, Burger zu mindern Basel, und Br.
gitta sin eelich Husfrow verkaufen der hl. Crütz Pfrund
zu Sant Martin zu meren Basel 8sh. Stebler jerlichs Zins
von uff und ab irem Huss Hof und Gesäss als das an der
Rebgassen zwischen Cristan Hegelins und Wendling des
unsppenmans Hüser gelegen, zinst der Trucksässen von
Fünfelden 3sh. von Eigenschafft wegen und den Frowen zu
Clingental 1℔. 3 sh. und ablösig, umb 8 ℔. Stebler,
Rückseite nichts Näheres.",https://files.transkribus.eu/Get?id=JXGEAWXTJBGSCQTEPPEKEIJI&fileType=view,den Frowen zu Clingental ,Frowen zu Clingental ,0.9957980960607529,rel,Kloster Klingental,1.0,False
HGB_1_154_055,"Rebgasse 47, 49",2611834.4941650676,1267666.791860747,734eda2e-fc7f-4850-b5f2-d751ba3ae160_20240705,6,1500,"Schultheissen Urkunde.
Adam Lamb der Metzger verkauft Heini Brunner und
Claus Säger den Reblüten, Burgeren zu Basel, und Bri¬
den und Margreten iren Frowen ein Huss und Hofstatt
mit Stallung, gelegen in der Rebgassen oben am Ort ein¬
site an Henrichen Fierstein zer andern an Hannsen
Degen, zinset den Trucksessen von Rinfelden 6 sh. von der
Eigentschaft, 2 Gld. Geltz den Frowen zu Clingental wider¬
koufig mit 40 Gld, umb 40 Guldin 1 ℔ 3sh.)
Rückseite nichts Näheres.",https://files.transkribus.eu/Get?id=WUJHCYNGZIXRTOGTNCOHXPFU&fileType=view,den Frowen zu Clingental ,Frowen zu Clingental ,0.9886336177587509,rel,Kloster Klingental,1.0,False
HGB_1_154_056,Rebgasse 49 (existiert nicht mehr),2611839.2542761792,1267665.8536785902,9443ecf0-7a35-4ce7-bf86-6ff435b1ecbb_20240705,"13, 14",1518,"Item da gabenn zu kouffenn Hanns Fritz
schin sesshaft zu mindern Basel und Margreth
sin eefrow, dem erbarn Jacob Hirsinger diser
zit miner wurdigen frowen abtissin und capi.
tel zu Clingental meiger zu Ottlickenn und
Barbel siner eefrowen, das ort huß und stal
derneben gelegen zu oberst an der Rebgassenn
neben Heinrich Brüners huß und zer ann¬
der sitten neben Hannsen Degen hoffstatt zinset
den truchsessen von Rinfelden 6ß zinß ȡ.
von eigenschafft und 1ß zu erschatz so sich
die handt verwandlet deß entphehenden halb
zinset dann 1 gl minen frowen zu Clingen
tal widerkouffig mit 20 guld an gold fürer
nach annders soll huß und stal mit witter
dann obstatt beladen, und ist diser kouff [sep] beschenn umb 12 ℔.
Gerichtsbuch der mindern Stadt 88.
Brunner hrch. neben 43 Ao 1518, Eig v. 45 u. Th. v.
47 neben 49 Ao 1528
Degen Hs. Eig v. Riehenthorstr. 25 vor 1559 Ao 1528
49 = Eckhaus an der Rebgasse u. Riehenthorstr.
Fritschin hs. Eig v. 49 seit 1517
49 gibt 2 gld. an Klingenthal Ao 1558",https://files.transkribus.eu/Get?id=LWOEYFPVMKIPNDPDIIOJTYIF&fileType=view | https://files.transkribus.eu/Get?id=ADJKBWHKMGLFYAFRIPWJMTER&fileType=view,minen frowen zu Clingen tal ,minen frowen zu Clingen tal ,0.8684670090675354,rel,Kloster Klingental,1.0,False
HGB_1_154_065,Rebgasse 16,2611690.142225368,1267801.342434468,c3320fa1-0b2e-4110-bbbf-164c6898f7d0_20240705,"3, 4",1462,"Item git ze kouffend frow Angnes Schron¬
erin genant Ludin wittwe burgerin zu Ba-
sel, Hansen Diethelm genant von Rychen
dem metzger und Ludwigen.
von Tunsel.
die von ir hand kofft
genant Silberberg och burgern des ersten
die zwey huser und die schüren darne
bent mit der trotten und dem hoff oder
garten darhinder, da ein huß genant ist
zem Nüwenkeller und das ander Gilgenberg
neben einander
und gelegen sind zu minren Basel in
der Rebgassen nebent dem Silbergesslin am
ort gegen dem huß Wettingen ze einer si
Lie
ten und Capidder (sic) des schreibers hu¬
Bern genant Frangkrich zer andern siten
stossent hindenzu uff die schüren des hu¬
ses zem Silberberg da sind dz huß und die [sep] Schwen Gelgenberg lidig eygen, aber dz hus
zem Nüwenkeller zinset der bruderschafft
sant Johans uff Burg 2 ℔ 8 ß cenß angar/.
und 5 huner und 18ß cenß ze erschatz so
dem drig zwenteil reben aneinander gelegen
zen Schiffen nebent Hansen Schitz reben
ze einer siten und Conrat Zwingers gut
zer andern siten stosset hinab uff den Ryn-
und heruff an den weg zinset den frowen
zu Clingental 18ß, item 5 juchart agkers
und 1 manwergk matten och aneinander
gelegen im Horenberg nebent der von Clingen¬
tal güter und stossent uff den graben der
nebent den matten uffgat sind lidig eygen,
item zwey stugk matten in dem bann zu
Ryehen gelegen ist gegklichs ein viertel und lidig
eygen der lit eins nebent Fridrich Diethelm des
alten vogtz und Troschen matten und der ander¬
vierteil och an Troschen matten under Rudi.
Sennen gut, pro summa 210 guld, item das
Ludwig Gutzwiller camarius s. Johs consensit
Gerichtsbuch der mindern Stadt P4 S. 37.",https://files.transkribus.eu/Get?id=LDCCSNLUTTVPPVBUVNKBPFJS&fileType=view | https://files.transkribus.eu/Get?id=DJMSEANTOGVEPGDSZQYELNJD&fileType=view,den frowen zu Clingental ,frowen zu Clingental ,0.9827719628810883,rel,Kloster Klingental,1.0,False
HGB_1_154_073,"Rebgasse 24, 26",2611728.2915910985,1267763.091557863,5a88f8aa-4e07-48aa-9b6f-7d9534d15d12_20240705,18,1467,"Schultheissen Urkunde.
Henni Wergker von Nünkilch ein Rebman in
mindern Basel und Elsi sin Ewirtin verkaufen
dem Closter ze Clingental 2Gld. jerlichs Zinses von
uff und ab irem Huss und Hoffstatt mit dem Garten
darhinder, so gelegen ist ze mindren Basel in der
Rebgassen zwüschent Waltenheins Garten und Hans
Wilden Huse, zinset von Eygentschafft wegen dem
Closter zu Clingental 5sh. u. Phg. und ein Hun und
2 1/2 sh. ze Erschatz, so sich die Hand verwandet, und
von einem Pfrundstück, um 40 Gld.",https://files.transkribus.eu/Get?id=MUITMZQIQFWYLVFIYPBVNCOA&fileType=view,dem Closter zu Clingental ,Closter zu Clingental ,0.9883318543434143,rel,Kloster Klingental,1.0,False
HGB_1_154_073,"Rebgasse 24, 26",2611728.2915910985,1267763.091557863,db1a7acd-8088-41a3-bee0-245a1d1ff2bb_20240705,"21, 22",1515,"Item do gaben zu kouffen die erbarn
Clia Werckerin wilent Hanns Werchers ge¬
lassen wittwen, so dem Hanns Seniger
und Dorothea sin eefrow, dem erbarn
Michel Müller sesshafft zu mindern Ba-
sel und Angnes siner eefrowen, das huß
und hoffstat mit dem garten darhinder
so do gelegen zu mindern Basel in der
Rebgassen by dem sot brunnen da selbs
ze einer an Joder Suffels huß zer anndern si¬
ten an herr Ulrich Falckners garten, zinßt jars
von eigenschafft den frowen zu Clingental 5ß
und 1 hin uff Martini und 2 1/2ß zu
erschatz und zwen guld widerkouff lut
der brieffen dornber sagen alles den bemelten
wurdigen frowen zu Clingental, fürer mit [sep] witer
beladen empto facta umb 35 ℔.",https://files.transkribus.eu/Get?id=AWCTGUGJWSOPAPIUQSSQPDBA&fileType=view | https://files.transkribus.eu/Get?id=ZIDCJKVNAVEZEQDWADMUJWFA&fileType=view,den frowen zu Clingental ,frowen zu Clingental ,0.992098018527031,rel,Kloster Klingental,1.0,False
HGB_1_154_073,"Rebgasse 24, 26",2611728.2915910985,1267763.091557863,db1a7acd-8088-41a3-bee0-245a1d1ff2bb_20240705,"21, 22",1515,"Item do gaben zu kouffen die erbarn
Clia Werckerin wilent Hanns Werchers ge¬
lassen wittwen, so dem Hanns Seniger
und Dorothea sin eefrow, dem erbarn
Michel Müller sesshafft zu mindern Ba-
sel und Angnes siner eefrowen, das huß
und hoffstat mit dem garten darhinder
so do gelegen zu mindern Basel in der
Rebgassen by dem sot brunnen da selbs
ze einer an Joder Suffels huß zer anndern si¬
ten an herr Ulrich Falckners garten, zinßt jars
von eigenschafft den frowen zu Clingental 5ß
und 1 hin uff Martini und 2 1/2ß zu
erschatz und zwen guld widerkouff lut
der brieffen dornber sagen alles den bemelten
wurdigen frowen zu Clingental, fürer mit [sep] witer
beladen empto facta umb 35 ℔.",https://files.transkribus.eu/Get?id=AWCTGUGJWSOPAPIUQSSQPDBA&fileType=view | https://files.transkribus.eu/Get?id=ZIDCJKVNAVEZEQDWADMUJWFA&fileType=view,den bemelten wurdigen frowen zu Clingental ,frowen zu Clingental ,0.8820983668168386,rel,Kloster Klingental,1.0,False
HGB_1_154_074,Rebgasse 26,2611732.6729034632,1267758.9868235593,827acf7c-cb58-4dae-8d6d-503681aff4d8_20240705,"5, 6",1402,"Schultheissen Urkunde.
Heintzman Küng der Brotbek Burger ze Basel,
und Frow Anna sin eliche Wirtin verkaufen Peter
Geisler dem Gremper, Burger ze Basel, und Frow
Wesa siner Eelichen Wirtin Geld, Geltes jerlichs Zinses
uff und ab irem Erbrecht ires Huses, Gesesses und Gar¬
ten dahinder, so Erbeist und gelegen in der Stat ze
minren Basel in der Rebgassen zwüschend Hans
Flachen und Henman Waspars Gütern, umb 12 Gld.
mit Willen Götzman Roten als Lehenherren
siehe Rückseite: [sep] 1417 secunda nach Vincula Petri.
henmann Veber der Weinmann und Anna
seine Frau bekennen, dass der Rückkaufspreis
für 1 Gld. Zins 15 Gld. beträgt.
1477 quarta nach Udalrii.
Wernlin Winkler der Wenmann bekennt sich
als schuldner des obig geschriebenen Zinses von
1 gld. und scht für den Zins ferner ein einen
Aweiteil Reben im Horrenberg im banne min
dern Basel zwischen Martin Seiler und Heini
Wiest, zinst 4ß 6ȡ an Klingenthal.
ferner jucharten reben im banne mind
Basel an dem Oste genannt zu obern Basel
zwischen Henni Brand und Heim Nechlin,
zinst 4ß 6ȡ an die Prediger,",https://files.transkribus.eu/Get?id=EFLDFWYQZHWQDPYBKYESZIEZ&fileType=view | https://files.transkribus.eu/Get?id=YGECSSELOUGSKFQSYPMATXPX&fileType=view,Klingenthal ,Klingenthal ,0.9736273884773254,rel,Kloster Klingental,1.0,False
HGB_1_154_089,Rebgasse 46,2611810.367941683,1267674.0599539715,a2db6598-817d-4f69-b278-a21668d2e5be_20240705,"14, 15",1431,"Item gebent ze kouffen Cunrat Wild vini¬
cola und Gred sin elich frow, Peter Schröter
als Ludin 3 guldin geltz solnend jerlich
assupt, uff und abe irem hus garten und
gesässe sit in minren Basel in der Reb¬
gassen zwüschent Henmann Lienhartz sel.
gen hus und Eberhart Wesemlins hußern
zinset von eigenschaft wegen den closterfro
wen an den Steinen ze Basel 8ß zinß ȡ
und ein hin jerlich Martini so denne uff
und abe zwem juchart mit reben sitt im
banne minren Basel im Gilgenberg ze einer
siten an Henman Sattlers und zer andren
siten an den reben so Rudolff Sumeringers
seligen warent des metzigers des zinset
die erste juchart derfolgt ein verwischtes Wort) [sep] altar gelegen in sant Claren kilchen vorg
von eigenschaft wegen 3ß ß zinß d diniß
Johans et Johans, eim lutpriester ze sant Jo¬
der ouch 5ß zinß jerlich Martini von jär¬
ziten wegen als sy sprachent, aber ein halb
juchart in der andren juchart zinset herrn
Johan Barblin eim caplan uff Burg von
eigenschaft wegen 6ß zinßd jerlich ze sant
Martins tag, aber die übrige halb juchart
in der andree juchart zinset von eigenschaft
wegen den closterfrowen ze Klingental 5ß
zins d und ein hin jerlich Martini, aber
ein juchart bloß gelend sitt im banne minren
Basel zwüschent den wegen und zwüschent
Wernlin Bass und Hanns Reysers güter zinset
witeren und erben
von eigenschaft wegen, hen Schalers seligen erben
wilent des zieglers im obern hof 6ß zinß ȡ
jerlich Martini, umb 60 guld",https://files.transkribus.eu/Get?id=JSKBVCTPIHVURHZNPWFKFPJA&fileType=view | https://files.transkribus.eu/Get?id=TWZSXKTNGVGLLVBJSAZPBQPV&fileType=view,den closterfrowen ze Klingental ,closterfrowen ze Klingental ,0.9901806861162186,rel,Kloster Klingental,1.0,False
HGB_1_178_008,"Sägergässlein 1, 3",2611487.075697224,1267871.2029277459,5e8ac781-a023-437b-b356-9c0ee3dadc21_20240705,18,1438,"Item git ze kauffen Gred von kouffen, Heintz
mans Köbel dem seger, die segen mit dem
hus da by und gelegen in der minren stat
Basel zwüschent dem tich und dem Synge¬
lin stosset dz hus hinder an Ulins von Lofin¬
gen dez messersmides stiffen und die segen
her für uff den swibogen zinset alles die
segen und das hus den frowen zu Klingen¬
tal 9 phunt zinß phenning jerlich Anat
10ß der selben d ze erschatz in mut manns
umb 103 guld, Clewin Buman procura
tor consensit.",https://files.transkribus.eu/Get?id=NLVAYZXMCVLYEVGAJAZFKDTX&fileType=view,den frowen zu Klingen ¬ tal ,frowen zu Klingen ¬ tal ,0.8914299458265305,rel,Kloster Klingental,0.9847810609589531,False
HGB_1_178_008,"Sägergässlein 1, 3",2611487.075697224,1267871.2029277459,2c2ffa26-54fc-4577-bbf0-0751a4a70733_20240705,"19, 20",1438,"Schultheissen-Urkunde.
Frow Aned von Louffen Cuntzmans von Louffen seligen
wilent des holtzmans und burger zu Basel efrow, mit ihrem
Vogt Clausen Grafen burger zu Basel, verkauft an Heintzman
Köbel der seger und ouch burger zu Basel, die Segen mit dem
Hus daby und das gant gesäss vor und hinder mit dem Huss
des Wassers, gelegen in der minren Stat Basel zwüschent dem
Tich und dem synngässlin als man die schlichti von der
synne herab wider daz sinthürli gat und gegen Lienhart
Jergeltz des müllers Müli und gesäss über stosset daz hus
hinder an Ulins von Zofingen des Messersmides stiffen und
die seg herfür uff den swibogen, Zinset alles von eigenschaft
wegen den Closterfrowen an Klingental 9 ℔ Zinspfenning jerlich
gelich geteilt zu den 4 fronfasten. & 10ß. Zinspfennig zu
erschatz, so sich die hand verwandelt, des einphachenden halb¬
Loffen Cuntzman v. Eig. v. 1, 3 seit 1407 [sep] der Schaffner des Klosters zu Klingental gibt seine Ein¬
willigung, umb 400 guldin Rinscher.
Bärbli, der obgenanten frow Greden tochter, so sy hatte by dem
obgenanten Cuntzman von Louffen und Erhart von Louffen,
burger zu Basel ihrem Vogt, geben ihre Einwilligung,
Orig. im Besitze des Hr. J. Merian Meyer zur Säge.",https://files.transkribus.eu/Get?id=MKVIDGCZSYHQCIFCBKZWAUUU&fileType=view | https://files.transkribus.eu/Get?id=LCHFCTRVJQRGKKFQOTPOYQUT&fileType=view,den Closterfrowen an Klingental ,Closterfrowen an Klingental ,0.9811142086982727,rel,Kloster Klingental,0.9387339401348003,False
HGB_1_178_008,"Sägergässlein 1, 3",2611487.075697224,1267871.2029277459,e8dc9cf1-5da3-4160-ad7e-80ab2b9726b3_20240705,"22, 23",1468,"Ein Zinsbrief weist uff Hemman Köbel dem
Seger zu mindern Basel gegen Heinrich Junger¬
man 240 fl. Haubtgelt und jährlichen 1 fl. Zins.
so widerlösig
Unterpfänder: Die Segen mit Hanss Hoff
und dem gantzen Lehen, in Mindern Basel
uff dem obern Teuch gegen Zergelts Mühlin,
undt Lehen, die jetz Cleve Miegen seind über¬
stosset mit dem Hauss hindersich aus an Uli
Ulenbrechts Hauss undt Schleiffen und herab uff
den steinen Schwibogen, zinset von Eigenschafft
wegen ins Klingenthal 1 ℔. 10sh., sonsten ledig eigen
1480. Montag vor Niclaus.
Hans Myfellin der folgende Seger bekennt obiges
Capital schuldig zu sen [sep] Es ist kein Ubergab vorhanden, wie er an die
Stifft Cammerey kommen.
Zinst jetz Meister Fridrich Merian der jünger,
und Säger in Mindern Basel Jahrs mit 150
16 sh.
1711.
Emanuel Merian der Säger,
1769.
Friederich Merian dessen Sohn, um 1787 d B.
1794 dessen Witwe.
Domstift H. Registratur der Cammerei 1657.",https://files.transkribus.eu/Get?id=SLUJRANQHFADOBOLRXUPMFTM&fileType=view | https://files.transkribus.eu/Get?id=XCYKSLVLREYTIUDDXIXUKREL&fileType=view,ins Klingenthal ,Klingenthal ,0.8713874816894531,rel,Kloster Klingental,1.0,False
HGB_1_178_008,"Sägergässlein 1, 3",2611487.075697224,1267871.2029277459,83c926e0-b3d8-4c0c-a4bf-c6a1e8a43863_20240705,"24, 25",1468,"Ein Zinsbrief weist auff Hemman Köbel dem
Seger zu Mindern Basel gegen Heinrich Jünger,
man 240 fl. Houbtguel und jährlichen 1 fl. Zins, so
widerlösig samblichen in dreyen Permmen.
Unterpfänder: Die Segen mit Haus Hoff und
dem gantzen Lechen in Minderen Basel auf
dem oberen Juch gegen Jergelts Mühli und
Rechen, die jez Cere Miegen sindt, überstasset
mit dem Haus hindersich auss an Uli Ulen¬
brechts Hans und Schleifen und herab auf dem
Steinen Schwibogen, zinset von Eigenschafft wegen
ins Clingenthal 4 ℔. 15 sh. sonsten ledig eigen.
1480 Montag vor St. Niclaus.
Hans Myfelli der folgende Säger bekennt, obiges
Capital schuldig zu sein. [sep] Es ist kein Ubergab vorhanden, wie er an die
Stiffts Cammerey konnen.
Zinst jetz Meister Fridrich Merian der Sum¬
ger und Säger in Minderem Basel Jahrs mit
13 ℔. 16 sh.",https://files.transkribus.eu/Get?id=JNQVWIGKQJFZRWADOTHDHAGW&fileType=view | https://files.transkribus.eu/Get?id=BGHFIPTDRKHMOKPVTPQCRWIO&fileType=view,ins Clingenthal ,Clingenthal ,0.8731239140033722,rel,Kloster Klingental,1.0,False
HGB_1_178_008,"Sägergässlein 1, 3",2611487.075697224,1267871.2029277459,fdb4317d-19b1-45cd-849e-faefaeed683c_20240705,26,1468,"Schultheissen-Urkunde.
Meister Henman Köbel der Beger, Burger ze Basel, ver¬
kauft Heinrich Jungerman dem elten, einem Kauffman,
Burger von Basel, der von im für sich und sine Erben koufft
12 Gld. Geltes jerliches Zinses von uff und ab der Segen mit
Huss, Hoff und dem gantzen Lehen, so gelegen ist in min¬
dern Basel uff dem obern Tych gegen Jergeltz Müli
und Behen, die yetz Clewi Müngen sind, über, stosset mit
dem Huss hindersich uss an Ullin Ullenbrechtz sel. Hus und
Schliffen und her ab uff den Steinen Swibogen, zinset von
Eigenschafft wegen dem Closter zu Clingental 1 ℔. u. B. Pfg.
umb 20 Guldin.",https://files.transkribus.eu/Get?id=IZHFAWOGNZCMVSPVENASWOIL&fileType=view,dem Closter zu Clingental ,Closter zu Clingental ,0.9953791350126266,rel,Kloster Klingental,1.0,False
HGB_1_178_008,"Sägergässlein 1, 3",2611487.075697224,1267871.2029277459,d4f843fb-a68b-4832-97f3-a92deeb4de11_20240705,27,1477,"Item het gefrönt Heinrich Jungerman
die segen und das lehen so Henni Pegers
seligen gewesen und zu mindern Basel ge¬
gen Jergeltz müly über gelegen ist zinset
de pate minen frowen von Clingental 1 ℔
dt sin wartgelt.",https://files.transkribus.eu/Get?id=WFCRQEGXJMAZLQBBYWNSBZMX&fileType=view,pate minen frowen von Clingental ,pate minen frowen von Clingental ,0.9567272901535034,rel,Kloster Klingental,0.5955478466867813,False
HGB_1_178_008,"Sägergässlein 1, 3",2611487.075697224,1267871.2029277459,6490387b-5db0-471c-ad5e-af57b8f45952_20240705,"28, 29",1478,"Schultheissen Brief
Frow Gery Segerin Henman Köbel des segers burgers zu Basel.
sel. verlassene Wittwe, mit Meister Hanns Alt auch ein Burger zu
Basel, ihrem Vogt verkaufen an Hanns Müfelin der seger
ouch burger zu Basel, die segen und das Schen mit schiff
und geschürr, auch dem hus darhinder, dem blatz dazwüschend
und darnebent, zu mindern Basel in der statt gelegen, uff dem
vorderen dych zu mindrest ob der obytrotten nebent Clewi Meygen,
des müllers müly genant Jergeltsmüly, stosset herab an die
steynen bruck und mit dem huss hinden zu an Henman
Tottnouwers schliffen und gehuse & Zinset von eygenschaft
wegen über & über den erwirdigen geistlichen des Klosters Klingental
ierlich zu mittfasten 9 ℔ zinspfennig & 10ß derselben pfennigen
zu Erschatz wenn sich die Hand verwandelt, des empfahenden
v. Th. v. 5 vord. Th. Ao 1508
sh Eg.
Sonaren
halb, umb 38 Jurdin Rinscher, der Hanns Müffellin
Mügge Clewi Eig. v. 74 Ao 1460 [sep] der Koiffer zweyhundert und viertzig guldin houptguts
einrichen Jungerman dem eltern ufrichten und abtragen
sol one iren costen und schaden oder im aber die ver¬
zinsen mit 12 guldin geltes so lang er oder sin erben die
wider abgelösen mögend nach sins brieff sag, die andern
sie.
181 guldin die Koifferin von dem Koiffer bar bezalt und
nol gewert ist. 10.
Oswald Holtzach, Gotshuspfleger zu Sant Theodor im mindern Basel.
und Fridlin Graff, Schaffner des Klosters Clingental geben ihre
Einwilligung.
Orig. im Besitze des hr. FMerian Meyer & Sege¬",https://files.transkribus.eu/Get?id=SVLRNQBWXTTDSNFYPMLFNOCH&fileType=view | https://files.transkribus.eu/Get?id=UUYWZCEGQRXBRSDOYRPCYWBG&fileType=view,den erwirdigen geistlichen des Klosters Klingental ,geistlichen des Klosters Klingental ,0.973020980755488,rel,Kloster Klingental,1.0,False
HGB_1_178_008,"Sägergässlein 1, 3",2611487.075697224,1267871.2029277459,8ea55980-f0bf-4646-b77f-ad200c803a55_20240705,30,1478,"Item git zu koffend frow Gery Segerin Hen¬
man Kobels des segers seligen verlassne witt
we, Hansen Myselly dem seger burger, die
segen und das lehen mit huß und allen
der segen werckgschirr gehört die gelegen ist
zu mindern Basel in der nidern Statt an
dem obern tych gegen Clewi Meygen und
ly über zucht herab an die steinen brugk
und mit dem huß hinuff an Henman
Tottwowers des schliffers lehen zinset den
erwirdigen frowen und dem closter zu Clin¬
gental 9 ℔ cenß Letare mit gewonlicher er¬
Totstorer Barbel Eig. v. Th. v. 5 vord. Th. Ao 159
schatz, nach briefen und register sag pro
Segerin E.
y (Robel Henni Eig. v. 1, 3 seit 1438
sina Bgsel",https://files.transkribus.eu/Get?id=PEJXZHNGYVMKMVCNHAOUXRWF&fileType=view,dem closter zu Clin ¬ gental ,closter zu Clin ¬ gental ,0.9842345118522644,rel,Kloster Klingental,0.9551065079851138,False
HGB_1_178_008,"Sägergässlein 1, 3",2611487.075697224,1267871.2029277459,8463c6de-5b4a-40b7-9bef-63e092806b3b_20240705,31,1478,"Item gend zu koffend Hans Myselly der Jeger
burger und Elsy sin ewirtin, Oßwald Hol¬
tzach, funff guld geltes uff pentecost von
uff und ab ir eigen mit huß und hoff nem
lich das gantz Rehen so gelegen ist zu min¬
dern Basel uff dem vordern tych nebent Her¬
geltz müly zucht herab uff die steinem brugk
und mit dem huß hinuff an Henman Rott¬
nowers schliffen zinset minen frowen zu
Clingental 9 ℔ cenß jerlichen zu mitfasten
und von der erbschafft Heinrichs Jünger.
man dem eltern 12 guld geltz widerköffig
mit 240 guld, pro suna hundert guld
Totnower Barbel Eig. v. Th. v. 5 vord. Th. Ao 1505
Gerichtsbuch der mindern Stadt P5.
Bergeltz Müly = 14 Ao 1460",https://files.transkribus.eu/Get?id=LSGLWBSAJBQPHNTGWEVBVNNE&fileType=view,minen frowen zu Clingental ,minen frowen zu Clingental ,0.9839491546154022,rel,Kloster Klingental,1.0,False
HGB_1_178_017,"Sägergässlein 2, 4 u. Th. v. 6 neben 4",2611466.1089638853,1267856.1613897232,8bd1aed5-e3ed-4b6f-b7ef-85b84ef59c8d_20240705,"8, 9",1513,"Item do gabe zu kouffen der ersam Barthl.
mens Ambtman der beld hower wonhafft
zu Augsten für sich darzu als volmechter
aman Margreth Hochherrn siner huß.
frowen, dem erbarn Anntherg Abt dem
schiffman burger und hindersassen zu
mindern Basel, das huß und die hoffstat
mit dem hindernn holtz höfflin und mit
dem stal dohinder so gelegen ist zu min
dern Basel in der nidern Ringassen ist
ein ort huß am Säger geßlin genant
nidern Waltzhut neben dem huß genant
obern Waltzhut zinßt von eigenschafft
15ß und ein halb hin der caplani uff
Burg uff Pfingsten so den 1 ℔ widerkouf-
fig den frowen zu Clingental uff Martini [sep] empto jacta pro 70 guld.",https://files.transkribus.eu/Get?id=MURFDYJGJMSFXHPPFTDYEPSA&fileType=view | https://files.transkribus.eu/Get?id=FERKYLOSFTQTSCREUPWEZCAN&fileType=view,den frowen zu Clingental ,frowen zu Clingental ,0.9760840833187103,rel,Kloster Klingental,1.0,False
HGB_1_178_017,"Sägergässlein 2, 4 u. Th. v. 6 neben 4",2611466.1089638853,1267856.1613897232,9774496b-7202-4042-b296-648fe0c62450_20240705,"10, 11",1523,"Item da habent Hans Luxenhofer der Item
metz burger ze mindern Basel sodann Susa-
na Sigin obgenants Hansen Luxenhoffers
eelichen hußfrowen ze kouffen geben, dem
ersammen Marimilian Jörger burger ze
mindern Basel Anna Walcknerin siner er
frouwen das huß und hoffstat mit dem hal¬
ben hindern höfflin und dem stal darhinder
und oben mit dem halben gang und gerech¬
tigkeit zu der halben prinatten, so do gelegen
ist zu mindern Basel in der nidern Rin¬
gassen ist ein orthus an dem Sägergeßlin
genant nider Waldshut nebent dem huß
obern Waldshut, zinset von eygenschafft füng
tehen schilling und ein halb hun der rothe
dian uff Burg uff Pfingsten den wirdigen [sep] frowen zu Clingental ein pfant und Eucharien
Noßbom deß tuchmans uff der Ysengassen burger
ze Basel eefrowen anderthalben guld uff Mar¬
tini vallende sind widerkouffig nach besag
der briefen, und ist hierüber diser kouff besche¬
hen umb nuntzig guld",https://files.transkribus.eu/Get?id=OCTYOUWXGIUSEVAESYSUOYJB&fileType=view | https://files.transkribus.eu/Get?id=DKWNNGDPGLLXHYLSGJUHTMZY&fileType=view,den wirdigen [ sep ] frowen zu Clingental ,,0.7888216115534306,rel,Kloster Klingental,0.38866275374472153,False
HGB_1_160_015,Untere Rheingasse 11,2611454.7952462407,1267833.2209257507,db890dbb-1bf0-4109-b239-ebcc81663318_20240705,14,1432,"Item git ze kouffende Rützschen zem Plug
der küffer, Heinrich Osen dem husund von
Kempten, dz hus und hofstatt genant zem
Phlug sit in minren Basel in der gassen
als man von der Rinbrugk gon Klingen¬
tal gat stosset an der Stett ringkmur zwu-
schent Dieff von Senheim des schulthe und
Peter Ludis des wagners hußern zinset von
eigenschaft wegen den frowen ze Klingen¬
tal 2 ℔ diniß angar/ 2ring brotes ze wi¬
sung jerlich Martini und 6ß erschatz,
umb 15 guld Hans von Höwingen pro¬
curator in Klingental consensit.
z. Pflug = 11",https://files.transkribus.eu/Get?id=ULVNSCXPHQTHYCLYYLTQJHFX&fileType=view,den frowen ze Klingen ¬ tal ,frowen ze Klingen ¬ tal ,0.9866444766521454,rel,Kloster Klingental,1.0,False
HGB_1_160_016,Untere Rheingasse 13,2611452.557237681,1267838.6319201377,ac092ecd-144b-49ca-aea8-9a0d82260c2e_20240705,7,1466,"Hans Speich der wagner burger ze Basel
zinst 1 gld. geltz rinisch an goldt uf Simon und Judae
tag von uf und ab dem Zweyteil des Huses und Hof
statt mit allen rechten und zugehörten, so zu min¬
ren Basel in der Rhingassen zwischen Peter Vischer
och eins wagners, und Steffan Koristen des Hufschmits
Hüser gelegen, und meister Peter Schrötter, genannt
Lüdig, und frow Angnesen seiner ewirtin sel. we-
sen ist, zinset der dritteil von eigenschaft wegen dem
frouwen von Clingenthal 1 ℔ nuwer Basler pfennig
uf sant Martinstag, darnach eigen, ist ablösig sa-
menthaft mit 20 gld. rinisch in goldt¬
git nun Steffan Richolf der messerschmidt, git
Claus Fryg der sattler, gibt Michel Müttelein der
Richolf Steffan Erben Eig. v. 13 bis 1561
Holtzmesser.
Spech hs Eig. v. 49 nach 1463 Ao 1486
Theodor A. Urbar u. Registratur 1531 fol. 9. v.",https://files.transkribus.eu/Get?id=FKZMGINVMPKXRXZZHLBEHGAY&fileType=view,dem frouwen von Clingenthal ,frouwen von Clingenthal ,0.9651891589164734,rel,Kloster Klingental,1.0,False
HGB_1_160_016,Untere Rheingasse 13,2611452.557237681,1267838.6319201377,7b1e6bd9-c5aa-48ff-9c5f-e2c17b392903_20240705,8,1466,"Schultheissen Urkunde.
Meister Hans Speich der Wagner Burger ze Basel, ver¬
kauft dem Gotzhus zu sant Theoder in mindern Basel
1 Gld. jerliches Zinses von uff und ab dem Sweyteil des
Huses und Hoffstat, so ze mindren Basel in der Ryn-
gassen zwüschent Peter Vischer, eins Wagners, und Ste.
schan Borysen des Hubschmitz Hüsern gelegen und
Meister Peters Schrötter genant Lüdin und Frow Angnese
siner Ewirtin sel. gewesen ist, zinset mit dem Britteil von
Eygenschaft wegen den Frowen zu Clingental 1 ℔. u. Pfg.
umb 20 Gld.",https://files.transkribus.eu/Get?id=CNTNSKHZVTKFGXNHVCRHKFMB&fileType=view,den Frowen zu Clingental ,Frowen zu Clingental ,0.9971026033163071,rel,Kloster Klingental,1.0,False
HGB_1_160_016,Untere Rheingasse 13,2611452.557237681,1267838.6319201377,80dac966-e860-4fc7-9fae-3ecdb2120af1_20240705,9,1466,"Schultheissen Urkunde.
Meister Hans Speich der Wagner B. z. B. verkauft dem gotzhus zu
sant Theoder ein guldin geltes jerliches zinses rinsch ab dem
zwey teil des huses so ze mindr. Basel in der Ringassen zwüschent
Peter vischers eins wagners u. Stephan Rorysen des hubschmitz hüser
gelegen u. meister Peters Schrötter genant ledin u. frow Ang¬
neben siner ewirtin sel. gewesen ist, zinset mit dem dritteil von
eygensch. wegen den erwirdig, frowen zu Clingenthal jerlichen ein
phund nüwer Basl. phenn, hie zu das Closter Klingenthal sinen
gunst u. willengab, umb 20 rinschen guldin. Wiederkäufig.",https://files.transkribus.eu/Get?id=UNVBCWNJPNFWJEJIXVKLOLUU&fileType=view,"den erwirdig , frowen zu Clingenthal ",frowen zu Clingenthal ,0.9657321075598398,rel,Kloster Klingental,1.0,False
HGB_1_160_016,Untere Rheingasse 13,2611452.557237681,1267838.6319201377,80dac966-e860-4fc7-9fae-3ecdb2120af1_20240705,9,1466,"Schultheissen Urkunde.
Meister Hans Speich der Wagner B. z. B. verkauft dem gotzhus zu
sant Theoder ein guldin geltes jerliches zinses rinsch ab dem
zwey teil des huses so ze mindr. Basel in der Ringassen zwüschent
Peter vischers eins wagners u. Stephan Rorysen des hubschmitz hüser
gelegen u. meister Peters Schrötter genant ledin u. frow Ang¬
neben siner ewirtin sel. gewesen ist, zinset mit dem dritteil von
eygensch. wegen den erwirdig, frowen zu Clingenthal jerlichen ein
phund nüwer Basl. phenn, hie zu das Closter Klingenthal sinen
gunst u. willengab, umb 20 rinschen guldin. Wiederkäufig.",https://files.transkribus.eu/Get?id=UNVBCWNJPNFWJEJIXVKLOLUU&fileType=view,das Closter Klingenthal ,Closter Klingenthal ,0.9876132607460022,rel,Kloster Klingental,1.0,False
HGB_1_160_016,Untere Rheingasse 13,2611452.557237681,1267838.6319201377,d0a7487e-a7ef-4080-a4b1-3c7b18f650c8_20240705,10,1477,"Item git zu kouffend meister Hans Speych
der wagner burger, Hansen Luxssenhoffer
dem hutmacher wonhafft ze Basel Emelin
siner ewirtin, dz huß und hoffstatt mit
sinen rechten so gelegen ist zu mindern
Basel in der Ryngassen zwüschent Steffan
korysen des schmitz und Stepfan Vischer
des wagners hußern stosset uff den Ryn-
zinset inen frowen zu Clingental 1 ℔.
Martini, pro sund 125 guld.",https://files.transkribus.eu/Get?id=IJWOQQOGUIFSJDPLROAFMHMB&fileType=view,inen frowen zu Clingental ,frowen zu Clingental ,0.9832058101892471,rel,Kloster Klingental,1.0,False
HGB_1_160_016,Untere Rheingasse 13,2611452.557237681,1267838.6319201377,58373df9-8d74-4385-8cf5-36094780002b_20240705,11,1477,"Schultheissen Urkunde.
Hanns Herman der Huttmacher, sesshafft zu mindern
Basel, und Ennelin sin Ewirtin verkaufen der ellenden
Herberg zu Basel 1 Gld. jerliches Zinses von uff und ab
irem Huss und Hoffstatt, so gelegen ist ze mindern
Basel in der undern Ryngassen wider Clingental
zwüschent Steffan Rorysen des Hubschmitz und Steffen,
Vischer des Wagners Hüsern, zinset von Eygenschafft wegen
den Frowen zu Clingental 1℔. u. Pfg. und dem Gotzhuses
zu sant Theodor 1 Gld. widerkoiffig mit 20 Gld, um 50 Gld.
hermann hs. d. hutmacher neben 11 Ao 1463
s. d. Hutmacher Eig. v. 13 nach 1463 Gl. Herberge Urk. No 83.
Borysen Steffan d. Hufschmidt Eig. v. 15 Ao 1468
Vischer Fried. d. Wagner Eig. v. 11 nach 1463
18 gibt obige Zinsen Ao 1466
8 ȡ. hermann hs u. Luxssenhofer hs, beide hutmacher Ao 1477",https://files.transkribus.eu/Get?id=LDJMLRNDKUAROQTYIFMUNZDE&fileType=view,den Frowen zu Clingental ,Frowen zu Clingental ,0.9972807914018631,rel,Kloster Klingental,1.0,False
HGB_1_160_016,Untere Rheingasse 13,2611452.557237681,1267838.6319201377,4e83decc-4f68-4378-93fa-0fbd03cffca9_20240705,12,1477,"dem gend zu koffend Hans Herman der hutma¬
cher und Ennelin sin ewirtin und Conrat Hoch¬
herrtzer der murer alle burgere und ir swager, Jo¬
dero Seyler, 4 guld geltes uff Hylary von uff und
ab irem huß und hoffstatt mit sinen rechten so
gelegen ist zu mindern Basel in der undern
Ryngassen zwüschent Stepfan Rorysen des
schmitz und Stepfan Vischer des wagners hußer
zinset von eygenschaft minen frowen von
Clingental 1 ℔. Martini und dem gotzhuß zu
sant Theoder gl. geltes widerkoiffig mit 20 guld
nach des briefs sag, pro sund 80 guld
No 1463",https://files.transkribus.eu/Get?id=UUNNEJTWXTVAMMLJXMBBYCFI&fileType=view,minen frowen von Clingental ,minen frowen von Clingental ,0.9282654225826263,rel,Kloster Klingental,1.0,False
HGB_1_160_016,Untere Rheingasse 13,2611452.557237681,1267838.6319201377,b552ca49-3d7e-420e-b082-0b9cb01a3d43_20240705,"13, 14",1486,"ein brief weiset, das Hanns Speich der
Wagner, Burger ze Basel, 1 gld. gelts seinisch an goldt
und gericht ze Basel, jerlichen uf Simon und Ju¬
das ze zinsen von uf und ab dem Zweittheil
des Hauses und Hofstatt mit allen zugehörungen
und Rechten, so in mindern Basel an der Rhein¬
gassen zwischen Peter Vischer ouch eines Wagners,
auch Steffan Rohreisen des Huofschmits Heüser
gelegen, und meister Peter Schrötter, genant Ludwig
und frauw Angnesen seiner Ehewürtin sel. gewesen
ist. Zinset den drittheil von eigenschaft wegen dem
Gotshaus Clingenthal 1 ℔ neuwer Basler pfennig uf
Martini; darnach eigen, ist ablösig samethaft
mit 20 gld. reinischer in goldt.
gibt nun Hans Heinrich, Frey der Passamen
Mutelin sch.
Eig. v. 13 bis 1
tierer uf simons u. dudae 1℔ 3ß. [sep] gibt jetz Michael Müttelein der Holtz
messer.",https://files.transkribus.eu/Get?id=EDHVMEWIJYQGXZJPYHOPBEEB&fileType=view | https://files.transkribus.eu/Get?id=BFQMNDWQBVMADHTQKABEIUJS&fileType=view,dem Gotshaus Clingenthal ,Gotshaus Clingenthal ,0.9937782684961954,rel,Kloster Klingental,1.0,False
HGB_1_160_017,Untere Rheingasse 15,2611450.1713146353,1267842.8383924388,7f6f0323-87da-4e99-aba7-b923ce4c57f5_20240705,"14, 15",1478,"Item git zu koffend Hans von Frowenfelts
der zymerman burger, Fridlin Graff schaffner
zu Clingental der an statt siner frowenkoufft
1 ℔ geltz jerlichen Verene ư zu gebende,
von uff und ab den zwen guld geltz so
im Conrat Hochhertzer der murer uff sant
Thomas tag apld jerlichen verbunden ist zu
gebende nach eins briefs sag den erst durch
merer sicherheit willen hinder Eminfro¬
wen geleit hatt, darnach sinem huß und
hoffstatt zu mindern Basel by Berchtoltz
Bürlin am ort gelegen ze nechst an der
oly trotten stosset hinden zu uff der Statt
ringkmur, zinset minen frowen zu
Gestrossen
= Th v 17 neben 13 Ao 148
Clingental 8 ß und der Augustiner closter
Frohenfeld
v Eig v 15 ao 1488
1/2 guld geltz
widerkorffig mit 10 guld. [sep] pro sum 20 ℔.
Gerichtsbuch der mindern Stadt P5.",https://files.transkribus.eu/Get?id=SIQYBHPFEMYGFXRIBSLUFDBX&fileType=view | https://files.transkribus.eu/Get?id=LZJYDWEQSAONRBNNRNEWWQZL&fileType=view,Clingental ,Clingental ,0.6418747901916504,rel,Kloster Klingental,1.0,False
HGB_1_160_017,Untere Rheingasse 15,2611450.1713146353,1267842.8383924388,cd7bd3b6-43ee-48db-a883-3002736def67_20240705,18,1490,"Anthony Stempfer zu mindern Basel
git 13ß uf unser frowen tag der Verkundigung in der
vasten, gab vor Hans Frowenfeld der Zymmerman,
von sin Hus gelegen am Segergesslein gegen der
segen neben dem Clinstampff, zucht uf der statt
ringkmur, zinset von eigenschaft wegen unserm
Gotzhus Clingenthal 8ß und den Augustinern ½
gulden widerköuffig mit 100 gld. für eigen, kouft
und widerkouffig mit 13 ℔, Hans von Frowenfeld
hat sich verschriben.
abgelöst und angeleit uf Melchior Jungheit den
messerschmidt im 27 Jor.
gestrichen. delmühle = Th. v. 17 neben 15",https://files.transkribus.eu/Get?id=KMJKKGTSCJCZIPDXOTZJYRTD&fileType=view,unserm Gotzhus Clingenthal ,Gotzhus Clingenthal ,0.9871679743131002,rel,Kloster Klingental,1.0,False
HGB_1_160_025,Untere Rheingasse 21,2611429.665119975,1267884.02050332,05bbd113-1841-4e52-9363-50d6e23d0c55_20240705,"3, 4",1462,"Item git ze kouffend frow Else Reberin die
kuppfferschmidin, Hansen Segesser och
einem kuppffermid und burger zu Basel.
und Elsen siner ewirtin, das huß und
hoffstatt so gelegen ist zu mindern Basel
ze undrost am ort als man by der Rhegel
müly gen Clingental hin in gat nebent
Hansen Negellins des schliffers huß ze
einer siten zinset den jetzgemelten frowen
zu Clingental 10ß und 2 ring brotes
zu wysung uff Martini, sodenn gand
och darab und sol man jerlichen geben
Heinrich Wissen dem kouffman 2 1/2 guld
geltes koufft und widerkouffer mit 50
Reber hs bz Kessler Eig. v. 2 u. Webergasse 14 ao 1438
Rutschen Segesser
im meister:
gulch
Ziegelhell = 19
neben 2
des
kouffers vatter Was guld geltz widerkouff [sep] mit 30 guld, pro suma 12 guld und
16ß, item Peter Mathis procurator in
Clingental consensit.",https://files.transkribus.eu/Get?id=CODUMQTSZVVKUWDSVCZDWZJN&fileType=view | https://files.transkribus.eu/Get?id=QWFKFMIWQXTEYTPZSLYOWTIS&fileType=view,den jetzgemelten frowen zu Clingental ,frowen zu Clingental ,0.9848696947097778,rel,Kloster Klingental,1.0,False
HGB_1_160_025,Untere Rheingasse 21,2611429.665119975,1267884.02050332,f8c9eb7c-8acb-4c21-b9c2-213861e02934_20240705,"11, 12",1479,"Item gend zu koffend Hans Wegenstett Her¬
waffenschmit burger und Margreth sin ervir¬
tin, dem gotzhuse zu sant Martin, 2 1/2 ℔.
geltes jerlichen uff Martini zu gebende, von
uff und ab irem huß und hoffstatt so gele¬
gen ist zu mindern Basel in der nidern
statt am ort als man by der ziegel müli
zu Clingental in gat nebent Hansen
Negellin des schliffers huß stosset hindenzu
an miner frowen von Clingental huß genant
Web
das neben huß zinset den jetzgemelten fro¬
wen zu Clingental 10ß och Martini und
3ß zu erschatz, darnach och uff sinen an¬
höffen hamern zangen und anderm so zu
schmid handwerck gehört pro sund 509 ß.
Gerichtsbuch der mindern Stadt P5. [sep] Nachwessen
Wegenstett hs. Eig. v. 21 Ao 1479 Samst u. Martin
Liegelmühl = 19 gegenüber 21
Sehellin hs. neben 21 auf S v. Webergasse 1 Ao 1479
Klingenthaler Weberhus = Klingenthal 11 Ao 1486
2t gibt obigen Zins an Klingenthal Ao 1510",https://files.transkribus.eu/Get?id=PJKJINJOSOVRFLACCNQNOKAQ&fileType=view | https://files.transkribus.eu/Get?id=UVVYGHYXMVKWIPXSSBFTTZOE&fileType=view,den jetzgemelten fro ¬ wen zu Clingental ,fro ¬ wen zu Clingental ,0.9860000269753593,rel,Kloster Klingental,0.9870831501938301,False
HGB_1_160_025,Untere Rheingasse 21,2611429.665119975,1267884.02050332,61ff5f65-f3a9-443f-8f4a-e97a49e745f6_20240705,15,1510,"Item da geben ze kouffen die erbern Laurentz
Felber und Elsin sin eefrow, dem erbern
Cunrat Klübiburger zu mindern Basel Enne
lin siner eefrowen, das orthus und die
unt. Rheingasse hoffstatt gelegen zu mindern Basel und in
der Webergassen als man gan Klingental gat
an Lienhart Negelin des schliffers hus zinßt
von wegen der eigenschafft dem gotzhus Clin¬
gental 10ß, sodenn einer caplanie zu sant
Martin so herr Marx inhat 2 gl geltz
widerkouffig mit viertzig gl. fürer et, fada
emptio pro 7 ℔.",https://files.transkribus.eu/Get?id=NRVCXXDRZHNRLMHMFJVNUYTC&fileType=view,dem gotzhus Clin ¬ gental ,gotzhus Clin ¬ gental ,0.9713733315467834,rel,Kloster Klingental,0.5905666768655188,False
HGB_1_160_026,Untere Rheingasse 21 u. Webergasse 1,2611429.665119975,1267884.02050332,3924e6aa-fc0e-4c96-a404-c1a69651280b_20240705,7,1434,"Item gebent ze kouffende Hans Reber der kess¬
ler und Elsg sin eefrow und Hans Heinrin
der selben zwey elichen gemecht den liplich und
elich sun, Erharten von kouffen und Claren
siner efrowen, 2 1/2 guld geltz jerlich zinses sol.
nend jerlich Gregory uff und abe des obgenan
ten Hans Rebers und Elsen siner efrowen hus
und hofstat mit sinen zugehörden sit in
minren Basel by Klingental als man zu
dem nidren thor ingat und an Heintzman
Offlatters hus zinset von eigenschaft wegen
den frowen ze Klingental 1 ℔. jerlich Andree.
umb 50 guld, Hans von Hewingen pro¬
curator consensit Klingenthaler nid thor neben 21",https://files.transkribus.eu/Get?id=NNGVFMSIFPMNAUMPLVBTVUNL&fileType=view,den frowen ze Klingental ,frowen ze Klingental ,0.9960779994726181,rel,Kloster Klingental,1.0,False
HGB_1_160_026,Untere Rheingasse 21 u. Webergasse 1,2611429.665119975,1267884.02050332,d7cbb87d-ef9b-49e9-93c0-60e94d025fcb_20240705,10,1438,"Item gibt ze kauffen Hans Reber der kessler
derwig
und Ennelin sin tochter, Hans Heinshe (sic)
Reber dem kessler und Hansen Rebers sun
und der obgenanten Enelin hinder, daz hus
mit siner hoffstatt und mit andern sinen
rechten etc. ist ab und gelegen in der minren
stat Basel by Klingental by dem nydern
Thor des selben Closters und nebent herrn Jo¬
hans von Thünsel wilent oberster meister
erben hus und gegen der mülin so vor zu¬
ten dez alten Huten was etc. zinset von
eigenschaft wegen den frowen zu Klingental
1℔ jerlich Martini, umb 90 guld, et
sen
Buman schaffner der obgenanten
Hierus henm. Eig v. unt. Rheingasse 19 bis 1429 ze genüber
fronen.
v Bende
unt. Reingasse 21 und Webergasse 1
Gerichtsbuch der mindern Stadt P3.",https://files.transkribus.eu/Get?id=LKUMBBFJVBEICAHSRRXYMBXY&fileType=view,den frowen zu Klingental ,frowen zu Klingental ,0.9946466088294983,rel,Kloster Klingental,1.0,False
HGB_1_160_027,Untere Rheingasse 2,2611482.902727069,1267813.2503608877,036aa567-8241-4a94-a093-2c9a056730c6_20240705,4,1423,"Schultheissen Urkunde.
Hüntzlin Bader von Altkilch sesshafft und Burger ze
ren Basel und Elsin sin eliche Frowe vergabendern
Closter ze Clingental das Orthus genant zem Witurkel
gelegen in der minren Stat Basel by der Rinbrugke
zwüschent den Hüseren genant Gutow und Ossen¬
sten, zinset von Eigenschafft wegen dem Rate 5 ℔ Zins
Z. vitatibs gegent er Greifengasse Th. v. 9 sich unt. Rhein, 3
Klingenthal Urk. v 9 Ao 1738.",https://files.transkribus.eu/Get?id=COSLOGIJDENPIIYBFECJFXOY&fileType=view,Klingenthal ,Klingenthal ,0.8395974040031433,rel,Kloster Klingental,1.0,False
HGB_1_181_022,Schifflände 7a u. 7/9,2611215.8000192503,1267705.1954327107,798038a3-15ce-4f55-ac12-df32c5dfd6ef_20240705,16,1407,"Item do gab ze koffende frow Thine alta auf
Alberti de Zella civis Basel und frow Enneli
ir tohter sunderlich Thina mat p man et
Anthen Jeckli Großen von Escholtzwilr irs
elichen manes hant demme irt und frow
Enneli Hans Mathisen von Rinfelden daz
huse und hofstat genant zem Rossgarten
da der dritt dez selben huß eigen ist und
der zweit erbe ist von den frowen ze Klin¬
gental git man 6 ℔ 13ß 4ȡ zins ȡ anga
2ring wiß Martini syben ß minno 4ȡ
ze erschatz, pro 200 guldin.",https://files.transkribus.eu/Get?id=QNFXDQKKABFRXOWHJCYJLYGK&fileType=view,den frowen ze Klin ¬ gental ,frowen ze Klin ¬ gental ,0.8429321050643921,rel,Kloster Klingental,0.7622203768871898,False
HGB_1_181_023,"Schifflände 7, 9",2611215.8000192503,1267705.1954327107,a869f6aa-70d5-4411-bde3-3378287c6514_20240705,"3, 4",1416,"Item do gabent ze kouffende Hanns Stes¬
sersmid von Ulm und Dietrich Amman
ze minren Basel, Peterhanns Grentzinger
burger ze Basel und Elsinen siner efrowen
das huse und hofstat genant zem hin¬
dern Rosgarten gelegen ze Basel in der
stat wider das huse zem Blumen an dem
gesselin so man nemmet das Breden
gesseli ein site und ander site an Lude.
man Rässelis huse stosset uff den Birsich
hinder an das huse zem vordern Rosga
ten ist erbe von den gerstlichen frowen
ze Klingental denen da von gangent
und man geben sol 6 ℔ und 13ß.
4ȡ zinsph von der eigenß ze zinse 2 sind
brotes jerlich Martz 28 wisung und 2ß. [sep] 4ȡ zinsph ze erschatz pro summa
hundert und 60 flor.",https://files.transkribus.eu/Get?id=EXQCMKLOITHTPZAGLAWBRDZC&fileType=view | https://files.transkribus.eu/Get?id=BIXIWIISEHYVNBFFRTRLEEHT&fileType=view,den gerstlichen frowen ze Klingental ,gerstlichen frowen ze Klingental ,0.9866358876228333,rel,Kloster Klingental,1.0,False
HGB_1_181_023,"Schifflände 7, 9",2611215.8000192503,1267705.1954327107,6527245d-468c-4ff1-8e83-3f7b31a2d479_20240705,13,1444,"gid ze kaufen Tschau Farothe von grissach by
welschen nüwenburg jnnamen Peter Carissme Wilhelm
Carissme u Ennelin Carissme ir swester, Hansen Spyser
von Ulme u Ennelin sin ewirtin, den zwenteil wie
si die ererbt hand von wil. Mathysen Cariste jrem bruder
sel. etwen dem Wirt zem hinder Rossgarten u. bgr. ze Basel,
an der herberg ư huse ge¬
genant zem hinder Ross
garten, gelegen under den Saltzkasten nebent der Brediger
gessli zu einer siten ư Helblings hus zer andern siten,
zinset der zweyteil voneig.
sum 500 fl.
ze Klingental 6 ℔ 13sh. 6dn.
sodenne 2ring brot ze wysung u. 5 sh erschatz.",https://files.transkribus.eu/Get?id=ZCFNDWAXQHVVPMWAFDNXJCUN&fileType=view,Klingental ,Klingental ,0.8502448201179504,rel,Kloster Klingental,1.0,False
HGB_1_181_023,"Schifflände 7, 9",2611215.8000192503,1267705.1954327107,c769ca5c-767b-4e7d-8a54-db0b61adfdf4_20240705,15,1446,"Do gend ze kaufen Schan Darrate u. Wilhelm caesen
von Gressach, u. Nycole Errie ir swester sun och von Grissach
ư Gürthelin Caristmes von der nuwerstatt, an
Hansen Spyser von Ulm den Wirt zem hindern Rossgarten
u. seine Frau Ennelin, die zwenteil des Huses & Hofstatt
oder Herberg zem hindern Rossgarten, so gelegen ist
under den Saltzkasten nebent der Brediger gesslin, an dem
ort ze einer siten ư Helbelings hus zer andern siten,
ist erbe von den frowen ze Clingental denen darab gand
61/2 ℔ 3sh. 4 dn. u. 1 1/2 ring brot ze wisung, 5 sh erschatz
wie sich den von Mathisen irem bruder sel. zu erbe kamen sind
sum 500 fl.",https://files.transkribus.eu/Get?id=XYGRVJTJDSWEOHSLUIXUSMLU&fileType=view,den frowen ze Clingental ,frowen ze Clingental ,0.9971527755260468,rel,Kloster Klingental,1.0,False
HGB_1_181_023,"Schifflände 7, 9",2611215.8000192503,1267705.1954327107,86a0ba23-d828-4e90-a918-04b9632c553a_20240705,25,1463,"Hanns Winderlich der Armbroster, och Erhart Wunderlich
sin vatter, verkaufen an Hannsen Krugel & seine Frau
genant
Gredlin, das Hus & Hofstatt oder die Herberge zem
Rosegarten, ư den halben teil des Huses & Hofstatt genant
zem Kolben, ze nebst an dem stalle genannt zem Engel¬
gelegen uf einer ư zer andersite an der britten als jetzmit
derselb stall geteilt ist, u sinderlich die Herberg zem
Rosegarten hinder vor, gelegen ist, ze nechst an dem
Swibogen gesslin under den Salegkasten ist das orthus
am selben gesslin als man zer Rinbrugk umbhin gat,
ư lyt andersite neben dem Huse genant zu sant Usselen oder
. . . hus, so zinset das Hus zem Kolben jährl voneig.
an die Stift uf Burg 1/2som sot wins, sodan 3fl gelts zu
Clingental, sodan den bredigen 5 fl. widerk mit 100 fl. ư den
heuen S. Peter 1 fl widerk mit 20 fl. sonstfrei, sum 300 fl.
Rosgarten = 1",https://files.transkribus.eu/Get?id=YWOQCBGDPZNOUJVULYIMPGHF&fileType=view,Clingental ,Clingental ,0.7585040926933289,rel,Kloster Klingental,1.0,False
HGB_1_181_023,"Schifflände 7, 9",2611215.8000192503,1267705.1954327107,e480192c-4c36-4d20-9d94-a7e27e218d4c_20240705,31,1488,"Da haben Ulrich Meltinger und Bastian Sold umb versessenen
zins und Hauptgut die Herberg zum Rossgarten under den Saltz¬
kasten, am Ort des Gesslis als man von der Kronen zu der Herberg
zum Blumen gat zu einer und dem Hus zu sannt Urselen zer an¬
dern siten gelegen ist, zinset von Eigenschafft 3 fl. ewigs gelts den Frowen
zu Clingental, gefrönt.",https://files.transkribus.eu/Get?id=QYFMZRCJUJTZJUNQQMNPRAFM&fileType=view,den Frowen zu Clingental ,Frowen zu Clingental ,0.9973807781934738,rel,Kloster Klingental,1.0,False
HGB_1_181_023,"Schifflände 7, 9",2611215.8000192503,1267705.1954327107,195cc6f6-664e-4ed2-ab1d-e9656a9c5937_20240705,32,1488,"Item do hat Ulrich Meltinger u. Hanns brugels Herber,
genant zem Rossgarten, under den Saltzkasten am ort
des Prediger gesslis ze einer, ư dem Hus zu sant Ursalen,
zer andern siten gelegen ist, zinset voneig. 3fl ewigs gelts
zu Clingental sodan aber 5 fl gelts widerk mit 100 fl.
nach dem er ư ander gemeinder uff der Herberg u. ander
underpfender 10 fl gelts gehept haben, als eins flüchtigen
mans gut, zum dritten kouff bezogen, ư darum geben
180 fl.",https://files.transkribus.eu/Get?id=JTGGETYLPIISAIYLGCPKJQZZ&fileType=view,Clingental ,Clingental ,0.8844651579856873,rel,Kloster Klingental,1.0,False
HGB_1_181_023,"Schifflände 7, 9",2611215.8000192503,1267705.1954327107,0a4aef98-48e7-401f-b030-e5b1628c69f0_20240705,41,1508,"Da bekent sich Heinrich Melltinger Vogt zu Birseck
dass er vor etlichen Jaren verkauft & zu kaufen geben habe
gibt auch jetz zu kaufen Hanns Schaffhuser dem Wirt zur
Cronen, u. seine Frau Margreth, die zwei Hüser naml
das Hus & Hofstatt genant zum Rossgarten hinden & vor¬
under den Saltzkasten, zenechst an dem Sibogen, ist ein
orthus an dem gesslin, ze einer, u. dem Hus genant s. Ursula
zur andern siten, zinst dem Clingental 3 fl. jtem den Predigen
5 fl widerk mit 100 fl. (folgt das ander hans
um 5 fl.",https://files.transkribus.eu/Get?id=SNAGXFOLSLMLIIFIFZDUGLOK&fileType=view,dem Clingental ,Clingental ,0.9902206063270569,rel,Kloster Klingental,1.0,False
HGB_1_181_023,"Schifflände 7, 9",2611215.8000192503,1267705.1954327107,fde2a78c-72fc-473f-b015-9b8a2f80970b_20240705,42,1509,"Heinrich Meltinger Vogt zu Waldenburg, verkauft an Hans
Schaffnser den Wirt zur Cronen, u. seine Frau Margrethen, die
zwo Herbergen u. husere namb das Hus u. Hofstatt genant
zum Rossgarten, hinden u. vor, under dem Saltzgasten, zunechst
an dem Swibogen, ist ein orthus an dem Bredigergesslin zu einer,
u. dem Hus genant s. Ursulen hus zur andern siten, zinst zu
Clingental 3 fl. u. den Predigern, 5 fl und widerk.
Cu das hus zum Kolben)
sum 5 fl.",https://files.transkribus.eu/Get?id=IVXECHOITCALCJHIXIUXJCBC&fileType=view,Clingental ,Clingental ,0.9689418077468872,rel,Kloster Klingental,1.0,False
HGB_1_181_023,"Schifflände 7, 9",2611215.8000192503,1267705.1954327107,b21c0060-4bfc-4a37-a5ad-16bb9cee3e39_20240705,47,1530,"Frau Barbara Schaffhuserin wyl. Berchtolder Bartherr der
artzney Dr. sel. Witwe, jetz Doctor Lux Cletten Bischofl. Canzler,
sel. Husfrau, verkauft an Hansen Kleinheine von Dietwyler,
u. seine Frau Anna Ketterlin, das Hus u. Hofstatt by den
Saltzkasten, am ort des Predigergesslins, zwüschen demselben
Schifflanz Predigergesslin, u. dem Hus zu s. Ursulen gelegen, u. zum
Rossgarten genant ist, zinst von eig. dem clingenthal 3 fl.
sonst frei, um 500 fl.",https://files.transkribus.eu/Get?id=AQEBUGZAONKOENXXQEOTFQZV&fileType=view,dem clingenthal ,clingenthal ,0.930965393781662,rel,Kloster Klingental,1.0,False
HGB_1_181_023,"Schifflände 7, 9",2611215.8000192503,1267705.1954327107,6aeea603-908a-4a2f-bc97-0a74e6d7cca5_20240705,50,1530,"Hans cleihenne von Dietwiller, u. seine Frau Anna, sodan
Bartholome Hartman bgr. zu mindem Basel, verkaufen an den
Spital 5 fl. jährl. zinses, ab Hansen cleinheine u. seiner Frau
Hus u. Hofstatt by den Saltzkasten, am ort des predigergässlins,
Schiffland u. am Hus zu s. Ursula gelegen, u. zum Rossgarten genant ist,
zinset jährl. dem Clingental 3 fl. sonst frei, sodan ab Bartholome
Hartmans 200 fl. Hptg. u. 10 fl gelts so er hat u. jm die gemelten
Hans Cleinheine u. Frau schuldig sind,
um 100 fl.",https://files.transkribus.eu/Get?id=IELMAROXMPYXCUPBWKLAEHJY&fileType=view,dem Clingental ,Clingental ,0.7601132392883301,rel,Kloster Klingental,1.0,False
HGB_1_153_009,"Rappoltshof 1, 3",2611586.879396256,1267996.903975439,ffae81b2-1b7e-483a-a326-e4c2a6f376a6_20240705,"7, 8, 9",1427,"Item gebent ze kouffen Lienhart Herbs
vinicola et phia eins uxor, Heynn Gerster
dem rebman und Jegklin sinem sun
daz hus und hofstat mit dem höflin da¬
hinder so erb ist und gelegen in minren
Basel wider Rapoltzhof zwuschent dem
hus Klettenfels und Heinrich Meßrers seeli¬
gen erben hußlin, daz selb verkouft hus
und des selben Meßrers selige hußern ein
eigenschaft sint als sy sprachent, zinsent
bende den frowen ze Klingental über und
über 30ß zinß jerlich Martini des gangent
18ß ab dem obgl verkouften hus und ge¬
säß und 12ß ab der eg h. Meprers sebgl.
Eg. v. 13 Ao 1
Gerster Tegki
hüslin und der ze wisung ouch terlie
Gehster Jeghin hind. unt. Rebgasse 18 auf S. v. Rappoltshaft Ao 1438
Martini da jetwedres hus ein Jg freit [sep] und 5ß ze erschatz in mut mang da
auch jetwedess hus den halben erschatz
abtragen sol als sy auch Sprachent und
über den vorgeß zinß wisung und er¬
schatz sol man jerlich Martini den fro¬
wen ze Klingental richten und geben
3 guldin geltz kouff und widerköffig
mit 45 guldinso denne 1 juchart reben
sits im banne minren Basel nidman
us zwüschent dem vorgl schulth und
bruder Johans Burnen eins coners ze
Klingental güter zinset von eigenschaft
wegen Wernher Mürnh (sic) 12
3 zinst 8
und ein hin jerlich ze sant Martin
item ein halb juchart reben im banne
fodtis ouch nidman uß zwüschent 2.
bentachs und Peter Nebers reben zinsent
von eigenschaft wegen herrn Johans Ebin
caplan ze sant Martin 6ß und 2 zinß
Martini item 1/2 juchart bloß gelendes [sep] lerin ex alia dem matzenmachers guter
zinsent von eigenschaft wegen herrn Hein¬
rich Träger zem roten Vogel von siner
phrund wegen ze Klingental 4ß zinßt
jerlich Martini, so denne aber ein halb
juchart bloßgelendes sit im bane in
ren Basel im Horemberg ex und Hein¬
Tufels ex alia Heni Hegklers guter zum
set von eigenschaft wegen dem spital
ze Basel 4 1/2 ß zinßd jerlich Martini
umb 45 guldin, bruder Hans von
Höwingen consensit",https://files.transkribus.eu/Get?id=YMZFQJZANQZHJOCYWMCRTPUI&fileType=view | https://files.transkribus.eu/Get?id=GVRXUYMXJOGIKOGOPHETLBRV&fileType=view | https://files.transkribus.eu/Get?id=LLAPJQCOLHOAGKJFKWVAPVIO&fileType=view,ze Klingental ,Klingental ,0.7021450996398926,rel,Kloster Klingental,1.0,False
HGB_1_153_009,"Rappoltshof 1, 3",2611586.879396256,1267996.903975439,bcb5c66e-b659-4f2b-b1f0-187dedb6286f_20240705,10,1443,"Schultheissen Urkunde.
Jegki Gerster der Rebman, sesshaft und Burger zu minren
Basel und Ursell sin elich Frow verkaufen der Ellenden
Herberg zu Basel 5 Gld. Geltes jerliches Zinses uff und abe
irem Hus, Hofstat und Trotten, byenander in der
minren Stat Basel gelegen, als man von sant Claren
wider sant Belassen Thor gat, uff dem Tych, als man
zu Rappoltzhof gat, zwüschent Hüsern genant Kettenfels
und Heinrich Trumpeters, zinset von Eygenschaft wegen
den Casterfrowen zu Klingental 18sh. Zinspfg, und
auf Grundstücken, um 100 Gld.",https://files.transkribus.eu/Get?id=GNGUAGSGGRZXXCTKQZHTKXQO&fileType=view,den Casterfrowen zu Klingental ,Casterfrowen zu Klingental ,0.9746230691671371,rel,Kloster Klingental,0.9154357207427841,False
HGB_1_153_012,"Rappoltshof 5, 7",2611606.2550502406,1268004.7912860466,5cd25736-0124-4dd5-9920-b28659687c5b_20240705,10,1521,"Item da geben zu kouffen wolgelert ersam
herr Theronimus magister der fryen kunsten
und schulmeister des thumbstiffts uff Burg
zu Basel und frow Elysabeth sint eliche huß
frow, dem bescheidnen
(Lüke)
hindersess zu myndern Basel, (Lüke) siner
efrowen das ort und ckhuse und hoffstatt
mit dem stok und höfflin darnebent zu mym¬
dern Basel im Ratpoltzhoff gegen sant
Claren über an Matheus Gürtlers huß und
schüren gelegen zinßt 1 guld gelts oder dafür
1 ℔ 3ß dem gotzhuse Clingental ablösig mit
20 gl. lut der brieffen sag, und wyter ist es
alles memanden versetzt, und ist darüber
Clingenthal kauft auf 5,7
9
der kouff geschen umb 82 guld.
5, 7 = Eckhaus am Ranhal
1a
Gerichtsbuch der mindern
Stadt 88.",https://files.transkribus.eu/Get?id=WFJEHBAEDEJFWVQYVGCCZAJF&fileType=view,dem gotzhuse Clingental ,gotzhuse Clingental ,0.969545861085256,rel,Kloster Klingental,1.0,False
HGB_1_153_029,"Rappoltshof 10, 12",2611644.399254138,1267998.0635539303,58ecf69b-ba61-4fa5-9b6a-6f594acb30fc_20240705,12,1449,"Schultheissen Urkunde.
Henni Wingkler von Krentzach und Ennelin sin
Ewirtin verkaufen Adelheyt Huglis einer Witwe ze
Basel wonend em Huss und Hoffstatt, so gelegen ist
ze minren Basel in Rappoltzhoff zwüschent Herman
Sattlers sel. und der Jergelin Hüsere, stosset hinden
zu uff den Teych, zinset von Eygenschafft wegen dem
Frowen zu sant Maren 1. 6sh. Zinsphg und 2 Hunen,
ze Wysung und 13sh. ze Erschatz, so sich die Hand
verwandelt, sodenn den Frowen ze Clingental 1 Gld.
Geltes widerköffig mit 15 Gld, umb 12 Gld.",https://files.transkribus.eu/Get?id=PPMYKVEIVKWOSNJNZCVUFQJV&fileType=view,den Frowen ze Clingental ,Frowen ze Clingental ,0.9966283142566681,rel,Kloster Klingental,1.0,False
HGB_1_106_014,Kronengasse 2,2611237.381028552,1267683.7573690545,79e7f6a7-ec5a-4220-9741-328cc2ac10ea_20240705,14,1464,"ist zum ersten gericht uff gebotten das Hus & Hofstatt
genant zer nidern Eln gegen der Cronen über an
dem Huse zem Kunge gelegen zinset voneig. 2 1/2 ℔.
dem Ellenden Autz, ư 5 fl. zu Clingenthal, so
oberlin besserer u Burkh. Besserer darut ư errich uff das
Hus zer Genst, u hat daruf gebotten den Schaffner
zu Clingental 5 fl. desselb Schaffner zem andern gericht 6 fl.
ư zum dritten gericht 20 fl. zu am Heinrici.
so Hüglin Rolinger syderhar kauft hat.",https://files.transkribus.eu/Get?id=UMTZIROHJMKQIKRUQIJMASWI&fileType=view,Clingenthal ,Clingenthal ,0.887641191482544,rel,Kloster Klingental,1.0,False
HGB_1_203_017,Sporengasse 4,2611209.305572642,1267551.7839006574,e358db80-4727-45ac-917b-c79a2e460f2a_20240705,10,1447,"Privat Urkunde.
Lienhart Ortemberg der Gürtler und Burger ze Basel ver¬
kauft Peter Synners sel. wilent eins Burgers ze Basel Kinden
2 Guldin Geltes jerliches Zinses von und ab sinem Huss und
Hoffstatt genant Leymen, als es gelegen ist ze Basel in der
Statt uff Ysengassen nebent dem Huse zem Krauch ze
einer Siten und dem Huss zem Lepart zer andern Siten,
zinset von Eygenschafft wegen dem Buw ze unser l. Frowen
und der Cottidian uff Burg ze Basel 2 ℔. 17sh. und nüw
Pfg. und dem Closter ze Clingental 5 Gld. Gelts und Frow
Gredannen von Eptingen auch 3 Gld. Gelts, sind alle wider¬
Kauffig mit 200 Gld, umb 40 Guldin.",https://files.transkribus.eu/Get?id=KRIBFQQXWOMJCLVRRWYQZCUB&fileType=view,dem Closter ze Clingental ,Closter ze Clingental ,0.9946160614490509,rel,Kloster Klingental,1.0,False
HGB_1_203_017,Sporengasse 4,2611209.305572642,1267551.7839006574,e6e4a8a1-d249-411f-a402-5c2112affc92_20240705,11,1447,"Privat- Urkunde.
Lienhart Ortemberg der Gürtler und Burger ze Basel.
verkauft Peter Siners sel. wilent eins Burgers ze Basel Kin¬
den und der Erben 2 Guldin Geltes jerliches Zinses von
und ab sinem Huss und Hoffstatt genant Leymen, als
es gelegen ist ze Basel in der Statt uff Ysengassen, nebent
dem Huse zem Kranch ze einer Sitten und dem Hus
zem Separt zer andren Siten, zinset von Eygentschafft wegen
dem Buw ze wyl. Frowen und der Cottidian uff Burg ze Basel,
2 ℔ 17 sh. und 7 u. Pfg. und dem Closter ze Clingental 5 Gld. Gelts
und Frow Gredannen von Eptingen 5 Gld., sint alle widerkaufft
mit 200 Gld, umb 40 Guldin.",https://files.transkribus.eu/Get?id=HLKHRPVIZPKGSALOXCTXUDGC&fileType=view,dem Closter ze Clingental ,Closter ze Clingental ,0.9929793924093246,rel,Kloster Klingental,1.0,False
HGB_1_203_017,Sporengasse 4,2611209.305572642,1267551.7839006574,c15af605-2f9e-4055-a83d-513a82362add_20240705,16,1482,"Lienhart Pettenberg der gürtler, verkauft an Matis
Waltheri den Kremer ư seine Frau Ennelin, das Hus &
Hofstatt genant Lennen uff Ysingassen, zwuschen dem
Hus zem Separt ze einer, ư dem Hus zem Krauch zer
andern siten gelegen ist, zinst von eig. 2 ℔ 2 1/2sh. an die
Presenz uf Burg, sodan 1 ℔ den herren s. Martin, von eine
Jarzit wegen, fürer sol man geben dem Clingental 5 fl.
me denselbigen frauen 2 1/2 fl. 5 fl. Hans Zschekaburlin & 2fl.
gelts an den buw u lfrauen uf Burg, sint alle widerk.
sonstfrei, um 60 fl.",https://files.transkribus.eu/Get?id=QNGSQCBHNUFUNIJSQMDHCLWB&fileType=view,dem Clingental ,Clingental ,0.9790995121002197,rel,Kloster Klingental,1.0,True
HGB_1_146_018,Petersberg 5,2611139.286913642,1267651.4297967968,2a814c97-6dc0-4c47-92c3-eeb6307088c1_20240705,"3, 4",1408,"Schultheissen Urkunde.
Arnolt Durschlage der Stosser, Burger ze Basel, ver¬
kauft Henman Grentzinger genant Gürtler, Burger,
ze Basel, das hinder Huse und Hofstat, so er gekaufft
hat von Claus Schritan dem Gremper Burger ze
Basel und Katherinen siner elichen Frowen und
stosset hinder an das Huse und Hofstat zem Bickel
und ouch hinder an das Huse so man nemmet zem
winstern Sternen und genechste an Bockschedels H.
se, so ze Ziten Claus Starchen was wider die Trinck¬
stuben zem Brunnen und Erbe ist von dem Closter
ze Klingental, dem da von gangent 1sh. Zinspfg von
der Eigenschaft ze Zinse und 1 Ring Brotes ze Wisung,
und 3sh. ze Erschatze, und 4 sh. der Stift ze sant Peter von
im Jarzites wegen, zusammen mit dem Hause zem
zem hintern Bickel = 5 Ao 1493
chlag ande Eig. [sep] Klingenthal Urk. No 1676.
Rückseite der Urkunde
das hus zem hindern Bickel ist für den missbus
hinweg geben.
Nur dem Gottshaus Clingenthal allein ohne noch
andern soll das haus zum hindern Bickhel ohnweit
dem haus zum Brunnen gegen dem Vischmerkt liegendt,
alljährlich 18ß gewonlicker zinspfen abstatten und be¬
zahlen.",https://files.transkribus.eu/Get?id=YTHHDCOCHRYBBJHHMVMZHRLE&fileType=view | https://files.transkribus.eu/Get?id=OBRWLGCTHBINPAWOVIXMTBQV&fileType=view,dem Closter ze Klingental ,Closter ze Klingental ,0.9976478517055511,rel,Kloster Klingental,1.0,False
HGB_1_146_018,Petersberg 5,2611139.286913642,1267651.4297967968,b9360ee8-79e1-4a03-bbdd-76dbec911cb7_20240705,5,1408,"item gab ze koffende Arnolt Durstag der stossen
henman Grentzinger genannt Guttler, burger ze Basel das
huse zem Bickel gelegen zu Basel wider den Vischmarkt ze
nechst dem huse zem roten swert einsit und ander site an
Tremlingers huse, ist erbe von den frowen ze sant Claren und
den Barfüssern, git man 33 ß zins ȡ angar. 1/2 ℔ pfeffers
Wisung ze vasnaht und Martini 5ß erschatz, 7ß den herrn zu
sant Peter; item huse und hofstatt über und über stosst
hinten an daz obgenannte huse und och hinden an daz
huse zem vinstern Stern und ze nechst an Boghschedels
sel. huse so Claus Starken was wider die trinkstuben ze
Brunnen, ist erbe von den frowen ze Klingental git man
18ß angar. ring wisung ze erschatz, item 4ß zu sant Peter
ze Basel von eins jarzits, um 90 gulden.",https://files.transkribus.eu/Get?id=MFCMQPQSVGCDXZIQWCDLQJLT&fileType=view,den frowen ze Klingental ,frowen ze Klingental ,0.9445600509643555,rel,Kloster Klingental,1.0,False
HGB_1_146_018,Petersberg 5,2611139.286913642,1267651.4297967968,7d6449a1-217b-4845-a7a7-a3993f5a4902_20240705,13,1493,"Thoman Zschagkaburlin der Kouffman für sich
u. ander sins vatters seb Kind & unterben, verkauft
an Agnes Seilerin der Steir breitlerin, das Hus &
Hofstatt hinden in dem gesselin, by dem Hus zum
Brunnen an dem Fischmarkt gelegen, ư zum hinden bekel
genant ist, zinst Frau Ennelin Meigerin Closterfrauen zu
Clingental 1 ℔ 5 sh. widerk mit 20 fl. ư dem Carthusern
auch 1 fl. auch widerk mit 20 fl. sonstfrei, um 16 fl.",https://files.transkribus.eu/Get?id=IDUAGWHAMFAPPGMTICPVEXKP&fileType=view,Closterfrauen zu Clingental ,Closterfrauen zu Clingental ,0.7877120971679688,rel,Kloster Klingental,1.0,False
HGB_1_146_018,Petersberg 5,2611139.286913642,1267651.4297967968,868a1554-9451-47d1-bc11-d56fa060987f_20240705,15,1498,"Agnes Seiler, verkauft an Veronisen Depoldzellerin, das
Hus & Hofstatt, by dem Hus zum Brunnen, an dem Fischmarkt
in dem gesslin, hinder dem Hus zu Metz gelegen, ư zum
Bickel genant ist, zinst den Carthusern 1 ℔ 3sh. u dem
Clingental 1 fl. sind bed zins widerk. sonst frei, sum 30 ℔.
mit Nachtrag wegen Bezalung der schuldig geblieben 20 ℔.",https://files.transkribus.eu/Get?id=VQVJFQIKNATPUDJFQVJFJYNH&fileType=view,dem Clingental ,Clingental ,0.9273500740528107,rel,Kloster Klingental,1.0,False
HGB_1_146_023,Petersberg 9,2611149.8076952915,1267652.727052408,0b756e0e-9268-4f64-86fa-9222f6ec6e08_20240705,9,1414,"Item do git ze kouffende Bertzschi Pflegler
in namen und an stat des buwes ze
sant Mart, Hanns Kauffenberg dem
snider burger das huse und hofstat ge¬
nant zem Bickel gelegen ze Basel in
der statt am Vischmerkt zwüschent dem
huse roten Swert und Hundebachs des
kuffers huse so da erbe ist von den geist
lichen brudern dem gardian und conente
des closters ze den Barfüssen ze Basel de
nen da von gangent 1 ℔ und 7ß zinsph
jert geteilt etc. von der eig und 1/2 ℔.
pffeffers uff sant Martz ze wisunge
so denne (Lüke) ß zinsph den frowen ze
Clingental und den herren von sant Peter
7ß zinsph item 5ß ze erschatz umb 60 gl.",https://files.transkribus.eu/Get?id=SXIALNPUHVLKPWWYQIQKQDZJ&fileType=view,den frowen ze Clingental ,frowen ze Clingental ,0.9810475707054138,rel,Kloster Klingental,1.0,False
HGB_1_146_023,Petersberg 9,2611149.8076952915,1267652.727052408,185baf1b-cf55-47f1-b1b1-196d6e45b366_20240705,26,1479,"Ulrich Meiger Wirt zem Schiff & seine Frau Margret
Loffenberg, verkaufen an Hanns Beklin von Sultzberg
& seine Frau Ursalen, das Hus & Hofstatt genant zem
vorden bikel, an der nüwen gassen, underthalb dem
Fischmerkt, als man zer ellenden Herberg uffhin gab
zwüschen blauen Sternen ze einer, ư zem roten swert
zer andern siten gelegen ist, zinst voneig. 12sh. dem
Spital 8sh. zu s. Claren 6 sh. zen Clingental 3 1/2sh. zus Peter
sodan 2 ℔ 2sh. widerk zu s. Martin, sonstfrei, um 10 fl.",https://files.transkribus.eu/Get?id=CQJQSSNFUEZBDMWWJQOMNQAB&fileType=view,Clingental ,Clingental ,0.855054497718811,rel,Kloster Klingental,1.0,False
HGB_1_146_023,Petersberg 9,2611149.8076952915,1267652.727052408,7606dd82-3b76-4e2f-9689-8335def304af_20240705,27,1479,"Ulrich Meiger Wirt zem schiff & seine Frau Margret
Loffenberg, verkaufen an Hans Scklin hindersess zu Basel
& seine Frau Ursalen, das Hus & Hofstatt genant zem
Petersberg vordern bikel, underthalb dem Fischmerkt, an der
nuwen gassen am Sprung als men zer ellenden Herberg
uffhin gat, zwüschen dem Hus zem roten swert ze einer
ư zem blowen Sternen zer andern siten gelegen ist, zinset
von eig. dem Spital & den frauen zu s. Claren 2 ℔.
1/2 ℔ Pfeffer ze wisung, ư 5 sh erschatz, des hört s. Claren
14sh. 4 lot pfeffen, sodan dem Spital 12sh. an 2 dn. & Blot
pfeffer, & horent aber die übrigen 7sh. den herren der Stift
s. Peter, fruo sol man geben 6sh. zu Clingental & dan 2fl.
gelts widerk zu s. Martin, dagegen sollent och die herren zu
Martin Inhabern des Huses 4sh berus geben, sonstfrei,
um 10 fl.
fertigungbuch pag. 366.",https://files.transkribus.eu/Get?id=YIPQZTECDMOFNTJPHBLJTGXP&fileType=view,Clingental ,Clingental ,0.6407814025878906,rel,Kloster Klingental,1.0,False
HGB_1_146_023,Petersberg 9,2611149.8076952915,1267652.727052408,9630a55c-ddce-46f0-9025-1f1735ad312a_20240705,28,1483,"Custa Seiger der Kübler & seine Frau Margret,
verkaufen an Peter Scherrer den Küffer & seine Frau Ennelin
das Hus & Hofstatt genant zem vordern bikel, underthalb
dem feschmerkt an der uwen gassen, zwüschen dem Hus
zem roten Swert ze einer, ư zem blauen sternen zer andern
siten gelegen ist, zinset voneig dem Spital & den frauen
zu s. Claren 2 ℔ 1/2 ℔ Pfeffer wysung & 3 sh erschatz
des hort den frauen zu s. Clara 14sh. 2 dm & 4 lot Pfeffer
sodan dem Spital 19sh. wi 2 dn u. Blot Pfeffer, & horent die
übrigen 7sh. den herren s. Peter, fürer solman geben 6sh.
dem Clingenthal, u dan 2fl. zu s. Martin,
um 14 ℔.",https://files.transkribus.eu/Get?id=WKPERDWCJERNCRKAXMNKVFFO&fileType=view,dem Clingenthal ,Clingenthal ,0.9182880818843842,rel,Kloster Klingental,1.0,False
HGB_1_146_031,Petersberg 19,2611131.423548036,1267679.789986291,57778d04-c9e4-466a-bd51-37e98f6895dc_20240705,13,1420,"Rudin von Winterthur der Kürssener und Ennelin sin
Enurtin cives Basilienses verkaufen Meister Henslin
Müler von Stettstatt, Burgern ze Basel, ein Orthuss, ge¬
legen ze Basel in der Statt in der Nüwen Gassen an
Cuntzlins Jungers des Schniders Huss und stosset hinder
an die Stuben zem Brunnen, ist Erb von dem Closters
ze Clingental, dem jerlichen davon gangent 1 ℔. gew.
Basler Zinspfenige von der Eygenschaft ze Zinse und
2 Ring Brotes ze Wysung und 2 sh. ze Erschatz pro
summa 74 flor.",https://files.transkribus.eu/Get?id=KIZSXSCKYOLRPFYLBSQSKAXA&fileType=view,dem Closters ze Clingental ,Closters ze Clingental ,0.9965705424547195,rel,Kloster Klingental,1.0,False
HGB_1_146_031,Petersberg 19,2611131.423548036,1267679.789986291,38ec7b20-87fa-4899-8771-05cdb666ea50_20240705,14,1423,"Meister Hans von Schlettstatt der maler bz ze
Basel u. Katherin sin ehlfrow.
verkaufen an
Hugen Biedertan dem Vischer, daz Orthus u. hofstatt
gelegen in der nuwen gassen, als man vom Vischmergkt
hünf ze Münchs hof gert an Cuntzhus Jungen des
Schmiders hus u. stosset hinderzu der den herren stuben
zem Brunnen, so ewanthin gessempt sol werden
zu Merkatzen, ư erb ist von den frowen von Clingental
etz um 79 fl.
denen darab gand 1 ℔
fertigungsbuch pg 256.
2ring brot wisung u. 2sh. erschatz",https://files.transkribus.eu/Get?id=YSZLRLAEZOWFEYFMUMFRAXBF&fileType=view,den frowen von Clingental ,frowen von Clingental ,0.9869013428688049,rel,Kloster Klingental,1.0,False
HGB_1_146_031,Petersberg 19,2611131.423548036,1267679.789986291,b74cb635-4257-404b-8b48-21f7c3ee9aec_20240705,15,1458,"dis ist gevertiget anno ltz uf Mentag nach Ephan ni.
Pauli Biedertal der sattler u. Peter Reynbolt der gerber¬
bergern zu Colmar verkaufen an Ulrichen Wille den murer
das Orthus & Hofstatt, genant zer Merkatzen, gelegen
in der nüwengassen als man von dem Vischemerckt zu
Münchshoff oder der Ellenden Herberg uffhin gat, newendt
dem Huse genant zem Widbon, u. stosset hinder uf der
herren stube genant zem Brunnen, ist erbe vom Closter
Clingental denen man jährl. voneig. 1 ℔, 2ring brot ze wisung
u 2sh erschatz, sonstfrei um 25 fl.",https://files.transkribus.eu/Get?id=LIRCPZPJLLIATQYTOFFOIHVR&fileType=view,vom Closter Clingental ,Closter Clingental ,0.8910607298215231,rel,Kloster Klingental,1.0,False
HGB_1_146_031,Petersberg 19,2611131.423548036,1267679.789986291,ecff405e-7d2b-43b6-ba3c-ff67578a3071_20240705,17,1476,"Agnes pfowenswenzin wyl. Ludwig Glaser des Malers
sel Wwe. verkaufen an Conrat brauez von bebrach dem
Brotbecken & seine Frau Adelheiten des Hus & Hofstatt
genant zer Merkatzen am Sprung als man von Visch¬
merkt zer ellenden Herberg uffhin gat, zwüschen dem
husern zer Widen ze einer u. Heinrich Meders Hus zer
andern siten, zinst 10sh. zu Clingental, sonstfrei,
um 45 fl.
daran hat der Käufer geben 15 fl. die übrigen 30fl.
sol er bezalen all jor 3fl.",https://files.transkribus.eu/Get?id=KMMGUTGLRGCZGAIYJHMTZCCW&fileType=view,Clingental ,Clingental ,0.9865738749504089,rel,Kloster Klingental,1.0,False
HGB_1_146_031,Petersberg 19,2611131.423548036,1267679.789986291,19e1bd87-636d-4045-8585-8c416da82eab_20240705,20,1493,"Jacob Ludmeiger von stafflangen by Bybrach gelegen
ư seine Frau Elsbetha Brentzin, als Erben wil Conratt
Brantzen des Lebkuchers, verkaufen an Hannsen,
Heintzman den Brotbecken das Hus & Hofstatt genant
zer Merkatzen, an der nüwen Strass, vor dem Hus Bibrach
am unten Egk gelegen ist.
zinst von eig. 10sh. und
Clingental, 1sh. zeisung u. 2ring Brot ze erschatz, 2ring Brot
ze wisung, ư 1 sh erschatz,
um 62 fl.",https://files.transkribus.eu/Get?id=WXQUHMLGAKCQNALIYOVPWJHT&fileType=view,Clingental ,Clingental ,0.9337688684463501,rel,Kloster Klingental,1.0,False
HGB_1_146_062,Petersberg 38,2611148.4239877234,1267707.7448359574,4332c941-afc5-4cf1-91c3-6a623c33b2c5_20240705,18,1418,"Enneli verordnete Peter Wesseli irem Emanue
item daz huse zem kleinen Kelle uff Gundoltzbrunnen
mit zugehörde, zinset den frowen von Klingenthal 3 ℔ zinse
und 2 hüner von der eigenschaft.",https://files.transkribus.eu/Get?id=FACFFNDDBTBAIGONQQOZJLOI&fileType=view,den frowen von Klingenthal ,frowen von Klingenthal ,0.9837751388549805,rel,Kloster Klingental,0.9918367404334514,False
HGB_1_146_062,Petersberg 38,2611148.4239877234,1267707.7448359574,6cc00a9c-d29a-4a37-9084-2088305eaf42_20240705,20,1473,"Frow Margret Howenstein und Ulrich Meltinger
iren bruder ahvogt, verkauft an Hans Ludwig von
intertur, ein Hus & Hofstatt mit der prifeten u.
u. dem gang darhinder, ob Gundoldbrunnen, ist ein
orthus, stosst hinden u. vor an der armen lüten hus zu
s. Jacob an der Birs, genant zem clemen Keller
zinset voneig. zu Clingental 30sh. u. huner, ze wisung
u. 5 sh erschatz, sonstfrei, um 26 fl.",https://files.transkribus.eu/Get?id=QHNMQUJOTHUBKPIENDUOCGEI&fileType=view,Clingental ,Clingental ,0.8256029486656189,rel,Kloster Klingental,1.0,False
HGB_1_146_062,Petersberg 38,2611148.4239877234,1267707.7448359574,2f358bbb-347b-4d63-b8ac-8aa6f5d82f25_20240705,21,1484,"Ulrich von Wolffishein der statt gesworner koffler ver¬
kauft an Gredanna Lierysin, hindersessin zu Basel,
das Hus & Hofstatt, mit dem gang der prifeten, genant
zem clemen Keller, by Gundelegbrunnen am ck oder ort
gelegen ist, stosst zu beiden ortten an der armen listlin
zu s. Jacobs an der Birs huseren, zinset jährl. voneig. 30sh.
zu Clingental, 2 Huner ze wisung, u. 5 sh verschatz
sonstfrei, sum 50 ℔.",https://files.transkribus.eu/Get?id=KHJEHYOBOAVQPVGDNGCJPWYO&fileType=view,Clingental ,Clingental ,0.7614346742630005,rel,Kloster Klingental,1.0,False
HGB_1_146_062,Petersberg 38,2611148.4239877234,1267707.7448359574,de63dc72-6a13-4d8b-ae8d-1bd1a1a73ca4_20240705,22,1484,"Gredanna Zierysin hindersessin zu Basel, verkauft
an Ulrich Wolffisser den geswornen Hoffler, 2 ℔ gelts ab
jrem Hus ob Gundelezbrumen an ek gelegen, u. genant
ist zem clemen Keller, stosst beider siten an der armen lüten
zu sant Jacob an der Bus huseren, zinset vormals von eig.
30sh. zu Clingental, 2 huner wysung, u. 5 sh erschatz, sonst
frei, sum 40 ℔ widerk.",https://files.transkribus.eu/Get?id=DITGRSERWSDSHBIWLKFJGOZS&fileType=view,Clingental ,Clingental ,0.8912612795829773,rel,Kloster Klingental,1.0,False
HGB_1_146_062,Petersberg 38,2611148.4239877234,1267707.7448359574,d3c1aa01-0915-4f59-be69-f21e06620484_20240705,31,1509,"Wiehelm Dietzschy der Schnyder u. seine Frau Margreth,
verkaufen an Frau Veronica Harderin der weygerin, jnnern
zu Basel, das Hus & Hofstatt by Gundoltzbumen gelegen
u. zum cleinen Keller genant ist, zinst jährl zu Clingental
30 sh. u. huner ze wysung von eig. u. Tsh erschatz,
u. willigt der prenr. ein, um 15 ℔.",https://files.transkribus.eu/Get?id=KOECBFKYOPWAFROTXTBXVLMO&fileType=view,Clingental ,Clingental ,0.9402157664299011,rel,Kloster Klingental,1.0,False
HGB_1_190_010,Schwanengasse Theil von 3 neben 5,2611197.372590263,1267691.4539988274,f2f793cc-e0c5-4eb6-bee8-323cd0afb006_20240705,14,1463,"Hanns Winderlich der Ambrosser & Erhart Winder
lich sein Vatter verkaufen an Hansen Kingel und seine
Frau Gredlin secken den halben Teil des huses
und hofstatt genant zum Kolben, ze nechst an dem
Stalle genant zem Engel gelegen uf einer und zer ander
site an der Britten als sehunt derselb Stall ge¬
Feilt ist, zinset jährl. von Eig. an die Stift uf Burg
1/2 Som ros Wus, sodan 3 fl. Gelts zu Clingental
Sodan den Bredigern 5 fl. widerk. mit 100 fl. und den
Herren S. Peter 1 fl. widerk. mit 20 fl. sonst frei, nebst
einer andern Liegenschaft, um 700 fl.",https://files.transkribus.eu/Get?id=NKDVNVRYSKXTZGWQXCKIGGIA&fileType=view,Clingental ,Clingental ,0.6994162201881409,rel,Kloster Klingental,1.0,False
HGB_1_190_010,Schwanengasse Theil von 3 neben 5,2611197.372590263,1267691.4539988274,2b96dfeb-89b6-49e7-a07f-b80f5c5397da_20240705,17,1477,"Fridlin Graff, Schaffner zu Clingenthal hat umb versessenen
zins, Hugen zem Kolben Hus und Hofstatt, genannt zem
Kolben, ob den Saltzkasten, hinder der Herberg zem Blumen¬
gelegen, zinset den Frowen zu Clingental 1 ℔. 4 sh. eigenschaft
gefrönt.",https://files.transkribus.eu/Get?id=VMEINWXEDTEBSJBBEZFPYRSM&fileType=view,den Frowen zu Clingental ,Frowen zu Clingental ,0.9955045878887177,rel,Kloster Klingental,1.0,False
HGB_1_056_011,Fischmarkt 3,2611189.9138784097,1267613.2405086125,b6fd5b5b-7b22-4edb-b8f1-3918cc88fad3_20240705,20,1496,"Hanns Trelofe der Fischmacher, u. seine Frau Elsy, ver¬
kaufen an Ulrichen Woffferse den Koiffler, 1 ℔ gelts ab dem
Huse zum Risen, an dem Fischmart, zwüschen dem Risen¬
gesslin, u. dem Huse zum Tantz gelegen ist, zinst zu
Clingenthal 5 fl. u. Ulrichen Wolffer auch 5 fl alles widerk.
cum gra recemptl.
Kaufsumme fehlt.)
fertigungsbuch 34.",https://files.transkribus.eu/Get?id=VXEYORTTRVRYGXLOKQQIOLHE&fileType=view,Clingenthal ,Clingenthal ,0.9823440313339233,rel,Kloster Klingental,1.0,False
HGB_1_056_038,"Fischmarkt Theil von 8, Ecke",2611159.691598237,1267602.1683765328,d60bdb6d-49f6-47d1-86f4-8b0af544c671_20240705,20,1490,"Bernhart Zullin der Kübler, ư seine Frau Ennelin,
verkaufen an Hannsen Stechelin dem gwandtman,
die 3 fl. ư 3sh. 10 dn. so der bemelt Bernhart uff den
10 fl gelts, mit jrem Hptg., sodenn geslagen sind uff die
Huser u Hofstatt nemb das Hus zu der alten müntz
am Fischmartt am Egk, gegen dem Hus zum Fichs über
gelegen, darab 6 1/2 fl gand, sodenn dem Huss Herberg genant
Krosen Herberg in der mindern statt Basel gelegen
darab die übrigen 3 1/2 fl. gand, gehept hand hinder den
frauen zu Clingental, als zu gemeinen handen ligendist
um 63 fl ư 20 dem",https://files.transkribus.eu/Get?id=GQIZQWNOUAHKHFWRQLLLGIDM&fileType=view,den frauen zu Clingental ,frauen zu Clingental ,0.9901943355798721,rel,Kloster Klingental,1.0,False
HGB_1_161_010,Rheinsprung 1,2611299.537333324,1267637.328933199,27b75898-2dda-4a94-8741-9116c8b65f4a_20240705,12,1470,"Werlin Meylin & seine Frau Ursal als Hpverk. sodan
Heinrich Gügelin Caplan der Hohen Stift uf Burg &
Burkhart Gügelin gebruder, als Mitverk. verkaufen
an Heinrich Meyglin iren bruder swager etc. & seine Frau
Anna, 1fl gelts, ab jrer Herberg hinder & vor¬
genant obern Rinow oder zer Sunnen, bei der Rynbruken
gelegen, ist ein orthus zer linken hand als man zu dem
Augustinern ufflin gat, stosst mit sich an midern
Rinow de Claus Korp der schnider misitzt ư oberthalb
an Frowenberg des schlossers hus, zinst vormals 8 fl.
zu Clingenthal widerk mit 160 fl. 4 fl zu s. Martin.
widerk mit 80 fl. 2fl. Hans Zschekaburlin widerk mit 40 fl.
& 1 1/2 fl. der Qotidian uf Burg, widerk mit 30 fl. unst frei.
sum 300 fl widerk.",https://files.transkribus.eu/Get?id=YXYQKUGPYSEMURJQKKKVZHNL&fileType=view,Clingenthal ,Clingenthal ,0.9403965473175049,rel,Kloster Klingental,1.0,False
HGB_1_161_010,Rheinsprung 1,2611299.537333324,1267637.328933199,2fc80acc-dd18-4a13-9c80-dd815a271547_20240705,26,1517,"Adam Keller de Wirt zu Somen, u. seine Frau Margreth,
verkauft an Niclaus Angebrot den goldschmid, u. seine Frau En
das Hus u. Hofstatt by der Rynpugk am Eck, am Hus under
Rinow, u. von alter har obern Rinow aber gie zyt ein Herperg
gwesen, u. um zur Sonnen genant ist, stost ob sich gegen dem
Collegis, an her Benedict Meyers sebhus, zinst u abl. gülten dem
Clingenthal 8 fl. den Carthusern 2 fl. der Quotidian uf Burg 1 1/2 fl.
u. den herren & Marti 5 fl sonstfrei, sum 170 fl.",https://files.transkribus.eu/Get?id=JVQJFYGAUBXIZPKSHYIRAIHC&fileType=view,dem Clingenthal ,Clingenthal ,0.9692797958850861,rel,Kloster Klingental,1.0,False
HGB_1_161_035,Rheinsprung 14,2611326.094567762,1267584.9967148453,20bf2515-44c8-4856-bff4-59c59f228a24_20240705,"13, 14",1423,"Gend ze kaufen Heuman Bratteler, Schultheis
ze Basel, sodan Hans Schaltenbrand mit Ludwig
Rütlinger dem Sider, Frow Clerlin Rosseggen
Rudolfs zem Luff Ewirtin u. a. i. an Mathys
Sebasel Schulerin, Caplan der Altar u. l. fr.
Gergan
do der hl. 3 Kunig, dem man spricht S. Gegen Altar
in der Kirchen zu S. Martin, die zwei huses mit dem
höflin an dem Sprung by S. Martin Kyschen an
dem Ort und man nampt zer alten Bramen, hinder
das ans nebent S. Martin Brunnen nebent dem hus
Gloggenberg, sodenne daz ander daran und Stosset
an die midren Gassen gegen der Zybollen hus über,
ze einersiten nebent Schöneggers hus daz etwan Wat
Classen von huntbach, ist Erb von den Frowen ze Cli¬
gental denen darab gat 1 ℔ 8 ß, 2 Ring Brot Wisen [sep] u. 10ß Erschatz, u. dem Gant ab der Erbschaft
den herren von S. Lienh. 15ß. w. einem Lutpriester
S. Martin 1ß von u Selgeret wegen, um 120 fl.
Fertigungsbuch pag. 332
p. 329. andree ausfertigung mit",https://files.transkribus.eu/Get?id=LQKKFDZNTNCZDPKORAIUMTLU&fileType=view | https://files.transkribus.eu/Get?id=HSSOHYDTUYQBGWJMXMQYMASU&fileType=view,den Frowen ze Cli ¬ gental ,Frowen ze Cli ¬ gental ,0.9922474026679993,rel,Kloster Klingental,0.9880561817238099,False
HGB_1_204_038,"Stadthausgasse Theil von 2, am Birsig",2611196.739533496,1267567.5146212203,46823466-ffeb-4215-9b7e-ae636fe057e6_20240705,36,1527,"Mergelin, wyl. Josen Ballers des sischmachers sel. Dochter,
verkauft an Steffan Suracher den schuchmacher u. seine Frau
Anna, das Hus u. Hofstatt uff der Nuwenbruckh, uff dem Firsich,
ein syt am ort gegen den herren stub zum Sunfftzen über¬
u. andersyt am hus liechtenstein gelegen, u. Roseneck genant
ist, zinset von eig. u. seelgrechts wegen s. Johans Bruderschaft
uff Burg 10 sh. 1 sh. gen sant Martin, 1 ℔ 8 sh. dem Spital¬
sodan den Carthuserherren 1 fl. ist abl. u. den Frauen zu Clingenthal
1fl. ist auch abl. sonst frei, um 73 fl.",https://files.transkribus.eu/Get?id=MAVPMKCRQJFXFATYNDSHRCNH&fileType=view,den Frauen zu Clingenthal ,Frauen zu Clingenthal ,0.9935353398323059,rel,Kloster Klingental,1.0,False
HGB_1_204_038,"Stadthausgasse Theil von 2, am Birsig",2611196.739533496,1267567.5146212203,70614080-617c-4fce-9cfe-4f941b330760_20240705,37,1527,"Steffan Suracher der Schuchmacher, u. seine Frau Anna,
verkaufen an Mergelin, Josen Hallers des thischmachers sel. Dochter
2 1/2 ℔ jährl zinses, ab jrem Hus u. hofstatt uff der nüwen pruckh,
uff dem pirsich, einsydt am ort gegen der herren stuben.
zum Fünfftzen über, und andersyt am Hus Liechtenstein gelegen,
u. Roseneck genant ist, zinset von eig. u. scelgerecht wegen
s. Johanns bruderschaft uf Burg 10 sh. 1 sh. gen s. Martin, 1 ℔ 8sh.
dem Spital, sodan der Carthuser herren 1 fl. ist abl. u. der
frauen zu Clingenthal auch 1 fl., sonst frei, um 50 ℔.",https://files.transkribus.eu/Get?id=POFYDGQCZNPAYJBDTMFGEEBR&fileType=view,der frauen zu Clingenthal ,frauen zu Clingenthal ,0.992097944021225,rel,Kloster Klingental,1.0,False
HGB_1_204_041,"Stadthausgasse Theil von 2, neben Eisengasse 38",2611196.739533496,1267567.5146212203,4e0e7b14-77f7-471c-936c-20f448f1835f_20240705,16,1480,"Martin Zwig & Hanns Zwiglin gebruder von Habichs¬
ein Joss Guchslin von Altkilch & Hein Martin von Schlierbach
beidals Vogt Berbelin & Ennelin ir el Husfrauen, ver¬
kaufen an Amolt von Kleberg Bgr. zu Basel, & seine Frau
Kathrina, das halb Hus Liechtenstein, uff Yengassen
zwüschen dem Hus Reichstein ze einer, u. dem andern halben Hus
genant Liechtenstein zer andern siten, zinset voneig 1 ℔ 3sh.
dem Spital u. 4 1/2 dn der Lütkilchen s. Martin, ư 2fl gelts
zu Clingental & Ulrich Meltinger sint widerk. sonst
frei, sum 44 fl.",https://files.transkribus.eu/Get?id=DHXFJZIQZEMAAGENZIEKLBWX&fileType=view,Clingental ,Clingental ,0.8806846737861633,rel,Kloster Klingental,1.0,False
HGB_1_204_041,"Stadthausgasse Theil von 2, neben Eisengasse 38",2611196.739533496,1267567.5146212203,7fdb6395-a43d-401c-81b1-fd3223603f94_20240705,17,1480,"Hanns Cleberg der schnider hindersess zu Basel, & seine
Frau Kungolt, verkaufen an Heinrich Burgiss den
messersmid & seine Frau Ennelin Schmäglin, 2fl gelts ab
dem halben hus Liechtenstein uff Yssingassen, zwüschen dem
J Hus Rechstein ze einer u. dem andern halben hus och genant
Liechtenstein zer andern siten gelegen ist, zinst vonet 1 ℔ 3sh.
dem Spital, 4 1/2 stebler der Lütkilchen s. Martin, aber 1 fl.
dem Clingental & 1 fl. Ulrich Meltinger, sint widerk. sonstfrei
sum 40 fl widerk.",https://files.transkribus.eu/Get?id=ETFPUATLFHJIJKWFOZMWSOWK&fileType=view,dem Clingental ,Clingental ,0.9371746480464935,rel,Kloster Klingental,1.0,False
HGB_1_204_041,"Stadthausgasse Theil von 2, neben Eisengasse 38",2611196.739533496,1267567.5146212203,dd04217b-05d8-403b-ab8c-49951ad3b9db_20240705,20,1487,"Heinrich Burgiss der messersmid u seine Frau Enneli
verkaufen an Ulrich Hafenmeiger den schuhmacher,
ư seine Frau Elsin, das Hus & Hofstatt genant
Liechtenstein, uff der Nuwenbrucken, zwuschen Herman
Sydinstikers hus ze einer, ư Heinrich Wyfliss hus zer
andern siten gelegen, ist mit dem gemeinen Jugang der
da zinset 9 dn der Qotidian zu s. Martin, da gyt des Hus
das halb u. Wysslis hus das ander halbteil, ư zinset von
eig. 1 fl. dem Spital, Ulrich Meltinger 1 fl. dem Clingental
1 fl. ư zuletst 2fl Heinrich Burgis dem Verkäufer,
sind all widerk u. genomen die eig. sonstfrei, sum 20 fl.",https://files.transkribus.eu/Get?id=JMDEQMOFLIIHTHOCSDHKZDCV&fileType=view,dem Clingental ,Clingental ,0.9437076449394226,rel,Kloster Klingental,1.0,False
HGB_1_204_041,"Stadthausgasse Theil von 2, neben Eisengasse 38",2611196.739533496,1267567.5146212203,c41f8a13-3a15-4a7e-99c8-6c916c1be76e_20240705,33,1518,"Lorenz Süller der Schuchmacher, u. seine Frau Anna, verkaufen
an Christiana wyl. Heinrich Burgis des messerschmids sel. Dochter,
2fl jährl zinses ab jrem Hus u. Hofstatt by der nuwen Burgk.
zwüschen dem andern der Verkäufern u. Hansen Dinsten des treyers
hüsern glegen, u. Liechtenstein genant ist, zinset dis u. das ander
der Verkäufer hus von eig. den herren s. Marti dn. sodan zinst das
Hus Liechtenstein jnsenders von eig. 1 fl. dem Spital desgl. Adelbeg Salz,
man 1 fl. u. den frauen zu Clingental 1 fl. u. sind beid zins abl.
sonst frei, sum 40 fl widerk.",https://files.transkribus.eu/Get?id=XTTXGVAOBWCXVSUIIMDYBDIE&fileType=view,den frauen zu Clingental ,frauen zu Clingental ,0.9938778281211853,rel,Kloster Klingental,1.0,False
HGB_1_204_052,"Stadthausgasse Theil von 10, neben 4, 6, 8",2611158.032537264,1267567.1301278532,7a56dc86-c153-49c8-b5ed-fbb8b33e58c7_20240705,"3, 4",1411,"Schultheissenurkunde
Frow Grede Fricklin, Wwe, B. zu B, so wilent Swe
Ster waz Jacob Fricklis des Wechselers sel. and
wilent eliche Frowe Hansen von Winterthur, B. v.
vergabt an S. Peter 6 gl. gelts jerl., so da gebent
Heintzman Rise von wissenburg der Sporer und
Anne sin elich Frowe von der Erbschaft des huses
zum nidern blawen Briefe und aber dem vierten
seit dz huses zem obern blawen Brief, so ettweine
eim huse und hofstatt warent und man vor Ziten
nannte zum Da Briefe, gelegen aneinander als man
gat wider den Fischmerckt, zwischen dem huse zer
Tannen und der Trinkstube zum Sieffzen und ire
Eigenschaft Zugehört dem Closter ze Clingental und Son
derlich Frow Sanathen von Mörsperg einer Cons [sep] ventfrowen daselbst, das man geben sol 8 ℔ von
der Eig. 2 Ringe ze wisung und 5ß ze Erschatz
und aber daz halbe huse zum nidern blawen
Briefe und daz vierterl dez huses zum obern
blawen Briefe die zem Ehegatten von Frow Greden
ze einem Erbe empfangen haben um obigen Zins
von 6 fl. und wisung und Erschatz.",https://files.transkribus.eu/Get?id=NFSQQPUXSPXPHGLAMETFLLXE&fileType=view | https://files.transkribus.eu/Get?id=IWYLUCPORBMUYWVEJAYRHADH&fileType=view,dem Closter ze Clingental ,Closter ze Clingental ,0.9966117590665817,rel,Kloster Klingental,1.0,False
HGB_1_204_052,"Stadthausgasse Theil von 10, neben 4, 6, 8",2611158.032537264,1267567.1301278532,512d445d-ccaf-4e89-acbe-5ff1754b658f_20240705,"6, 7",1412,"Item git ze koffende Conr. von Utingen Herre
Volmars von Utingen sin, Heintz Riffen
dem sporer et Annen eig uxori die drie teil
und alle die reht so die selben Conrt und
herren Vollmar hant an dem huse zem (darüber
steht: obern blawen Brief gelegen in der
stat Basel an der trinck stuben zem Suftzen
(ndentlich) und an demme huse zem nidern
blawen Br. so der obge köffer ist und der
vierteil dez obgl huses am Sunftzen vormals
der obge köffer ist und die obgl drige und der
vierde teil und daz ander huse so der obge
koffer ist über und über erbe ist von den
frowen ze Klingental git man 4 ℔ utweders
huß zins d jerlich glich get zen 4 fronvasten
anat ze zinse 1ring wiß Martini 3ß ze [sep] erschatz pro 80 guldin.",https://files.transkribus.eu/Get?id=QFSZOFVLXRWPZHBHONBKSHME&fileType=view | https://files.transkribus.eu/Get?id=ZXHRANKWWJSDHEUMVOJGTBDW&fileType=view,den frowen ze Klingental ,frowen ze Klingental ,0.9378299415111542,rel,Kloster Klingental,1.0,False
HGB_1_204_052,"Stadthausgasse Theil von 10, neben 4, 6, 8",2611158.032537264,1267567.1301278532,7384319a-44ca-4f23-ae8f-3dad3a18f627_20240705,8,1413,"Item do gend ze kouffende Hanns Halbgewiesen
der seiler burger et Elsina eins uxor, Thoman
Brand sutor mise Basel 5 gut geltz zinses uff
und ab dem huse genant zem obren blawen Brie¬
fe gelegen ze Basel in der statt zwüschent den
herren stuben zem Sufftzen und zem andren blaue
Briefe ist erbe von den frowen von Klingental
pro 4 ℔ gewonlicher zinsph mit wisunge
und erschatz so darzu geh pro 75 fl.",https://files.transkribus.eu/Get?id=LLTRWNFIRYATMRDTHQPIYUSK&fileType=view,den frowen von Klingental ,frowen von Klingental ,0.9768725782632828,rel,Kloster Klingental,1.0,False
HGB_1_204_052,"Stadthausgasse Theil von 10, neben 4, 6, 8",2611158.032537264,1267567.1301278532,f20b9180-7d58-4f75-a3dc-82b000ed933c_20240705,9,1417,"Item do gab ze kouffende Thoman Brand
et Katherina eig uxor Erlin Schönman
der harnescher burger ze Basel und Ursellen
siner efrowen das huse und hofstatt vor und
hinden mit sinen f genant zem obren
blawen Briefe gelegen ze Basel in der statt
zwüschent der herren trinckstuben zem
Sunfftzen und zem nideren blawen Briefe
ist erbe von den frowen von Klingental
denen da von gehörent 4 ℔ zinsph angab
ein ring brottes Martini ze wiß und 22ß
zinsph ze ersch, item so denne gehörent
von dem selben huse der brudersch (Lücke)
pro scent flor.",https://files.transkribus.eu/Get?id=UTEERPBYBJBIAKFSVTRJBFTL&fileType=view,den frowen von Klingental ,frowen von Klingental ,0.988160029053688,rel,Kloster Klingental,1.0,False
HGB_1_204_052,"Stadthausgasse Theil von 10, neben 4, 6, 8",2611158.032537264,1267567.1301278532,683f0d28-d567-4464-b01a-e77a3864d16a_20240705,10,1417,"Item do gabent ze kouffende Gyly Schonman
der harnescher und Ursell sin efrow, Peter
Gessler den man nempt Lostorff burger
ze minren Basel der ouch von innen in ma
men Greden siner efrowen kf 6 gulden geltz
ze gebende jert uff Michahel. uff und (sic)
dem huse zem obren blawen Briefe ist
erbe von den frowen von Klingental gnab
tedmit 4 ℔ denar cenß ein ring Martz et
2 1/2 ß, item de et sup domo zem hindern
Stiff in der Spiegelgassen ze neben Bappen,
fels gelegen ist erbe von der cottidiane chori
eine Baß ein tedut 1 ℔ zins ph pro
summa cento flor.",https://files.transkribus.eu/Get?id=JGDENMPYKMNBALWQPDICIBWT&fileType=view,den frowen von Klingental ,frowen von Klingental ,0.9269260764122009,rel,Kloster Klingental,1.0,False
HGB_1_204_053,"Stadthausgasse Theil von 10, neben 12/171",2611158.032537264,1267567.1301278532,a41390a0-e467-490d-a989-88b4a1bdf555_20240705,"6, 7",1411,"Schultheissen Urkunde.
Frow Grede Fucklin ein Witwe Burgerin ze Basel, so
wilent Swester waz Jacob Fricklis des Wechslers sel. Burger
ze Basel und wilent eliche Frowe Hansen von Winterthur
Burgers von Basel vergabt der Stifte ze sant Peter ze Basel
6 Guldin Gelts jerliches Zinses, so da gebent Heintzman
Riffe von Wissenburg der Sporer Burger ze Basel, und Anne
sin eliche Frowe uff und von der Erbschafft dez Huses und
Hoffstat, so man nemet zem nidern blawen Briefe und uff
und abe dem Viertenteil des Huses ze obern blawen Brief, so
etwenne ein Huse und Hoffstat warent und man vor Siten
namette zem Briefe, und gelegen sint aneinander ze Basel in
der Statt als man gat wider den Fischmerckt, zwüschent dem
Huse zer Tannen und der Trinckstube, so man nemet zem
Sifftzen und ire Eigenschaft zugehört dem Closter ze Clingental [sep] und sunderlich Frow Sanathen von Mörsperg einer Covent.
frowen dez selben Closters, dere man geben soll 8 ℔ vonder
Eigenschaft ze Zinse, 2 Ringer ze Wisung und 5 sh. ze Erschatz,
und aber daz halbe Huse zem nidern blawen Briefe und daz
Vierteil dez Huses zem obern blawen Briefe die gen Ehe¬
gatten von Fraw Greden ze einem Erbe empfangen haben.
um obigen Zins von 6 fl. mit Wisung und Erschatz.",https://files.transkribus.eu/Get?id=MRDEDQNYAIJCNFAMIUQMFJXP&fileType=view | https://files.transkribus.eu/Get?id=VXJCBNWIBTZHOUNBXUYCKMSQ&fileType=view,dem Closter ze Clingental ,Closter ze Clingental ,0.9981876015663147,rel,Kloster Klingental,1.0,False
HGB_1_204_053,"Stadthausgasse Theil von 10, neben 12/171",2611158.032537264,1267567.1301278532,2bc79992-c6bd-4b6d-8446-e08639ac9cb5_20240705,9,1418,"do widmete heinrich Riff der Sporer et Agnesen
siner efrow sin hus und hofstatt genant zem medern
blauen briefe gelegen wider den vischmerkt zwüschen
zem obren blauen briefe und dem huse zer Sannen,
zinst den frowen von Clingenthal 4 ℔ zinsd und den
herrn von sant Peter 3 gulden.",https://files.transkribus.eu/Get?id=SQQOIYIGYSXWXEDNNUBQFSMV&fileType=view,den frowen von Clingenthal ,frowen von Clingenthal ,0.9878587275743484,rel,Kloster Klingental,1.0,False
HGB_1_204_056,Stadthausgasse 14,2611158.2164893234,1267575.6706013628,7be8103b-dbaf-4f86-aed0-ac89c679800c_20240705,24,1446,"Peter Rieher der gürtler u seine Frau Katherin,
verkaufen an Ulrich Eygen den schuchmacher 1 fl. gelts.
ab irem Hus & Hofstatt, by der herrenstüben zem
Fünfzen hinab gegen dem Vischmergkt, zwüschen den
husern Winterberg ư zer Thannen, zinset voneig. der Stift
s. Peter 2 ℔ u. 21 lot Theffer ze wisung, ư denne Andres
Ospermellen 2 fl. u denne Clingental 2 fl.
um 20 fl widerk.",https://files.transkribus.eu/Get?id=VNMTNDOWERUDYIDCQOBYPGZL&fileType=view,denne Clingental ,Clingental ,0.7384881973266602,rel,Kloster Klingental,1.0,False
HGB_1_204_056,Stadthausgasse 14,2611158.2164893234,1267575.6706013628,82c5ec09-71df-4dc8-9b90-674f00dbe814_20240705,27,1450,"git ze kaufen Mr Hans Karst der schnider, ư seine Frau
Ennelin, Caspar Schleher dem schnider, ư seine Frau Enneline,
daz Hus & Hofstatt genant zer Buchen, als es gelegen, als man
von der herrenstuben zem Sunftzen hinab an dem Vischmergt
gat, nebent dem Hus ze Wirtenberg ze einer siten, ư dem
Hus zer Thauen zer andern siten, zinst voneig. zu s. Peter 3℔.
u. 21 lot pheffer wisung, u. denne gat darab dem Clingental
2fb gelts widerk mit 30 fl. ư Andres Opermellen 2fl widerk mit
40 fl.
sum 4 fl.",https://files.transkribus.eu/Get?id=SYMASZBQLUKKUZURINQLHEDL&fileType=view,dem Clingental ,Clingental ,0.873335599899292,rel,Kloster Klingental,1.0,False
HGB_1_204_060,Stadthausgasse 22,2611159.3660699786,1267592.4276680811,8f492b04-2e08-4050-840f-5250eba91714_20240705,"18, 19",1417,"Item do gab ze kouffend Henman Spirer
und Agnese sin swester elich frowe Man
golt Ritters des schuchmachers, Jacoben Fryen
und Greden siner efrowen der egens Henman
und Agnesen swester ire zwenteile und
recht so sy hand an dem huse und hofstatt
gelegen wider den Vischmerkt zwüschent
dem huse und hofstatt gelegen wider den
Vischmerk zwüschent dem huse zer alten
Müntz und Peter Soders huse dasselb huse
die obge drü geswisterde von Ullr Sporrer selige
wilent irem vatter gerbet hand darumbe
der dritteile vorhin der egl Greden zugehöret
und ist erbe von den frowen von Clingen
tal denen da von ger sechsthalb ℔.
und 5ß zinßph angat und 5ß ze erß [sep] item und 1 ℔ zinsph den herren von sant
Lienh von der erbs, pro summa 80 flor",https://files.transkribus.eu/Get?id=WJUPMCUQKXMVFBXXJUDMWIOR&fileType=view | https://files.transkribus.eu/Get?id=YFKUMSXISSMUXLWTRWVFUSOT&fileType=view,den frowen von Clingen tal ,frowen von Clingen tal ,0.9825405836105346,rel,Kloster Klingental,0.9894191975160592,False
HGB_1_204_060,Stadthausgasse 22,2611159.3660699786,1267592.4276680811,39b081e6-1754-4321-9e18-a0c25b439bd8_20240705,20,1419,"item do gab Elsi sporerin von effemberg relicta
guondam Ulrii Sporer Bas. mit henni Sporer irem Sune
frow Agnesen ir Tochter eliche frowen Mangolt Ritters sutor,
primo iren dritten teile und recht Jres huses und hofstatt
an dem vischmerckt so man nempt Ravensperg zwüschen
Peter Soder und Hannsen Armbrosters hüsern, ist erbe über
und über von den geistlichen frowen ze Clingenthal denen
da von gangent 5 1/2 ℔ und 5ß zinset ang. und 5ß erschatz.",https://files.transkribus.eu/Get?id=YTPQJVEPZDMQTVVLDPIZHEKK&fileType=view,den geistlichen frowen ze Clingenthal ,geistlichen frowen ze Clingenthal ,0.9955631494522095,rel,Kloster Klingental,0.5610524273270119,False
HGB_1_204_060,Stadthausgasse 22,2611159.3660699786,1267592.4276680811,65327fba-c75c-42e8-b55a-a100a84e928d_20240705,22,1422,"Elsin wil. Ulr. Sporrers ewirtin, mit Henman
Sporrer irem sum u. vogt, git ze kaufen Ering
frygen dem sattler ư Grede se erger iren Sitten¬
teil an dem Huse Hofstatt ư gesesse genant.
Pavenspurg gelegen an dem Vischmergkt, zwüschen dem
husern zem guldinen Spornen ư griffenstein, ist
erb von dem Clingental et um 70 fl.
u. man geben sol 5 1/2 ℔ 5 sh. u. 5 sh erschatz
sodenne den heien s. Peter 1 ℔ fertigungsbuch pg 221.
von selgereten wegen",https://files.transkribus.eu/Get?id=UQXXYJMOGSUFNCZDTRRCABWW&fileType=view,dem Clingental ,Clingental ,0.9932090640068054,rel,Kloster Klingental,1.0,False
HGB_1_204_060,Stadthausgasse 22,2611159.3660699786,1267592.4276680811,bbe5dba3-aa48-4b4f-85d4-fc215d9e935f_20240705,23,1422,"gend ze kaufen erin Fryg der sattler u. Grede
sin ewirtin, Andres Ospernellen dem watman uvor
Osselin wil. Rutschman Gunterfeygers von Ulm bgr. ze
Basel el frowen, ư Gredlin jr kind,
3 fl gelts, ab
irem hus & hofstatt so man nemet Ravensper,
gelegen an Sischmarkt ze einersiten nebent dem Hus
genant zer alten Muntz ze eineristen u. Peter Soders
hus des Sporers zer andern siten, ist erb von dem frawen
ze Clingenthal er. u ab andern güter,
den darab gand 3 ℔ u 3sh.
sum 60 fl. widerk.
sodenne dem Stift s. Peter 10sh.
von selgeret wegen
fertigungsbuch pg 237.",https://files.transkribus.eu/Get?id=YVICMQBXIGRCZNAOPUYYFRRJ&fileType=view,dem frawen ze Clingenthal ,frawen ze Clingenthal ,0.9583361893892288,rel,Kloster Klingental,0.9807347110702141,False
HGB_1_176_008,Rümelinsplatz 1,2611218.6600621203,1267325.8788927363,674d31c1-8572-414f-842b-2f2a7942098a_20240705,21,1441,"gend ze kaufen Contz Zimberman müller von
Bruglingen u Hugnes sin ewirtin, als Hptschuldner
u Claus Wartenberg als Mitverkaufer, Hansen Endinger
dem Winleder dem jungern, 2fl. u. viezal genges
ư geneines Kernen geltes, ab der müli u. dem sesshus
hinder u. vor, genant Rümelis müli, gelegen gegen
der Badstuben ze Mülistein über, nebend dem Hus
Roggenberg, zunet voneig dem Clingental 1 vierzal Kernen
ư irenzal Roggen u. dezal Kernen Hansen Rieher,
sum 60 fl.",https://files.transkribus.eu/Get?id=FKWHOQVNQWIZWKKRSFFNLSLZ&fileType=view,dem Clingental ,Clingental ,0.9392901957035065,rel,Kloster Klingental,1.0,False
HGB_1_176_008,Rümelinsplatz 1,2611218.6600621203,1267325.8788927363,e6648109-a71d-4c64-b5a0-265001fede3e_20240705,22,1441,"Heinrich Stempffer der müller ze Rumelis mülin,
u. Veren ze Rumelis mülin sin ewirtin, verkaufen an
Contzman Zimberman den müller ze Bruglingen
die Mülin genant ze Rumelis mülin gelegen an dem
obern Birsich nebend dem Hus ze Roggenberg ze
einer siten u dem Hus zem swartzen Thurn zer andern siten
zinset voneig. ze Clingental 1 vierzal Kernen, u vienzal
Roggen u. hun, ư dem so gand ouch darab 2ienzal
Kernen Hansen Rieher, sonstfrei, sum 160 fl.",https://files.transkribus.eu/Get?id=NYAYMGCMYSHMDWHHTIUMQPFE&fileType=view,Clingental ,Clingental ,0.9325337409973145,rel,Kloster Klingental,1.0,False
HGB_1_176_008,Rümelinsplatz 1,2611218.6600621203,1267325.8788927363,ecbc744e-8429-4b8d-b8c5-83aab2a88de1_20240705,23,1441,"gend ze kaufen Contzman Zumberman der müller
ze Rumelis mülin, u. Hans sin sum als Hptverk. u.
Claus Wartenberg als mitverk. Jorgen Münchs.
2fl geltes, ab der genant Mülin genant Rumelis
mülin ab hus u. hof ư dem ganzen gesess, als es gelegen
ist an dem obern Birsich nebend dem Hus Roggenberg
zinset voneig ze Clingental Zienzal Kernen vienzal
Roggen ư hun, sodenne Hansen Rieher der schellenberginen
sim Lirenzal Mülinkorn, sum 40 fl.",https://files.transkribus.eu/Get?id=NSNKYHPJFONHFOBMPRJOMLPA&fileType=view,Clingental ,Clingental ,0.9461895227432251,rel,Kloster Klingental,1.0,False
HGB_1_176_008,Rümelinsplatz 1,2611218.6600621203,1267325.8788927363,4fa0f848-e54c-4784-a4bf-a9afb88ae6a7_20240705,24,1442,"gend ze kaufen Contzman Zinberman der müller ze
Rümelismülin, ư Ergin sin ewirtin, als Hptverk, Claus
Wartenberg als mitverk. an Ennelin von Hoonigen
einer frowen ze Basel, 5 fl gelts, ab des ersten
siner Mülin genant Rumelis mülin, ab hus u. hof,
als so gelegen ist, an dem obern Birsich, by Rumelins,
mühen, nebend dem Hus zem swartzen Thurn ze einer.
siten u dem Huse zem grünen schilt zer andern siten,
zinset voneig zu Clingenthal, zwo vierzal Kernen, u. 1 vie
Roggen, ư dem widen Stempffer zworheinzal
ư abanden guter, sum 100 fl widerk.",https://files.transkribus.eu/Get?id=HMAWBNQDZLEXPZJNKKYQUTXV&fileType=view,Clingenthal ,Clingenthal ,0.9618832468986511,rel,Kloster Klingental,1.0,False
HGB_1_176_008,Rümelinsplatz 1,2611218.6600621203,1267325.8788927363,636cd86a-90eb-46ef-b803-9cdf77ea2948_20240705,28,1455,"Heinrich Stempffer der müller u. seine Frau frena
verkaufen an Hannsen Lymerman auch einem Müller
ư seine Frau Grede die Müli genant Rumelis müli
als die gelegen ist under den gerbern am obern Birsich
einsit neben dem Huse genant zem swarzen Turn, u.
andersite nebent dem Huse genant Rogkenberg u. stosset
hinder us uf s. Lientsberg, zinset voneig. zu Clingental
Zemzal Roggen u. vienz Kernen u. huner, sodan
jährl Hanns Rieher dem Stempfer Zienzal Kernen, sonstfrei.
um 83fl.",https://files.transkribus.eu/Get?id=GSQQZDOUGEYVSSCAERPFCVVN&fileType=view,Clingental ,Clingental ,0.9391994476318359,rel,Kloster Klingental,1.0,False
HGB_1_176_008,Rümelinsplatz 1,2611218.6600621203,1267325.8788927363,e2bc2fe0-5f29-440e-bcef-bb619481f113_20240705,30,1455,"Schultheissen-Urkunde.
Hanns Zymmerman der Müller, Burger zu Basel
und Grede sin eliche Husfrow verpfänden Heinrich
Stempfer dem Müller, Burger zu Basel, und Verenen
Leichnet siner Efrowen für eine Schuld von 83 Gld. ir Müli,
genant Rümelins Müli, als die gelegen ist zu Basel
jünder den Gerbern am obern Birsich einsit nebent
dem Huse genant zem swartzen Fürn und andersit
neben dem Huse genant Rockenberg, und stosset hinder
uf sant Lienhartzberg, zinset von Eigenschaft wegen
dem Kloster Klingental 2 Viezal Rocken, 1 Viernzal
Kernen und 2 Hünre, Hansen Rieher dem Stempfer
2 Viernzal Kernen.",https://files.transkribus.eu/Get?id=KUHICCSQOYOTRRFAXQRDWYCW&fileType=view,dem Kloster Klingental ,Kloster Klingental ,0.9934840202331543,rel,Kloster Klingental,1.0,False
HGB_1_176_008,Rümelinsplatz 1,2611218.6600621203,1267325.8788927363,538baa3f-051d-4931-8c1d-3f68b7a445c7_20240705,33,1458,"Do gab ze kaufen Hanns Zymermann der müller, u. seine
Frau fren, an Burckarten Mügen auch einem müller
ư seine Frau Suselin, die Müli genant Rümelis müli
Rünchentpt hinder & vor, als die under den gerbern am obern Birsich
gelegen ist gegen der Badstuben ze Mülistein, an dem Hiese
genant zem swartzen turn uff ein u dem Huse genant
Roggkenberg esalin, ư stosset hindern uf s. Lienhartzberg
zinst jährl. voneig und Clingental Ziezal sogken,
ein vierzal Kernen u. hunre, ư dem auche sol man Hannsen
Rieher dem Kornschriber geben uf die fronfasten zu Herbst Wiernzal
Kernen
um 80 fl.",https://files.transkribus.eu/Get?id=JLHDEJQAKLCMCVIWYNVDHHMK&fileType=view,Clingental ,Clingental ,0.8167306780815125,rel,Kloster Klingental,1.0,False
HGB_1_176_008,Rümelinsplatz 1,2611218.6600621203,1267325.8788927363,d5449868-3aba-4976-bbe1-e12d5d279607_20240705,35,1460,"Do gab ze kaufen Tüselin wilent Burckart Mügen
sel des müllers ze Rümelis müli Wwe. verkauft an
Bliments Hannsen flachen den müller, ư seine Frau Barbalen, die
müli genant Rümelis müli mit Huse Hofstatt hinder u.
von, als die bey der Kuttelgassen am obern Birsich
gelegen ist, gegen der Badstuben über genant zem
Mülistein an dem Huse genant zem swartzen horn uf
einer u. andersite nebent dem Huse genant Rockenberg
u. stosset hinder us uff s. Lienhartzberg, zinset jährl. von
eig zu Clingental derzal rogken u. vrenzal Kernen
sodan 2 huner ze wisung u. 10sh erschatz, sodan sol man
Johannsen Riehers des Kornschribers sel. ewirtin zem zal Kernen
mit gegonnel abzelösende mit sovil Hptg. sonstfrei um
129 fl.",https://files.transkribus.eu/Get?id=EJBQXXSBIKTTHDUZKRJOUKAF&fileType=view,Clingental ,Clingental ,0.6984545588493347,rel,Kloster Klingental,1.0,False
HGB_1_176_008,Rümelinsplatz 1,2611218.6600621203,1267325.8788927363,00e164f4-8a94-49b6-8f24-391b70b88f78_20240705,39,1464,"Hanns flach der Müller u. seine Frau Barbel,
verwechsen u. übergeben Clewi brotbecken u. seine Frau
et gnesen dem Müller von grossen becken, ir mülle
ư gesess genant Rümelis gili, gelegen uff dem obern
Birsich by der Kuttelgassen gegen der Badstuben über
genant zu Mülistein, zwüschen den Hüsern zum
swartzen turn, u Rockenbach, u. stosset mit irem
hindern huse oben an s. Lienhartz berg über zwerck an das
gertlin so zu dem Huse zem swartzen sörnlin gehörte
zinset jährl voneig. zu Clingental 2vierzal Roggen,
u. ein vierzal Kernen gelts, u 2 huner gelts wisung, u.
den sol man jährl. geben Hansen Riehers des Stempfers sel.
wone dezal Kernen gelts, sonstfrei dem noch versetzt um
Hofl gelts jährl Siselin Vischerin zu Gebrüler die Burkart Meyen
sel der müllers wittwe was widerk mit 90 fl. geschehen um
die Bessrung der Mülin zu grossen bencken.",https://files.transkribus.eu/Get?id=BSZCHOCYAHEYWDSRQGOBIAVB&fileType=view,Clingental ,Clingental ,0.9142508506774902,rel,Kloster Klingental,1.0,False
HGB_1_176_008,Rümelinsplatz 1,2611218.6600621203,1267325.8788927363,a6ca102c-4cdb-4e88-915b-7671fc5ccbdb_20240705,41,1475,"Do kofft zum dritten kouff Bernhart Müller bgr. zu
mindem Basel, Andres Sachsen des Müllers sel als
eins erblosen.
so genant ist Bümelis mülin und
gelegen by der Kuttelgassen gegen der Badstuben zum
Mülystein u. nebent dem Hus Spyr, zinset von eig.
zu Clingental 2 vienzal roken veinzal Kernen, 2 Huner ze
wysung u. 10sh. erschatz, sodan 4 seck mit Kernen der Rieherrn
u hat darum geben 70fl.",https://files.transkribus.eu/Get?id=ACTBQOTBHJPPCJBLSFILBRXK&fileType=view,Clingental ,Clingental ,0.9032073616981506,rel,Kloster Klingental,1.0,False
HGB_1_176_008,Rümelinsplatz 1,2611218.6600621203,1267325.8788927363,e40cfd48-121a-4223-b73f-14ac18604fa1_20240705,42,1476,"Bernhart Wytenower der müller & seine Frau Ennelin,
verkaufen an Jerg Messnern och einem müller, ư seine
Frau Margret, die Mülin mit Hus & Hofstatt genant
Tümelin mülin so gelegen ist uff dem Herrn Birsich gegen
der Badstub zem Mülsten zwüschen den Hüsern zem
swartzen turn und Rokenberg stosst hinden uf sant
Lienhartz berg, zinst voneig. zu Clingental zwo verzal
roken uverzal kernen gelts, Thuner ze wisung, ư 10sh.
erschatz, sodan sol man davon geben Hans Richers des
Kornschribers sel Wwe. zwodrenzal Kernen gelts, sint widerk.
sonstfrei, um 123 fl.
fertigungsbuch pag. 98.
denen 30 sol. der Käufer 5 fl gelts & 400 fl. Hptg. gegen
Werlin Zinnler Schultheis zu Sultz abtragen, die übrigen
23fsit bezalt.",https://files.transkribus.eu/Get?id=CFBDWCUNOGVKBPYDSGNJOXSJ&fileType=view,Clingental ,Clingental ,0.9561214447021484,rel,Kloster Klingental,1.0,False
HGB_1_176_008,Rümelinsplatz 1,2611218.6600621203,1267325.8788927363,d9926b0c-2e27-4f66-8795-0a0f6f1259fc_20240705,43,1476,"Jörg Mesmer der müller & seine Frau Margret
als Hptverk. soden Bernhart Wytenower och müller &
seine Frow Ennelin als mitverk. verkaufen an Werlin
Krumler Schultheiss zu Sultz, 5 fl gelts, ab der Hptverk.
Mülin mit Hus & Hofstatt, so gelegen ist an
obern Birsich gegen der Badstub zum Mülystein über,
zwüschen den Hüsern zem turn u. Rokenberg, zinset vormals
voneig. zu Clingental zwovezal Roken tenzal Kernen
gelts, huner ze wisung & 10 sh erschatz, sodan sol man
och jährl. geben Hans Riehers des Kornschribers sel Witwe zuwe
vierzel Kernen sint widerk, sonstfrei, um 100 fl. widerk.",https://files.transkribus.eu/Get?id=LENGJHGQBQBIUAXLGXAVFAXP&fileType=view,Clingental ,Clingental ,0.9634897112846375,rel,Kloster Klingental,1.0,False
HGB_1_176_008,Rümelinsplatz 1,2611218.6600621203,1267325.8788927363,3e785159-96cb-4118-a267-c9379a24357d_20240705,48,1528,"Sebastian Hertenstein der treyer, u. seine Frau Apolonia,
vertauschen jre Müli Hus u. Hofstat, genant Rümelis müly
gegen der Badstub zum Mülinstein über, zwüschen den Hüsern
zum schwarzen thurn u. Roggenberg gelegen, stosst hinden
uff s. Lienhartsberg, zinst von eig. dem Clingental viertzel Rocken
1 Vertzel Kernen gelts sodan 2 Huner zu wysung, u. 10sh. zu erschatz,
u. zinset dan Hansen Meysterlin dem Müller zu Rinfelden 3℔.
sind abl. an Jacob Kentler den Müller, u. seine Frau Agtha,
und derselben Hus u. Hofstat genant zum Huwen uff Jsengassen,
gegen dem Hus zum Bylger über, zwüschen Spywetters Hus, u.
dem Hus zum Rotenberg gelegen, zinset von eig. der Presen zuf Burg,
25. an die Dormenterye daselbs einen onen rot wins, sodan Jörgen
Vatzman Caplan uff Burg von wegen siner Caplanei 2 fl. u. an der
München Caplanie uf Burg 3 fl sind beid zins abl. sonstfrei, unter
gewissen Bedingungen, Keutler hat dem Hertenstein noch 150 fl. zu zahlen
was er schuldig pliben sind",https://files.transkribus.eu/Get?id=PYFJBJZBMNMOJPFFRLXPBEMR&fileType=view,dem Clingental ,Clingental ,0.9236440360546112,rel,Kloster Klingental,1.0,False
HGB_1_176_008,Rümelinsplatz 1,2611218.6600621203,1267325.8788927363,b5b2cc9e-83ac-426c-a568-27658549864f_20240705,49,1528,"Jacob Keutler der Müller, u. seine Frau Agatha, verkaufen
an Sebastian Tertenstein den treyer, und seine Frau Apolonia,
3 1/2 fl. jährl. zinses, ab jrer Müli Hus u. Hofstat, vor der
badstuben zum Mülisten über, zwüschen den Hüsern zum schwartzen
thurn und Roggenberg, hinten an s. Lienhartsberg gelegen, u.
Rümelis emli genant ist, zinst von eig. den closterfrauen zu
Clingental zwo vierzel Roggen, u. ein viertzel Kernen, sodan
zwei huner zu wysung, desgl. 10sh. zu erschatz, u. dan 3 ℔.
Hansen Meysterlin dem Müller zu Rinfelden, sind abl. sonst
frei, um 50 fl.",https://files.transkribus.eu/Get?id=GCPPCJFGAXDZTNZCHNBFHJQT&fileType=view,den closterfrauen zu Clingental ,closterfrauen zu Clingental ,0.9963817745447159,rel,Kloster Klingental,1.0,False
HGB_1_176_021,Rümelinsplatz 8,2611200.013179433,1267362.4429608085,19d7487a-8e78-4003-af76-a07d103a9947_20240705,33,1497,"Das Closter Clingenthal verkauft an Hansen Gry den
Metzger, u. seine Frau Margrethe, das Hus & Hofstatt
in der Kuttelgassen, zwüschen der Siden zunfthus, u. der
Swestern von Rinfelden hus gelegen, zinst voneig. der Presenz
uf Burg 14 sh. u. 114 Pfeffer ze wisung, sodan sol man
geben den obgemelten frauen zu Clingental 1 1/2 fl widerk mit
30fl sonst frei, sum 4 ℔.",https://files.transkribus.eu/Get?id=BWJMTQXZTNOKXLDFNSNPLUYO&fileType=view,den obgemelten frauen zu Clingental ,frauen zu Clingental ,0.9945331335067749,rel,Kloster Klingental,1.0,False
HGB_1_123_015,Martinsgasse 4,2611319.882912636,1267518.2207156206,8546b898-bea7-4721-8e7b-1e7fb3358914_20240705,13,1410,"Item do gab ze koffende herre Johans
Zietempe ein priester, Urselen Halbsteinen
fro Wilbin Schalerin selige jungfrowen
daz huse und hofstat zer Kisten gelegen
uf sant Martins berg zwuschent dem
huß ze Gigenberg und an frow Adelh
von Eptingen huse ist erbe von den frowen
ze Klingental git 30ß zins ȡ angati 2
ring wiß ein halb ℔ pfeffers, item 2 guldin
geltz den selben frowen sint widerkoffig
umme 30 gl, item ein halb guldin Hans
und Walther Schökinden umb 7 1/2 gl. wi¬
derköffig umme 14 ℔.",https://files.transkribus.eu/Get?id=BJZPHFZZGICWPQSGVEAHDBSQ&fileType=view,den frowen ze Klingental ,frowen ze Klingental ,0.9139810800552368,rel,Kloster Klingental,1.0,False
HGB_1_123_015,Martinsgasse 4,2611319.882912636,1267518.2207156206,a2f49789-6d73-4f4b-92f0-81c5184135ff_20240705,14,1415,"Item do gabent ze kouffende Henman Hil¬
burger ze Lauffemburg et Ursula cvis uxor
Lutten von Ulm relte qud Heintzmann de
Ulm das huse und hofstat vor und hinder
genant Kisteberg gelegen ze Basel uff sant Mar¬
berg zwuschent frow Adelheiten von Eptin¬
gen hofe und dem huse Gilgenstein ist erbe
von den frowen von Klingental 35ß zinsph
zen 4 fronvasten von der eigenß 2 ring brot
Martini und eins vierdeling pfeffer ze erscha¬
tz umb 38 guld und 18 phunt phennig
Baseler muntze",https://files.transkribus.eu/Get?id=AAVXDOITJVSKMLKJVSILRMFM&fileType=view,den frowen von Klingental ,frowen von Klingental ,0.9233864843845367,rel,Kloster Klingental,1.0,False
HGB_1_123_015,Martinsgasse 4,2611319.882912636,1267518.2207156206,2bb309fc-61c4-4c74-aa63-a0f41e65b872_20240705,15,1423,"git ze kaufen Lucia von Ulm wil. Heinzmans
von Ulm des watmans etzwen Pers ze Basel ewirtin,
an Petro Spyezen, daz Hus & Hofstatt mit dem
gertlin derhinder, gelegen uf s. Martins berg
so man nemet zer Kystenberg, nebent dem
Hus ze Gilgenstein ze einersiten, u Frow
Adelheyd von Eptingen hof zer andern siten,
u. reichet hinderus uff daz Hus u. Gesess ze
Hasen ist erb von dem frowen von Klingenthaletz
um 70 fl.
fertigungsbuch pg. 30.",https://files.transkribus.eu/Get?id=MRVTTEXKBEHUHJRPEWDDGPJD&fileType=view,dem frowen von Klingenthaletz ,frowen von Klingenthaletz ,0.9746117442846298,rel,Kloster Klingental,1.0,False
HGB_1_123_015,Martinsgasse 4,2611319.882912636,1267518.2207156206,64db1281-aae3-4278-b92f-c62574f090fc_20240705,16,1446,"Do git ze kaufen Dietrich von Senhein Schultheis ze Basel
Peter Spiezen Bgr ze Basel, ư seine Frau Greden, daz Hus
& Hofstatt genant zer leren Kisten mit dem gertlin u.
pufaten derhinder, gelegen uf s. Martinsberg nebend
Rümelers hof ze einer siten ư dem Hus ze Gilgenstein,
zer andern siten, zinset voneig. denfrowen ze Clingental
35 sh.
um 108 fl.",https://files.transkribus.eu/Get?id=PIIRQDOGWICJZUKXWQLSJOUR&fileType=view,denfrowen ze Clingental ,denfrowen ze Clingental ,0.9114408691724142,rel,Kloster Klingental,0.9805449087957686,False
HGB_1_123_015,Martinsgasse 4,2611319.882912636,1267518.2207156206,3a57684f-a22d-4278-ad6c-29cd08f9d1bb_20240705,17,1446,"Da git ze kaufen Dietrich von Senhein schultheis¬
der Peter Spiegen ư seine Frau Greden, daz Hus u.
Hofstatt mit dem gertlin ư der pufaten derhinder,
so man nennet Kystenberg ư gelegen ist uf s. Martinsberg
nebend dem Hus ze Gilgenstein ze einer siten, ư der
von Eptingen hof zer andern siten, zinst voneig ze Clingental
18sh. 4ring brot wysung u 3vierling Pheffer erschatz.
um 108 fl.",https://files.transkribus.eu/Get?id=CZTGMZWUPEZLPCTKKECOEFLC&fileType=view,Clingental ,Clingental ,0.9236249923706055,rel,Kloster Klingental,1.0,False
HGB_1_123_015,Martinsgasse 4,2611319.882912636,1267518.2207156206,a6243d7b-715b-4e8a-89d0-676d20a23935_20240705,18,1452,"Do gend ze kaufen Henman Rergk der Wman,
ư Gredlin Spitzin sin ewirtin, Bartholome Stüdlin,
das Hus & Hofstatt zem hindern Hassen genant Kisten,
berg, ư mit dem gertlin derhinder, gelegen uf s. Martins
berg nebent Rinnelers hof darin yetz in frow von Landenberg
von Eptingen gesessen ist ze einer siten, ư dem Hus Gilgenstein
zer andern siten, zinset voneig zu Clingental 35sh.
u. 2ring brot ze wisung, ư zwerling Pfeffer erschatz
sum 105 fl.
u. Peter Spitz ir sim
2 zuerst stand, zer leren Kisten,",https://files.transkribus.eu/Get?id=BJJZHSXZIFDSMHEBJJHIZNNW&fileType=view,Clingental ,Clingental ,0.8519683480262756,rel,Kloster Klingental,1.0,False
HGB_1_184_027,Schneidergasse Theil von 23 neben 21,2611151.4903752897,1267471.0753771586,1c23e76e-95e6-423d-bcb6-37c2eb7d1372_20240705,12,1420,"Clewin Meisters von Waldenburg der Spengler
verkauft an Heinrich von Perwilr dem Spengler
u. Katherin sin ewirtin, ein Hus u. Hofstatt
gelegen under den Breinen, daz man nemet zer
Leitren ze einersiten nebend dem Hus zer Eych
ư zer andern siten an Ulrich Darchs hus, ist erb
von denfrowen ze Clingental denen darab gand 3 ℔.
2ringbrot wisung, u. 2sh erschatz, um 56 fl.",https://files.transkribus.eu/Get?id=BAWVDBYWFATNIHGSLFTSVFCP&fileType=view,denfrowen ze Clingental ,denfrowen ze Clingental ,0.9868250290552775,rel,Kloster Klingental,0.9805449087957686,False
HGB_1_184_027,Schneidergasse Theil von 23 neben 21,2611151.4903752897,1267471.0753771586,d726c461-b058-46ce-ac2b-1d90292ab413_20240705,16,1515,"s. Lienhart buw der Lütkirchen zu s. Lienhart, verkauft
an Marti Kistler den Schnyder, u. seine Frau Elsi, das Hus
u. Hofstatt ob sannt Andres Kapellen hinuff ze einer,
neben Ruprecht Wynter des Cremers, u. gegen Bartlome Schnyds
husere über glegen, u. zu der Leytern genant ist, zinst jährl.
zu Clingental 30sh. von eig. sonst frei, um 21 fl.
der Schaffner zu Clingental willigt ein.",https://files.transkribus.eu/Get?id=EQOTEVCTFLNUPECOSAFPSVXS&fileType=view,Clingental ,Clingental ,0.7539350390434265,rel,Kloster Klingental,1.0,False
HGB_1_184_027,Schneidergasse Theil von 23 neben 21,2611151.4903752897,1267471.0753771586,fe661be1-739d-4fbb-a330-b88765617fad_20240705,17,1524,"Martin Rystler der schnider, sodan Dorothea, Matheus u.
Franzen, des bemelten Martin Kistler u. voriger siner Ehefrau
sel. Kinder, verkaufen an Mathis Lamaneck den trucker,
hindersess, u. seine Frau Sibilia Riepe, das Hus u. Hofstatt im
der cremergassen, neben dem Hus zur Eych, u. Ruprecht Winters
sel. hus glegen, u. zur Keittern genant ist, zinst dem Frauen
zu Clingental 30 sh. u. Heinrich Rincken Caplan zu s. Peter 1 fl.
ist abl. sonst frei, sum 44 fl.",https://files.transkribus.eu/Get?id=MSEHJCRZEHBWDUAQXVAQJSQJ&fileType=view,dem Frauen zu Clingental ,Frauen zu Clingental ,0.9876199662685394,rel,Kloster Klingental,1.0,False
HGB_1_184_027,Schneidergasse Theil von 23 neben 21,2611151.4903752897,1267471.0753771586,3b711f70-9e3d-4152-a63b-4a1a4e4d6ce6_20240705,18,1524,"Mathis Lameneck der trucker, hindersess, u. seine Frau
Sibilla Riepe, verkaufen an Mr. Heinrich Rick, Caplan zu
s. Peter, 1 ℔ 5 sh. jährl. zinses, ab jrem hus u. hofstatt, an der
Kremergassen, neben dem Hus zur eych, u. Resprecht Winters
des cremers hus glegen, u. zur Ceytern genant ist, zinst von
eig. den frauen zu Clingental 30sh. sonstfrei, um 25 ℔.
Mittwoch Ver Jalmand.
fertigungsbuch.
Randbemerkt.
Melchior Zymerman der armbroster u. seine Frau Barbara haben dis
haus in kaufs wis an sich bracht u. deshalb sich umb disen Hptg. verschuben,
u. hat sy Heinrich Rick zu zinstiten angnommen, u. Mathis Cameneck
u. sin Frau husers zinses lidig glassen, uf Sambstag noch Braneyser 1525.",https://files.transkribus.eu/Get?id=JYPWMOEFZQWZTMUOYBYBWCFW&fileType=view,den frauen zu Clingental ,frauen zu Clingental ,0.9958461970090866,rel,Kloster Klingental,1.0,False
HGB_1_184_027,Schneidergasse Theil von 23 neben 21,2611151.4903752897,1267471.0753771586,77dd3af5-350e-4934-b6ea-5817f603d869_20240705,19,1524,"Mathis Camaneck dentrucker, hindersass zu Basel. u. seine
Frau Sibila Repe verkaufen an Melchior Zimerman den Am¬
broster, u. seine Frau Barbaren det, das Hus u. Hofstatt in der
cremergassen, neben dem Hus zur Eich u. Ruprecht ritters sel.
hus glegen, u. zur leitern genant ist, zinset den Frauen zu
Clingental 30 sh. u. Heinrich Ricken, Caplan zu s. Peter 1 fl.
sum 30 fl.",https://files.transkribus.eu/Get?id=XEHWOBCTDDJFTKHQZBFQAXSE&fileType=view,den Frauen zu Clingental ,Frauen zu Clingental ,0.9961541146039963,rel,Kloster Klingental,1.0,False
HGB_1_184_028,Schneidergasse Theil von 23 neben 25,2611151.820648862,1267468.4025884476,46cbe903-4217-4dfd-b35b-dd3ef987bf7b_20240705,11,1410,"Item gab ze koffende Peter Kranckwert
der spengler und Hans Kranckwerk sin
sin Hans Griffenstein und Elsin eig uxor
dz huse und hofstat gelegen ze Basel in
der stat under den Kremern an demme
huse so ettwenne was Hemans von Ley¬
men und nu ist Burk Saltzmans dez
watmans einsite und an Clewi Meister
huse dez spenglers andersite und erbe ist
von den frowen von Klingental git man
4 ℔ zins ȡ an gat ein halb phunt pheffers
wiß Martini 5ß zins ȡ ze erschatz pro
50 gl.",https://files.transkribus.eu/Get?id=HYTNOTWMTVWWRFTAOHYCUWAG&fileType=view,den frowen von Klingental ,frowen von Klingental ,0.899161085486412,rel,Kloster Klingental,1.0,False
HGB_1_184_028,Schneidergasse Theil von 23 neben 25,2611151.820648862,1267468.4025884476,efbbdfed-64c1-4b25-b27c-c6d863b6b069_20240705,12,1416,"Item do gab ze kouffende Elsi Hüsern
eliche frow Hanns Griffenstein des gürtlers von
Basel, Henman Kranckwerk (sic) dem kremer
burger das huse und hofstat genant Mslingers
huse gelegen under den Kremern, zwüschent
Clewi Schlägers des gürtlers und Burk Saltzman
des wattmans huser ist erbe von den frowen ze
Clingental denen da von gangent 4 ℔ zinsph
zen 4 fronvasten ein halb ℔ pfeffers Marti
ze wiß und 5ß zinsph ze erschatz pro sum
ma 40 flory.",https://files.transkribus.eu/Get?id=UJUJZUCDWYOZEZZYALKJGRQO&fileType=view,den frowen ze Clingental ,frowen ze Clingental ,0.9934710264205933,rel,Kloster Klingental,1.0,False
HGB_1_184_028,Schneidergasse Theil von 23 neben 25,2611151.820648862,1267468.4025884476,1c3183ed-4c91-472a-b93a-923f29774660_20240705,13,1419,"item do gab ze kouffende henman Kranckwerk
der spengler burger und Clare sin efrow, Ulrich Für
dem gurtler berger, das huse und hofstatt genannt.
Völlingers huse under den Kremern zwischen Burkart
Salzman und Clewi schlagers huse, ist erbe von den
frowen ze Klingenthal quibus cedunt 4 ℔ zinst anger.
und 1/2 pfend pfeffers martini u. 5ß ze erschatz. pro
summa 56 flor.",https://files.transkribus.eu/Get?id=JUNZMDTQVPRHZDLSSTEVQNJH&fileType=view,den frowen ze Klingenthal ,frowen ze Klingenthal ,0.8997103571891785,rel,Kloster Klingental,1.0,False
HGB_1_184_028,Schneidergasse Theil von 23 neben 25,2611151.820648862,1267468.4025884476,e226f7d6-fff8-45d5-b3de-a299caffa1f6_20240705,14,1421,"gend ze kaufen Ulrich Verr der Gürtler u Adelheid
sin ewirtin, an Ulin Sangers sartorii, das Hus &
Hofstatt genant Nöllingers hus gelegen under dem
Kremeren, zwüschent Burckart Saltzmann dem Koffman
und Heinrich von Perwers husern, ist erb von dem
frowen ze Clingental ist, um 46 fl.
ư gend darab 4 ℔.
1/2 ℔ Eheffer wisung, 5 sh erschatz fertigungsbuch pg. 144.",https://files.transkribus.eu/Get?id=IRDGZZWOBANEFUYDEJQLHHUQ&fileType=view,dem frowen ze Clingental ,frowen ze Clingental ,0.9793765842914581,rel,Kloster Klingental,1.0,False
HGB_1_184_028,Schneidergasse Theil von 23 neben 25,2611151.820648862,1267468.4025884476,05fd5889-8ad2-4f38-9eaa-421e7dacdbcf_20240705,19,1438,"Privat Urkunde.
Else Rorerin ein Kremerin und Burgerin ze Ba-
sel. verkauft dem Kloster ze Clingental 2Gld. Geltes
jerlichs Zinses uff und abe sinem Huse und Hoffstatt
genant Nöllingen in der Statt Basel gelegen under
den Kremen, ze einer Siten nebent dem Huse
genant zem wissen Hus und zer andern Siten
nebent Heinis von Serwilr des Gürtellers Huse, zinset
von Eigenschaft den Frowen ze Klingental 2 ℔. Pfg.
und 1/2 ℔ Pfeffers den Frowen ze Klingental, um 40 Gld.",https://files.transkribus.eu/Get?id=EJGEGULDMYGAJBJREZSQGQTR&fileType=view,den Frowen ze Klingental ,Frowen ze Klingental ,0.9973310232162476,rel,Kloster Klingental,1.0,False
HGB_1_184_028,Schneidergasse Theil von 23 neben 25,2611151.820648862,1267468.4025884476,05fd5889-8ad2-4f38-9eaa-421e7dacdbcf_20240705,19,1438,"Privat Urkunde.
Else Rorerin ein Kremerin und Burgerin ze Ba-
sel. verkauft dem Kloster ze Clingental 2Gld. Geltes
jerlichs Zinses uff und abe sinem Huse und Hoffstatt
genant Nöllingen in der Statt Basel gelegen under
den Kremen, ze einer Siten nebent dem Huse
genant zem wissen Hus und zer andern Siten
nebent Heinis von Serwilr des Gürtellers Huse, zinset
von Eigenschaft den Frowen ze Klingental 2 ℔. Pfg.
und 1/2 ℔ Pfeffers den Frowen ze Klingental, um 40 Gld.",https://files.transkribus.eu/Get?id=EJGEGULDMYGAJBJREZSQGQTR&fileType=view,den Frowen ze Klingental ,Frowen ze Klingental ,0.9980722069740295,rel,Kloster Klingental,1.0,False
HGB_1_184_033,Schneidergasse Theil von 33 neben 31,2611153.318285719,1267447.395310278,9d8e60fc-18b0-4475-966d-d5d4e55a5c42_20240705,10,1421,"git ze kaufen Frau Ursel Müntzmeysterin genant
Sürlin mit Jkr. Hans Sürlin irem sun, Henman
Steynenbrund dem tuchscherer u Adelheyden sie zer
ein Huse u. Hofstatt mit dem Hofstettli derhinder
enent dem Birsich, genant Rechberg gelegen
obian an der Kremergassen, ze einersiten neben dem
Hus zem roten Kopff ư zer andern siten nebent dem
Hus zer scher, ist erb von dem Closter Clingental s.
um 240 fl.
fertigungsbuch pg. 69.
denen man geben sol 4 ℔.
1/2 ℔ Pfeffer wisung u. 10sh erschatz, ư dem
den heuen vons. Peter 2sh. ze selgeret",https://files.transkribus.eu/Get?id=KGEZNHZEQRUCGSLNKDQIXXAI&fileType=view,dem Closter Clingental ,Closter Clingental ,0.9987070759137472,rel,Kloster Klingental,1.0,False
HGB_1_184_033,Schneidergasse Theil von 33 neben 31,2611153.318285719,1267447.395310278,a6ae3ed9-6bd6-4c7f-a8db-2a6ee7e6c1d8_20240705,16,1469,"Hanns Steinebrun & Dietrich Kreps, verkaufen an
Hanns Vatter den schnider & seine Frau Ennelin, das
Hus Hofreitte mit dem Höflin einer dem Birsich darhinder
oben an der Kremergassen, zwüschen den Hüsern zer
scheren ze einer ư dem roten Kopff zer andern siten,
genant Rechberg, ist erb von Closter Clingenthal
denen jährl. darab gat 4 ℔, 1/2 ℔ Pfeffer ze wisung,
u 10 sh erschatz, sodan gat och darab 2sh. zu s. Peter,
von eins jarzits wegen, sonstfrei, sum 135 fl.",https://files.transkribus.eu/Get?id=ZPWTSLAIQPTBXIKDAUPQUYNH&fileType=view,Closter Clingenthal ,Closter Clingenthal ,0.9829789400100708,rel,Kloster Klingental,1.0,False
HGB_1_184_033,Schneidergasse Theil von 33 neben 31,2611153.318285719,1267447.395310278,3e817017-98eb-4062-aaa2-75fd690d0bae_20240705,17,1469,"Hanns Vatter der schmider & seine Frau Ennelin,
verkaufen an Hanns Heiltprunn sesshaft zu Pfirt,
iren lieben swagern brudern, 3fl gelts, ab jrem Hus &
Hofstatt oben an der Kremergassen, zwüschen den Hüsern
genant zum roten kopff ư zer scheren gelegen ist
zinset vormals 4 ℔ 1/2 ℔ Pfeffen ze wisung, u. 10sh.
erschatz dem Clingental, sonstfrei, um 60 fl.",https://files.transkribus.eu/Get?id=LXHHJIYTYKDOTEGYPNJZTUNA&fileType=view,dem Clingental ,Clingental ,0.9831583797931671,rel,Kloster Klingental,1.0,False
HGB_1_184_033,Schneidergasse Theil von 33 neben 31,2611153.318285719,1267447.395310278,70d5db63-504e-4492-86db-5a29ebc9028f_20240705,18,1484,"Da hatt Jörg Vatter, Hannsen Vatters sins Bruders Hus, genannt
Rechberg, jnn der Cremergassen, zwischen Hannsen Oserwalds Hus
zu einer und Biberlis Hus zer andern siten, zinset jährl. von Eigen¬
schafft dem Closter zu Clingental im mindern Basel 2 ℔ und 12
℔ Pfeffers, und ist Pfand Hanns Heilprum, z Vogt zu Birseck
für 48 ℔, um versessenen zins, als er jährl. daruff hatt, 2 fl. wider¬
kouffig, gefrönt.",https://files.transkribus.eu/Get?id=RPOAICODOOOKHKZGGGARVOGN&fileType=view,dem Closter zu Clingental im mindern Basel ,Closter zu Clingental im mindern Basel ,0.9399796298571995,rel,Kloster Klingental,0.9744529676640425,False
HGB_1_184_033,Schneidergasse Theil von 33 neben 31,2611153.318285719,1267447.395310278,9747ed41-1163-4541-9395-505726c266bd_20240705,20,1498,"Da hatt Fridrich Graff der Schaffner zu Clingental, das Hus
und Hofstatt genannt Rechberg, gelegen under den Kremern,
zinset jährl. 2 ℔. und 1 ℔ Pfeffer, den Frowen zu Clingental
von Eigenschaft wegen, umb versessenen zins, gefrönt.",https://files.transkribus.eu/Get?id=TKECMJFDVQNLPVUSBWSFUHEA&fileType=view,den Frowen zu Clingental ,Frowen zu Clingental ,0.9875035136938095,rel,Kloster Klingental,1.0,False
HGB_1_184_033,Schneidergasse Theil von 33 neben 31,2611153.318285719,1267447.395310278,01d0255c-b619-41fc-a2f4-4a5665f77db1_20240705,25,1502,"wil Hansen Heilpruns Bgr. zu Basel sel. Erben, alle
aufgezahlt, verkaufen an Martin von Seltz den sinder,
u. seine Frau Appollomen, das Hus & Hofstatt in der
crämergassen zwüschen den husern zum rotten Kopff, u.
zur Scher gelegen, u. Rechberg genant ist, zinst jährl von
eig. zu Clingental 2 ℔, 1/2 ℔ Pfeffer ze wisung, u. 5 sh erschatz,
u. willigt der Schaffner ein,
um 215 ℔.",https://files.transkribus.eu/Get?id=NPDQGKPXNAXPIWGBLLIVXBQD&fileType=view,Clingental ,Clingental ,0.9484722018241882,rel,Kloster Klingental,1.0,False
HGB_1_085_009,Hutgasse 1,2611228.223612671,1267445.9995339967,79a7a40f-b5b4-4f95-a69b-0e2cb23386fc_20240705,30,1509,"Frau Clara Stehelerin wyl. Hansen Stehelm, Wwe, u. a. im
verkaufen an Ulrich Rösslein der erämer, u. seine Frau Bryden,
das Hus & Hofstatt mit dem Höflin darhinder u. der prwalen,
an dem Kornmarkt, zwüschen den husern zum Gelen, u Blowen Winden
am egk, unden an Wynhartz gassen gelegen, u zu dem guldin,
Wind genant ist, zinst jährl voneig. dem Clingenthal 6℔.
1 ℔ Pfeffer ze wysung u. 10sh. erschatz, sodan gat darab zu¬
s. Lienhart 2 ℔, u. willigen die Schaffner ein, jtem zuletst
so ist Frau Elsin Hansen Stehelin Ehessl jrer morgengab 30 fl.
uff solichen hus versichert, etc. um 400 fl.",https://files.transkribus.eu/Get?id=CMBDIWYESUSGJGIIDCGLLBCP&fileType=view,dem Clingenthal ,Clingenthal ,0.9027110636234283,rel,Kloster Klingental,1.0,False
HGB_1_085_018,Hutgasse 15,2611195.5957002277,1267435.4230533908,c07eb7a2-faa8-49df-8f79-6a1aea7dcb9a_20240705,6,1404,"Item do gab ze koffende Rudi Hußwirt der
burger ze Basel daz huse und hofstat vor und
hinden zu attm gelegen in Wienhartzgasse
zwüschent Pfannenberg und demme huse
da Dietrich der grosser inne ist daz erbe ist
von der frowe ze Klingental git man 10 ℔.
zins ȡ 1 ℔ pfeffers wiß Martini und 4 ring
als der alt brief wiset item 2ß zins ȡ uf
Burg pro 370 guldin.
Ceme Randbemerkung ohne Anschlüsszeicher
lautet Conr. Schuler demme kreiner und
Verenen siner elichen frowen)",https://files.transkribus.eu/Get?id=OZHSPPDTPBXIKDPDBHUHKYKX&fileType=view,der frowe ze Klingental ,frowe ze Klingental ,0.939191073179245,rel,Kloster Klingental,0.9278278244710989,False
HGB_1_085_018,Hutgasse 15,2611195.5957002277,1267435.4230533908,682e5596-390a-4edb-85c4-d4a45b1af236_20240705,13,1439,"gend ze kaufen et Hans Kessler der gewantman,
ư Hans Ryat der Treyger, Hansen Trunn dem Kremer
die zwey huser so man nennet Syfrid Zweybrot hüser
mit dem höfflin entzwüschent, hinder u. vor, an Wienhartz
gassen, under einer tachung gelegen sind nebend Hansen
Münchs sel. hus des gurthers zereiner siten, ư Dietrich
Gapffengassers sebhus zer andern siten, zinset voneitz.
dem Clingental 10 ℔, sodan 1 ℔ Pheffer u. 4 ring brot
wysung, ư 2℔ erschatz, ư denn der Stift uf Burg
2 sh ze Selgeret
um 350 fl.",https://files.transkribus.eu/Get?id=KXWOXYSRYSNNOONRNQJPYDPI&fileType=view,dem Clingental ,Clingental ,0.9942102134227753,rel,Kloster Klingental,1.0,False
HGB_1_085_023,Hutgasse Theil von 17 neben 19,2611185.667218147,1267431.7629851978,14df24e0-883c-49eb-9f52-10cef8262126_20240705,11,1525,"Wilhelm Hepdenring, sodan Blesin Schöllin der gwantman,
u. seine Frau Verena Ryfin, verkaufen an Martin Mülich
den Schinder, u. seine Frau Bruda, das Hus u. Hofstatt,
hinden u. vor im Lienhartsgassen, zwüschen den Hüsern zum
wissen wider und lossburg gelegen, u. obern lossburg gnant ist
zinset jährl von eig. 4 ℔ 1/2 ℔ Pfeffer ze wysueg, u. 4sh. ze erschatz
neml das halp der Bruderschaft s. Johans capell uf Burg, u. das
ander anderhalpheil den closterfrauen zu Gnadental, sodan
Hans Kilchmans sel. Erben 6 fl. sind abl. sonst frei, um
50 ℔.",https://files.transkribus.eu/Get?id=MWFYSQATTVODOBJLUYPIYIMK&fileType=view,den closterfrauen zu Gnadental ,closterfrauen zu Gnadental ,0.9805419445037842,rel,Kloster Klingental,1.0,False
HGB_1_085_042,Hutgasse Theil von 4 neben 6,2611206.016109339,1267448.4421561828,48b5f0f2-4616-419e-b6d7-2198fcd230bb_20240705,21,1417,"Item do gab ze kouffende Henman Liestal
Henman (zwischen den 2 letzten Worter steht
überschriben, Gred Brendlin von Rinfelden
burger etc. 3 guld geltz jerlicher zinsen uff
sant Martz tag ze gebende uff des verkouffer
huse genant zem Rappen in he Wienhartz
gassen gelegen zwüschent den hüsern zem
künslin und zem Krewel ist erbe von der
frowen von Clingental quibg tedimt 3 1/2 ℔.
zinsph angab und ein becher olis den herren
von sant Joh pro summa 54 flory. item Joh
de Howingen procurator dnar in Clingental
consensit.",https://files.transkribus.eu/Get?id=ZZPDUHDKKBXCLXGTHMJLQYMN&fileType=view,der frowen von Clingental ,frowen von Clingental ,0.9547100067138672,rel,Kloster Klingental,1.0,False
HGB_1_085_042,Hutgasse Theil von 4 neben 6,2611206.016109339,1267448.4421561828,6b469917-0aa3-42f5-983e-ff81852242bb_20240705,23,1451,"Do gend ze kaufen Hanns Hüter der Huter ư seine
Frau Ennelin, an Hannsen Ulrichen Seyler der Hutmacher
wil jrem tochterman u seine Frau Margrethen, das Hus &
Hofstatt genant zer swartzen Kreygen, als es gelegen ist
nebend dem Hus zem Kreuel ze einer siten zu dem Hus
zem Runseli zer andern siten, zinset voneig. zu Clingental
jährl 3 1/2 ℔ u 2ring brotes ze wisung u. 5 sh erschatz, u.
denne den S. Johannsserherren 1 Becher Ölis, um 120fl.",https://files.transkribus.eu/Get?id=VQPGNWWWCEDNDEZGGKXDSIWB&fileType=view,Clingental ,Clingental ,0.9550076723098755,rel,Kloster Klingental,1.0,False
HGB_1_085_042,Hutgasse Theil von 4 neben 6,2611206.016109339,1267448.4421561828,b965f987-9ed6-4b3c-bb87-5a431900ae83_20240705,25,1469,"Rudolf Hutmacher genant Nacheleger verkauft an
Frau Margreth Grieben siner stiefmüter, die zu jrem
dritteil kouft hat, die zwenteil des Huses & Hofstatt
an Wienharezgassen, zwüschen den Hüsern zem Rinslin
e zem Krowel gelegen ist, wie in das von Ulrich
Hutmachern sinem Vatter sel. ankomen ist, zinset übertenber
von eig. dem Clingental 35sh. & 1 ring brot ze wisung
& 5 sh. erschatz, so dan gat darab den s. Johansern
ein becher os, sonstfrei, sum 26 fl 15sh. 1 ℔ fierzig",https://files.transkribus.eu/Get?id=NHLUWYWKSKEMCEQAOQSGVIYM&fileType=view,dem Clingental ,Clingental ,0.8916290700435638,rel,Kloster Klingental,1.0,False
HGB_1_085_042,Hutgasse Theil von 4 neben 6,2611206.016109339,1267448.4421561828,78b6029b-ad7f-4935-aab1-301087b31fb9_20240705,27,1500,"J. Lienhart Grieb der Peten u Jr. Hanns Heinrich der
grieb, gebender, verkaufen an Hans Besserer den Gürtler,
u. seine Frau Elsy, das Hus & Hofstatt in der Winhartzgassen,
zwüschen den Hüsern zum Crewel, d. zum Rünsslin gelegen,
u. zum Rappen genant ist, zinst zu Clingental 35sh. von eig.
u. 2ring brot ze wysung, u. 5sh. erschatz, soden dem gotshus
s. Johann, 1 becher elgs, sonst frei, sum 120 fl.",https://files.transkribus.eu/Get?id=GPCMPCFLWZMXTDMSVEQBNYNU&fileType=view,Clingental ,Clingental ,0.9109793901443481,rel,Kloster Klingental,1.0,False
HGB_1_085_042,Hutgasse Theil von 4 neben 6,2611206.016109339,1267448.4421561828,36ae0d2c-1fba-4087-b57e-c9bdd600dc4b_20240705,28,1500,"Hans Besserer der gürtler, ư seine Frau Elsy, verkaufen
an Hansen Kirsy und seine Frau Verenen, 5 fl jährl ab
dem Hus & Hofstatt in der Winhartzgassen zum den Hüsern
zum Gresslin u. zum Rünsslin gelegen, u. zum Rappen genant ist
zinst dem Clingental 35 sh. & 2 ring brot zu wysung, u. dem
gotshus s. Johann 1 becher Ölis, sonstfrei, um 100 fl. widerk.",https://files.transkribus.eu/Get?id=GFUUKHPEPGOEGGARUAWXKRLQ&fileType=view,dem Clingental ,Clingental ,0.987597793340683,rel,Kloster Klingental,1.0,False
HGB_1_085_042,Hutgasse Theil von 4 neben 6,2611206.016109339,1267448.4421561828,b06b3027-e166-4f96-b8b0-9df2e620af96_20240705,29,1515,"Hanns Ulrich Müller, des Stattgerichts amptman, u. seine
Frau Agnes, verkaufen an Erhart Rost den guttler, u. seine
Frau Benedicta, das Hus u. Hofstatt in der Winhartzgassen, zwüschen
den husern zum Riewel, u. zum Rünslin gelegen, u. zum Rappen
genant ist, zinst dem Clingental 35 sh. voneig u. 2ring bror
ze wysung, u. 5sh. ze erschatz, u. willigt zu Schaffner einne,
sodan dem gotshus s. Johan ein Becher Hus, sodan 5 fl abl.
gult wyl Hanns Kess sel. erben, sonst frei, sum 30 fl.",https://files.transkribus.eu/Get?id=KVVWFCCZURQXIMWAJCCLVUAM&fileType=view,dem Clingental ,Clingental ,0.9849053919315338,rel,Kloster Klingental,1.0,False
HGB_1_085_042,Hutgasse Theil von 4 neben 6,2611206.016109339,1267448.4421561828,2c42f6c8-443a-4fbf-bf9b-a046d0be25a6_20240705,30,1515,"Erhart Rost der Gürtler, u. seine Frau Benedicta, verkaufen
an Hanns Ulrich undler des gerichts geswor, amptman, u. seine
Frau Agnesen, 1 ℔ jährl zins, ab jrem Hus u. Hofstatt in der
Vrnharts gassen, zwüschen den hüsern zum Kewel, u. zum
Rünslin gelegen, u. zum Rappen genant ist, zinst zu Clingental
35sh. von Echentschaft wegen, u. 2 ring brot ze wysung, u. 5sh.
zu erschatz, sodan dem gotshus s. Johann ein Becher Hus, u.
zulcht 5 fl. abl wyl. Hansen Kirsis sel. erben sonst frei, sum 200 ℔.
widerk.",https://files.transkribus.eu/Get?id=HKKVFYSQVCMDFYIQYYDJOGXS&fileType=view,Clingental ,Clingental ,0.9229716658592224,rel,Kloster Klingental,1.0,False
HGB_1_085_042,Hutgasse Theil von 4 neben 6,2611206.016109339,1267448.4421561828,d2b3be95-62b8-47c9-ad90-24fadbbbfbfa_20240705,31,1527,"Erhart Rost der gürtler, u. seine Frau Benedicta, als Hptverk.
sodan Fridli stöckli der Weber als Mitverk. verkaufen an
Cristofflen Wal den trucker, der als Vogt Katharina, wyl. Petter
batz des Kouffers sel. Dochter, 4 1/2 ℔ jährl. zinses, ab der
Hptverk. Hus u. Hofstatt, so vor ziten zwei huser gewesen zusamen
in eins gebuwen, zum Rapen u. zum Rünsslin genant, u. gelegen
in Wienharts gassen, zwischen den hüsern zum Krewlel, u. zum Roff
zinset das hus zum Rapen dem Clingental jährl. 1 ℔ 5 sh. 2ringbrot
zu wysung u. 5sh. zu erschatz, so zinset das Hus zum Rünslin,
dem predigerherren 1 ℔ 5 sh. desgl. dem Spital 3 1/2 sh. u. den herren
zu s. Peter 1 ℔. sonst frei, um 150 ℔.
neben 2nseit 1588",https://files.transkribus.eu/Get?id=DSCDFMOHDTGUHSMFVXEINRNA&fileType=view,dem Clingental ,Clingental ,0.9424121975898743,rel,Kloster Klingental,1.0,False
HGB_1_085_042,Hutgasse Theil von 4 neben 6,2611206.016109339,1267448.4421561828,ade83978-d5da-4809-9401-5274944b35e2_20240705,32,1530,"Erhan Rofitgürtler, u. seine Frau Benedicta, verkaufen
an Martin Gebhart den seyler, u. seine Frau Amalia, 2 1/2 ℔.
jährl. zinses, ab jrem beiden Hüsern u. Hofstetten, als die zusamen
gebuwen u. aneinander in Wienhartsgassen, zwüschen den Hüsern
zum Crewel, u. Krezenberg glegen, zum Rünsli u. zum Rappen
genant sind, zinset das Hus zum Rünsli jährl. dem Bredigercloster
1 ℔ 5 sh. den Herren s. Peter 1 ℔, u. dem Spital 3 1/2sh., so zinset
das Hus zum Rappen dem Clingental 1 ℔ 5 sh. u. zinsen dan beide
Hüser Katherina Peter Batzen sel. Kindt sel. erben 6 fl. sonstfrei,
sum 50 ℔.",https://files.transkribus.eu/Get?id=RULNTMNFNSCWAKEWMGNSHVKO&fileType=view,dem Clingental ,Clingental ,0.8334028720855713,rel,Kloster Klingental,1.0,False
HGB_1_085_050,Hutgasse 16,2611174.897878202,1267440.6213341479,11a52abe-1233-423e-b3e7-fe4f9753aaec_20240705,5,1439,"Ulrich Suter der Hutmacher u Elsin sin ewirtin,
als Hptverk. u. Heuslin Hüter zem Rinezfuss sin bruder
als mitverk. verkaufen an Burkart Schultheissen von
Riehen 15 fl geltes, ab dem Hus & Hofstatt genant
zem Steinbogen, gelegen an Wienharts gassen, neben
dem Hus zem Sefibom ze einersiten, u. Roggenbergs
hus zer andern siten, zinst voneig ze Gnadenthal 1 ℔.
sodenne den frowen ze Clingental 1 ℔. ư denne zes.
Lienh 10sh.
u ab andern Güter, sum 300 fl widerk.",https://files.transkribus.eu/Get?id=USLNITSTJJIJQPTDGVIRXZBL&fileType=view,den frowen ze Clingental ,frowen ze Clingental ,0.9982828050851822,rel,Kloster Klingental,1.0,False
HGB_1_085_056,Hutgasse 22,2611163.020527699,1267439.0877632422,e66bc6e1-39aa-4152-ae98-86382ab138d9_20240705,15,1441,"Paulus vertfeger von würins bgr. ze Basel u.
Ennelin sin ewirtin, verkaufen an Adelheiden Nüsslin
von Basel 1rinischen fl gelts, de domo et area gelegen
im Wienharts gassen genant nidern Hadstatt nebend
Kürlings des swertfegers hus ze einer siten, u Claus
Bollen hus des Hutmachers zer andern siten, zinset von
eig. denen von Klingental 1 ℔ 3sh. u. vierling pheffen ze
wisung.
sum 20 fl. widerk.
am Rande seht:
Conrat Sürlin emphieng den kouff",https://files.transkribus.eu/Get?id=MFSBPMUKYSBLYSWCRVGSQNOH&fileType=view,denen von Klingental ,denen von Klingental ,0.9918499787648519,rel,Kloster Klingental,1.0,False
HGB_1_085_056,Hutgasse 22,2611163.020527699,1267439.0877632422,026df209-c1fd-4b83-bff4-55568cc3f544_20240705,16,1460,"von
Paulus Würmbs der swertfeger verkauft an Hanns
Lymerman den Hutmacher ư seine Frau Greden, das
Hus & Hofstatt genant Nidern Hadtstatt, als es gelegen
an Wyenharts gassen, ze nechst an dem Huse genant zem
guldin swert zer obern siten, ư zer nidern siten an
Hürlings des swertfegers hus, ist erbe von den Closter¬
frauen zu Clingental denen jährl darabe gangen 2 1/2 ℔,
voneig. wegen ouch vierlinge pheffer ze wisung, u. 6sh.
erschatz, soden sol man jährl davon geben Rudolfen
Nacheleger dem Hutmacher 5 fl. widerk mit 100 fl.
sum 103 fl.",https://files.transkribus.eu/Get?id=XEJOSJCJGYTVOMDJPRMNTNKZ&fileType=view,den Closter ¬ frauen zu Clingental ,Closter ¬ frauen zu Clingental ,0.9974222282568613,rel,Kloster Klingental,0.9918594398407768,False
HGB_1_085_056,Hutgasse 22,2611163.020527699,1267439.0877632422,21106889-e4ef-49f7-8318-27a43c14b184_20240705,18,1492,"Schultheissenurkunde.
Hanns Jsenflam der Burger und Messerschmid zur Be¬
sel und Clara, sin Eefrow, verkaufen dem Mathyssen
Pflügern dem Messerschmid das Husse und hoffstatt,
mit siner Zugehörd, als das in der Statt Basel, aben an
Winharn Gassen zwischen den hüsern zuom guldin Schwert
und Bürlings Huss gelegen ist, zinst den Fronen zu
Klingental 2 1/2 Pfund zinscheing von Eigenschaft, 3 Dier-
ling Pfeffers zur Wisung, 6 Schilling Zinsphrung zur fr.
schatz, und dt Pfund 10 Schilling, bar bezalt.",https://files.transkribus.eu/Get?id=NOUBCHJRRLZDTEYBJCRELBGR&fileType=view,den Fronen zu Klingental ,Fronen zu Klingental ,0.9945824891328812,rel,Kloster Klingental,0.7656913727241363,False
HGB_1_085_056,Hutgasse 22,2611163.020527699,1267439.0877632422,7280e716-53e6-4337-9e41-ff2b0c136dd1_20240705,19,1492,"Hanns Jsenflam der messersmid u seine Frau Clara
verkaufen an Mathis pfluger den messersmid, das
Hus & Hofstatt oben an Winharts gassen, zwüschen den
Hüsern zum guldin swert ư Hürlings hus gelegen ist,
zinst dem Clingental 2 1/2 ℔, von eig. d vierling Pfeffer
zu wysung u. 6 sh erschatz, sonstfrei, sum 21 ℔ 10sh.",https://files.transkribus.eu/Get?id=SRZLGKBUPDBVGTGHFPYIZHZB&fileType=view,dem Clingental ,Clingental ,0.9944612681865692,rel,Kloster Klingental,1.0,False
HGB_1_155_011,Untere Rebgasse 3,2611623.0457694726,1267895.688166716,8db25d8e-fb68-4103-b2cd-7912b194f939_20240705,21,1431,"Schultheissen Urkunde.
Burgkart Snelle der Küffer sesshaft und Burger ze min¬
ren Basel und Gredlin Sellin genant Wildin sin Swester
verkaufen Hans Wolfferstorff dem Schmid, Burger und
sesshaft ze minren Basel, die Hofstat die Schüren und Stalle
daruff, ist Erbe und gelegen in der minren Stat Basel
by sant Claren Closter und gegen demselben Closter über
ze einer Siten an Hansen Kronenbergs des Smides Orthus
und zu der andren Siten an Martin Seylers Hüsslin, und
stosset hinder an Heyni Rölins des Murers Hus, zinset von
Eigenschaft wegen den Closterfrowen ze Clingental 1 ℔. Zinsphg
und ein Hün, umb 17 Guldin.
(Rückseite nichts Näheres.",https://files.transkribus.eu/Get?id=XGPJWSYSNAOMVSWGRWSAMOKB&fileType=view,den Closterfrowen ze Clingental ,Closterfrowen ze Clingental ,0.9970716536045074,rel,Kloster Klingental,0.9959221831192909,False
HGB_1_155_011,Untere Rebgasse 3,2611623.0457694726,1267895.688166716,709ab26f-f8c5-48c0-8ab7-fda25a5c535a_20240705,22,1438,"Item gebent ze kouffende Burgkart Snelle
der küffer civis etc. und Gredlin sin swester,
Hansen Wolfferstorff dem sund civis etc. die hof¬
stat und stalle daruff ist erb und gelegen in
minren Basel in der gassen gegen sant Claren
Bronnen
closter über ex una Hans Kümenbergs des
sindes hus ex alia Martin Seylers hußlin
und stosset hinden an Heyni Rörlins hus
zinsent von eigenschaft wegen den frowen
ze Klingental und sunderlich frow Claren ze
Rin 1 ℔ zinßd und ein hin jerlich Martini
umb 17 guld, Joh. Eberlin procurator in
Klingental consensit",https://files.transkribus.eu/Get?id=LYNTSCDIEGMUVIWIQHKSFXRT&fileType=view,den frowen ze Klingental ,frowen ze Klingental ,0.9666991084814072,rel,Kloster Klingental,1.0,False
HGB_1_155_023,Untere Rebgasse Th. v. 23 am Teich,2611545.410444353,1268011.0768822934,8d77caa6-db02-4b2e-ad74-1626daf5baa7_20240705,"18, 19",1475,"Schultheissarch. v. Kl. Basel
Meister Hans Künig der Rebmann und Elsiseine
Ehefrau verkaufen an das Klosser Klingenthal
1℔ jährl. Zinses auf S. Niclausentag ab irem
hause genant Einsch bei S. Bläsi Thor an
Ost auf dem Teich an dem haus das auch Eins
rach heisss und ein Brotbeckenhuss ist, zinst von
Eigenschaft dem Kloster S. Clara 11ß, sodan
ab 1ß Beker mit Reben vor S. Blasi Thor
unten an dem Rhein, stosst auf heini Köchlins
Reben, zinst den Frauen zum Klingental 3ß
sonst frei, um 20 ℔. Das Klosser S. Clara giebt
seine Einwilligung, der Zins ist ablosig mit 20 ℔.
J Verzo.
1490 Sanft. u. Valent. Michel Meyer der Brod.
beck und Margreth seine Frau, dnhaber des [sep] hauser, bekennen den Zins Schuldig zu sein.
S. d. hie in verzeichneten Diseit Acker
hat Peter Mutzinger der alt.
S. d. Git Baltzer Brotbeck der Husfuser etc
Margreth Lüpfen Haus auf den Teich an
unter St. Blasier Haus gelegen ist verkauft
und hierin verschuldets Hauptmme und
Zins durch Johann Sophen Antmann ab
hier den 8 apr. ao 1571 abgelöst und bezahlt",https://files.transkribus.eu/Get?id=LCOYCUMPXVFWHHRQROGYYQOD&fileType=view | https://files.transkribus.eu/Get?id=WORMCZDEPXCROPUAAFEWENGF&fileType=view,den Frauen zum Klingental ,Frauen zum Klingental ,0.9932986050844193,rel,Kloster Klingental,0.26243517599262944,False
HGB_1_155_023,Untere Rebgasse Th. v. 23 am Teich,2611545.410444353,1268011.0768822934,e48cfc52-85e2-4b00-b57d-2fff415ece51_20240705,30,1505,"Schultheissenurkunde v. minderen Basel.
Der Buw von sant Theodor verkauft an Bal¬
Thasar Treyer, Husfürer, Burger zu Basel.
und Enneli sine Hussfrowen ein Huss und Hoff¬
Statt zu mindern Basel by sant Bleses Thor
uff dem Tich am Eck zu einer und der Herren
von Sant Blesis Hoff zu der andren und hin¬
den an der selben Herren Gerttli gelegen, zinst
von Eigenschafft den Frowen zu S. Claren 13
sh. nuwer Pfennig, den Frouwen zu Clingental
1 ℔ und dem Bus zu Sant Theodor 1 ℔ 5 sh.
widerkouffig mit 25 ℔. Der Schaffner von
S. Clara willigt ein. Un 20 ℔ nüwer pf.
St. Theodor Eig. v. Th. v. 2, am ch seit 1501
Greg. im Bes. v. Hu Cladel Merian
St. Blasi Eig. v. Th. v. 23 neben 25 seit 1500
Copie im Lib. Cop. I. 81",https://files.transkribus.eu/Get?id=LIKUUGNMERCHSEGBKLGXERGB&fileType=view,den Frouwen zu Clingental ,Frouwen zu Clingental ,0.9959158301353455,rel,Kloster Klingental,1.0,False
HGB_1_155_023,Untere Rebgasse Th. v. 23 am Teich,2611545.410444353,1268011.0768822934,a3ab528b-1139-4beb-bdd7-9e4532ea983f_20240705,31,1505,"Schultheissen Urkunde.
Das Gotzhaus sant Theoders in mindern Basel verkauft
Balthassar Meyger, Burger und sesshaft zu mindern
Basel, und Enneli seiner Hausfrawen ein Haus und
Hofstatt, wie das zu mindern Basel bei sannt Blesis
Thor auff dem Sich am Eckh zu einer und der Her¬
ren von sant Blesis zu der andern und hinden an der
Herren Gertlin gelegen, zinst von Eigenschaft den Frawen
zu Sant Claren 1sh. newer B. Pfg. den Frowen zu
Klingental 1 ℔ Gelts, dem Baw des Gotzhaus zu Sant
Beoder 1 ℔. 5 sh. widerkauffig mit 25 ℔, umb 20 ℔ newer Bas.
Pfennig.",https://files.transkribus.eu/Get?id=OAOJXTWECSABDHTQHKXEKYJY&fileType=view,den Frowen zu Klingental ,Frowen zu Klingental ,0.9972253292798996,rel,Kloster Klingental,1.0,False
HGB_1_155_040,Untere Rebgasse 14,2611579.7876925636,1267984.034379951,abf3350b-5538-455c-b660-2c4fff10e738_20240705,"27, 28, 29",1521,"Item da geben zu kouffen die erbern Lux
Hoffmann der rebman burger zu Basel
und Verena sin eliche hußfrow, der sannt
Theoders lütkilchen zu mindern Basel 6 1/2 ℔.
fryer gulte jerlichen uff crucis exaltacionis
von uff und ab nachgeschribnen der verkof¬
fern gütern in statt und banne zu myn-
dern Basel gelegen nemlich irem huß und
hoffstatt hinder sannt Claren gotzhuse stoßt
herrfür zwüschen den th. und Hannsen
Weber zinßt zuvor 11ß sannt Claren, item
aber einem mannwerk matten vorm Riehe¬
mer thor by vorgemelter matten zwuschen
benantem Michel ob dem Egelsee zwüschen
mins gnedigen herren von Basel und Michel
Müllers matten stoßt uff den tych stem [sep] aber einem mannwerck matten vorm Riehe¬
mer thor by vorgemelter matten zwüschen be¬
nantem Michel Müller und Boltzlin dem
vogt zu Wyl stoßt gegen vorgenanter matten
über uff den tych dise zwen mannwerck zinsen
zuvor 15ß um Flachsslander hoff, item eym
halben manwerk matten ouch by gemelt
matten herab stosst ouch uff den tych zwüschen
Laurenz Tufel und Hansen Engelman zinßt
3 1/2 ß zu sant Martin, item aber einem mann
werk matten heryn by Schörrenbruk zwüschen
min frowen an den Steinen und Wolff Här¬
nascherrn zinßt 1 ℔ 3ß zu sannt Peter, item
zweyen zwey tein bloßgelends vor sant
Blesins thor an der straß gegen Cluben zwüschen
Conrat Kungen und Meyemberg dem kuffer
zinsen 9ß um Wettinger hoff, item einer juchart
bloßgelends an gemelter straß zwüschen Hann¬
sen Jeklin und Hennsins Binders seligen
erben zinßt den herren zu den Augustinern
5 1/2 ß. [sep] bloßgelends im galgenfeld stossen uff Riehe¬
mer straß beider syt zwüschen miner fro¬
wen von Clingental sind vormals zinß fry
und ist diser kouff beschen umb hundert
und 30 ℔.",https://files.transkribus.eu/Get?id=CGUODKHGFMCHRCGAUHYRWNIT&fileType=view | https://files.transkribus.eu/Get?id=HDZBRPLXLETQNZBVGHMMMBHE&fileType=view | https://files.transkribus.eu/Get?id=FCRMFOPEAVYIYTOKCYKIEJUZ&fileType=view,miner fro ¬ wen von Clingental ,miner fro ¬ wen von Clingental ,0.955940862496694,rel,Kloster Klingental,0.9650676770895054,False
HGB_1_155_041,Untere Rebgasse 16,2611576.356241475,1267989.7131488258,77c4b640-d607-464e-8e4b-81dcf7767da5_20240705,5,1427,"Lienhar Herbst zinscola el Thia eins uxor verkaufen
an Heyen Gerster und Jegklin sinen Sum das hus
im Rappoltshof zwischen dem hus Klettenfels und
heinrich Messerers sel. hüslin
dz selb verkauft hus und des selben Messers Güblen
ein Eigentschaft sint als sy sprachent, zinsent beyden
den Frowen ze Klingental über und über 30ß zus
Gerb. Martini, des gangent 18ß ab den obg. verkauften
hus und 12 ß ab der eg. Messerers Hüslin, und 2
Ring ze wisung, da etweiders hus ein Ring freit und
5ß ze Erschatz de ouch get wweders hus den halben,
Erschatz hreib. Kettenfels = Rappoltsho 5, 7",https://files.transkribus.eu/Get?id=IJACIYAOOXDQRNJEWNIFJBRJ&fileType=view,den Frowen ze Klingental ,Frowen ze Klingental ,0.99652960896492,rel,Kloster Klingental,1.0,False
HGB_1_155_041,Untere Rebgasse 16,2611576.356241475,1267989.7131488258,35162533-e113-4b77-a18c-668725a56196_20240705,"6, 7",1428,"Item gebent ze kouffen Margars uxor quom
h. Meßer altin eivis etc. und Ursula des vorge
h. Meßers seligen und der egeß. Margart elich
tochter, Leonhart Herbst dem rebman civi¬
este daz orthuslin mit siner zugehörde so
erb ist und gelegen in minren Basel und
sant Claren harab wider den nidern tich ge¬
gen sant Blasien thor nebent Wambeschers
des küblers hus und stosset hindersich an
Jegkein Gersters hus da dz selb verkouft
orthüslin und Jegkin Gersters hus ein
eigenschaft sint als sy sprachent und
zinsent den closterfrowen ze Klingental
jerlich uff sant Martins t von der selben
eigenschaft 30ß zinß des selben zinses
Gersters hus und
d obgaß verkouft, ort [sep] hüslin 12 ß zinßphenn abtragen sollent
des selben zinses über und über Gersters hus
und Jegk träger ist, umb 30 guldin, Johis
de Howingen procurator in Klingental
Zinsensit",https://files.transkribus.eu/Get?id=DJHSONFNHJKRZDFGQWJTBAFO&fileType=view | https://files.transkribus.eu/Get?id=VCIMJPRBWAAMDTDZNNLYPEYR&fileType=view,den closterfrowen ze Klingental ,closterfrowen ze Klingental ,0.918813556432724,rel,Kloster Klingental,1.0,False
HGB_1_112_023,Leonhardsberg 12,2611241.790854701,1267216.6791345675,e06b88a5-552f-46f9-bcc1-a6c60450a660_20240705,4,1412,"Item git ze koffende Heini Lürtzsche der jne
tziger burger, Grede relte qud Hemani Wentz¬
lers de Löffen daz huse und hofstat so in an¬
komen was von Heman Lürtzschen sime
vatter selig gelegen in der stat Basel an
sant Lenh berg wider sant Oswaltzberg
zwüschent dem huse zem Winde so nu ze
ziten ist frow Suse vom huse closterfrowen
ze Olsperg und dem huse zem Tolden so und
seshaft ist Engelfrid scherrer ist erbe von den
frowen ze Clingental git man 4ß zins ȡ 2
ring wiß 4ß erschatz item den herren ze Lütze
2 ℔ zins ȡ dati pro 20 ℔ 10ß.",https://files.transkribus.eu/Get?id=OTSYITJOGFERYFZELHOQRTJR&fileType=view,den frowen ze Clingental ,frowen ze Clingental ,0.931681826710701,rel,Kloster Klingental,1.0,False
HGB_1_112_023,Leonhardsberg 12,2611241.790854701,1267216.6791345675,da4f7a9b-26af-4ed7-a6c9-e10199648f51_20240705,5,1412,"Item gab ze koffende Grede Wurtzelers de Soffen,
swester Katherinen von Louffen und swester
Elsinen irem bruder tochter daz huse und
hofstatt gelegen ze Basel uff sant Lenharts
berge zwuschent den husern zem Golden und
der von Rufach ven ist gestrichen und etwas
frow Susenzem huse der (1 unlesel. Wort)
besslichet darüber gesteten huse der closter¬
frowe so erbe von den frowen ze Clingental
git man 4ß zins ȡ 2ringe ze wiß und 4ß
zins ȡ ze erschatz Martini iten von herre von
Lutzel 2 ℔ zins ȡ anati pro 20 ℔.
am Rande: des hugegitten ine Schass ist Engelfrid Scherer,
Gerichtsbuch der mehrern Stadt A 789.",https://files.transkribus.eu/Get?id=YAAGECIATPBTMUFYGJOOICDU&fileType=view,den frowen ze Clingental ,frowen ze Clingental ,0.9302835911512375,rel,Kloster Klingental,1.0,False
HGB_1_112_023,Leonhardsberg 12,2611241.790854701,1267216.6791345675,7e341b91-71f7-4467-8f52-ce7674557b2d_20240705,6,1422,"git ze kaufen swester Elsin von Loffen ze Basel
wonend Petro Wirtz von Wisslins, daz Hus &
Hofstatt an sant Lienhartzberg nebend Hans von
Basel des Zumbermans hus ze einersiten u. nebend
Peters zem Wind hus zer andern siten, ist erb von dem
Clingental et um 26 fl.
denen darab gand 4 sh. u. 2ring ze wisung
u. 4sh. erschatz.
fertigungsbuch pg. 229.
sodenne den Herren von Lützel 2 ℔ von Erbsch¬",https://files.transkribus.eu/Get?id=QOBRAZAOOGXNNOTZCLGYJWOJ&fileType=view,dem Clingental ,Clingental ,0.9941944777965546,rel,Kloster Klingental,1.0,False
HGB_1_112_023,Leonhardsberg 12,2611241.790854701,1267216.6791345675,462eecf2-73db-4787-a42e-d102362a4d59_20240705,7,1424,"git ze kaufen Peter Wirtz von Visslis bg ze Basel
Hansen Hurum dem Wuman, daz Hus & Hofstatt
gelegen an sant Lienhartzberg, nebent Haus von
Basels hus des zimbermans ze einersiten, u. Peters
zem Wind hus zer andern siten, so erb ist etc.
von den frowen vor Clingental
um 2 ℔.
denen darab gand 2 sh. Zugbrot wisung,
4sh erschatz, sodenne
fertigungsbuch pg. 374.
gand darab 2℔ den herren von Lüzel¬",https://files.transkribus.eu/Get?id=TADSHUSKWXAMHLXCBOOSBHSJ&fileType=view,den frowen vor Clingental ,frowen vor Clingental ,0.9913063496351242,rel,Kloster Klingental,1.0,False
HGB_1_112_023,Leonhardsberg 12,2611241.790854701,1267216.6791345675,d2fe47cd-5d67-4a5d-9ad6-633d635fc235_20240705,8,1429,"an Wilhelm Diethelm der gerwer
heinrich Wolff von Friburg ein jerwer vertauscht
sein hant an S. Lienhartzberg, zwüschen Meister
Hansen von Basel der Stett Werkmeister und dero vom
hus der Closterfrowen, zinst von Eig. den Clingental
4ß und den herren von Lützel 2℔, gegen dessen haus
under den Gerwern, und zahls ihm 40 fl. darauf.",https://files.transkribus.eu/Get?id=JVLFPFCSGKXXXTSARLYTFTFX&fileType=view,den Clingental ,Clingental ,0.9863696396350861,rel,Kloster Klingental,1.0,False
HGB_1_117_012,Lindenberg 5,2611726.1944359876,1267602.7744353048,3ba5aabb-55fe-43fc-8afd-2c7433cf364a_20240705,7,1462,"Item git ze koffen Anthong Erlwin der
bartscherer seßhafft zu Basel, Heinrich Egg
dem karrer burger und Ennelin sin ewirtin
das huß und hoffstatt so gelegen ist zu
minren Basel ze obrost in Utengassen
am ort gegen meister Conrat Schalers hoff
über nebent Lienhart Karrers huß zinset
den frowen zu Clingental 5ß 3ȡ, pro sind
20 ℔ die sy dem almusen zu sant Niclaus
abtragen und mit 1 ℔ geltz verzinsen
sollent solang byß die das ablosen mo
gent an demselben ort si och den verkouf-
fer vertretten und schadlos halten sollent
item Peter Mathys procurator in Clm¬
gental consensit.
Karrer Lienh. neben Rheinz. 69 u. Lindenb 1 auf S v. 3 Ao 1451",https://files.transkribus.eu/Get?id=USZLXKJILBBOHOXDSITYDQZQ&fileType=view,den frowen zu Clingental ,frowen zu Clingental ,0.9905689209699631,rel,Kloster Klingental,1.0,False
HGB_1_117_027,Lindenberg 8,2611718.7263953956,1267552.2830139901,bb519a39-cb4b-4d3f-94e9-f777d29852b8_20240705,"13, 14",1421,"Item gebent ze kouffende Heinrich Keller
von Eichenberg der rebman civis und Enti¬
sin elich efrow Elsin Ammans von Arow
ein ℔ geltz uff den gutern et umb 20 ℔ sol.
nend jerlich Martini dis ist specificato bonow
des ersten daß huß genant zem Rüst sits in
minren Basel am Rüst geßlin exuna Hen¬
mann Schaler exalia an Wolfers teil und
hußlin als si beide einen ingang habend ist
erb von den von Clingental den davon gand
10ß zinß d und über disen zinß sol man
geben den Barfüssen 30ß och zinßphening
so dem ein zweyteil reben sit im bane
minren Basel in low Clingelberg eanna
Contzman von Loffen exalia Walther von
Felsperg zinset den obige frowen 3ß zinßd [sep] und 1ring wysung Martini so dem
ein halb juchart reben um vorgl ban
im Ruwenberg exuna an Gebler im
Lachensang erglin Henman Franken
gut. item ein halb juchart reben sit im
banne minren Basel im Lerchensang ex¬
und Peter von Göbelhens gut exalia an
Bruggers gut zinsent beid halb juchart der
bruderschaft uff Burg ze Basel jedlich 2ß
zinsd. Nota zemptio pro toto vil pro 5ß auf 5 ℔.",https://files.transkribus.eu/Get?id=MOKROAWKQDJRKIFLGPNWHZVW&fileType=view | https://files.transkribus.eu/Get?id=NIZABQZUDWVWLEKXGLRVZKFU&fileType=view,den von Clingental ,Clingental ,0.9863925377527872,rel,Kloster Klingental,1.0,False
HGB_1_117_027,Lindenberg 8,2611718.7263953956,1267552.2830139901,7f497a35-9b4d-422e-8916-e1a806836a2b_20240705,"15, 16",1423,"Item git ze kouffen Claus Graff, Heu¬
man Schaler dem ziegler im obern ziegel¬
hof minren Basel eivi etc. 3 ℔ zinß d geltz
uff d erbschaft ȡ zweyer hußer genant
zem Rust so vor ziten ein hus warent
sits in minren Basel in dem Rüstgeslin
nebent Heintzmans von sant Ursatz
des webers hus und stossent hinden an
des obge kouffers ziegelhof so vor ziten
die obige Barfüßen ankomen sint
von den seginen so da warennt in dem
hus genant Gesingen gelegen in der vor¬
stat ze sant Alban ze Basel da die eige
den frowen ze Klingental zugehört als
sy sprach
gestönscher sen denen man jerlich davon
git 1 ℔ zinßd Martini, umb 27 ℔. [sep] Joh de Howingen consensit. [sep] der ober Ziegelhof = 12 Ao 1387
8 zinst an die Barfüsser Ao 1421",https://files.transkribus.eu/Get?id=WTQEZXRFOLKUDVQNLNKBEJVJ&fileType=view | https://files.transkribus.eu/Get?id=VLHPIYBGAWGKOADTRDANAPKK&fileType=view,den frowen ze Klingental ,frowen ze Klingental ,0.9766235798597336,rel,Kloster Klingental,1.0,False
HGB_1_117_027,Lindenberg 8,2611718.7263953956,1267552.2830139901,f0b917bf-de35-415a-8bf1-652c9f48e920_20240705,"17, 18",1428,"Item git ze kouffende Bartholomens von
Merann seshaft und burger ze Lützern
ein watman, Heintzman Blawenstein
dem ziegler d hus und hofstat mit
sinem t sit in minren Basel im
Rustgeslin an der stett ringkmur und
stosset an hen Schalers des zieglers im
obern hof ziegelhof zinset von eigenschaft
nemlich dz hus und ein zweit reben
gelegen im bannen minren Basel im
Krotlispach ex und Clewin Tüfels reben
ex alia dem anvender nand ȡ sell
verkouft hat und der zweit reben ein
eigenschaft sint als sy sprachent und
zinsent beyde dz hus und reben herrn
Joh Eberlin eim priester und caplan [sep] des closters ze Klingental ze minren Basel
und nemlich der von Emerach phrund daselbs
1℔ zinßpheng jerlich diniß Johans bapte
et Andree und 2ß der selben zinßph. järlich
dinß ze erschatz, umb 12 guld",https://files.transkribus.eu/Get?id=WOBQZXTEYYACSBNKYAUBQKPB&fileType=view | https://files.transkribus.eu/Get?id=FJEYWBKPQEZOWOPXBFYQGDED&fileType=view,des closters ze Klingental ze minren Basel ,closters ze Klingental ,0.6609334605080741,rel,Kloster Klingental,1.0,False
HGB_1_117_029,Lindenberg 12 u. Riehenthorstrasse 1,2611756.745593293,1267572.6867485144,111e4dbd-3c3a-4e2a-9866-4fe39692ea10_20240705,"20, 21",1429,"Item git ze kouffend frow Enelin von
Schöpfhein, Herman Schaler dem ziegler im
obern ziegelhof ze minren Basel, iren seil¬
und alle die recht so sy hatte an dem ziegel¬
hof gelegen in minren Basel in dem egeß
ziegelhof mit dem hußlin daran vor und
hinden mit allen iren rechten so sy in kouffes
wyse anbenomen sint von Heinrichen
Angnesen und Lienhart genant Schaler
herr Schalers selig wilent des zieglers im
nidern ziegelhof elich elichen sich kinden und
von Andres Schäler irem kind so sy by dem
obgl herr Schaler seeligen wilent irem elichen
mane hatte die selbe verkoufte recht und
ouch der gantz hof über und über zinsent
jerlich nemlich zinset von eigenschaft wegen
Schaler Heman Eig v.
12 Ao 1438 [sep] 5 ℔ zinß d als sy sprachent ein teil dem
closter ze Klingental ein teil ze sant Claren
ein teil eim altar uff Burg ze Basel und
ze sant Alban ze Basel des zinset der obgl.
kouffer ein träger, umb 150 guldin.",https://files.transkribus.eu/Get?id=EASMDKXFBGVIKQIKZEALBZWK&fileType=view | https://files.transkribus.eu/Get?id=CBWCARMPIRETHZVXTSIWQPMI&fileType=view,dem closter ze Klingental ,closter ze Klingental ,0.9929957985877991,rel,Kloster Klingental,1.0,False
HGB_1_149_016,Peterskirchplatz 2,2611069.738771226,1267620.1043656368,1378382a-868a-497b-9f06-47ac6437cc8d_20240705,15,1412,"Item git ze koffende Hans Kornmesser berger,
einem
herre Joh Schösser einei noie eins schulmei¬
sters so ie ze giten ist der schul der stifte ze
sant Peter und eime schulmeister so ie ze ziten
ist daz huse und hofstat zem großen Kelr,
stoßet an Hans von Ogst dez brotbegken und
an demme huse so ettwenne ein begmen huse
was nammet man och zem großen Kelr
ist erbe von den herren ze sant Peter git 1 ℔
item Gotzman Roten 1 ℔, item 1 ℔ gen
Klingental mit wiß et erschatz pro 15 ℔.",https://files.transkribus.eu/Get?id=GWWKOZLCWKVVTAHPJOIJVCMH&fileType=view,Klingental ,Klingental ,0.8565322756767273,rel,Kloster Klingental,1.0,False
HGB_1_214_014,Steinentorstrasse 3,2611374.878241215,1266845.9746484477,9d1523db-f39a-4fbc-8e4b-38007ba1e904_20240705,4,1440,"Gilg Martin der Hubschmid u. Gred sin ewirtin,
u. mit jnen Enelin Sperysen der genanten Greden müter
verkaufen an Oswalden Branden jnnamen des gotshus
s. Joder ư besinder der phrund s. Katherinen altar
daselbs 1 fl gelts ab
sodan ab einem Hus & Hofstatt gelegen in der
vorstatt an den steinen jm sturgow, zwüschend
Ladenmachers u der bossingerin sebhusen, zinset
voneig. den frowen s. Claren 10sh. sodan gand ouch
darab 1 fl gelts widerk mit 20fl. den frowen Clingental
u. ab andern Güter, um 20fl.",https://files.transkribus.eu/Get?id=QTRCRTWEYLPMIATFYAYFSCGW&fileType=view,den frowen Clingental ,frowen Clingental ,0.9973666071891785,rel,Kloster Klingental,0.9964303755832968,False
HGB_1_214_052,"Steinentorstrasse 47, 49",2611233.329260593,1266714.0122373358,747b9a82-fb09-4387-897c-1dbb6d7acb40_20240705,3,1509,"Frau Elsbeth Mörnachin mit zem Eman Jörigen Rumel
von Nuemberg, verkauft an Frau Kunigen Reben, das Hus
u. Schuren mit dem Garten darhinter, in Steinenvorstatt, zu nechst
u dem Herthor, zu einer u. Hans Muspachs des Rebmans sel huse
zur andern siten, gelegen, ist das Hus u. der garten frei, u. gat
ab der Schuen jährl 2 1/2sh. zu Clingental, dem Lütkilchen s. Martin
3sh. dem Comenthr s. Johans 1sh. u. dem Steinen closter 18 d
u. 2ring brot ze wysung u. willegen die Schaffnere ein.
um 104 1/22.",https://files.transkribus.eu/Get?id=PGPREBLGFZBRMXJBQGACDRUA&fileType=view,Clingental ,Clingental ,0.989111602306366,rel,Kloster Klingental,1.0,False
HGB_1_214_052,"Steinentorstrasse 47, 49",2611233.329260593,1266714.0122373358,c9bc2ef7-758b-46c3-8d41-4e2ba367245c_20240705,4,1509,"Frau Wwe Anna Kunigen, verkauft an Leigen Rinnel von
Steinenthor Nuemberg u. seine Frau Elsbeth Mornachin, 2 ℔ jährl zinses
ab jrem Hus Schuren Hofstetten u. dem garten darhinder, alles
aneinander, in der vorstatt an den Steinen, zunechst an dem
Herthor zu einer, u. Hanns Muzachs sel huse zur andern
siten gelegen, ist das hus & garten zins frei, u. sol man
von der schuren jährl. geben 2 1/2sh. zu Clingenthal, zu s. Martin
3sh. der Conenthor zu s. Johans 1sh. u. dem Steinencloster 18 dem
u 2ring brot ze wisung, um 40 ℔ widerk.",https://files.transkribus.eu/Get?id=YFUMYQKMWBHLNZROIAGOISWU&fileType=view,Clingenthal ,Clingenthal ,0.9340581297874451,rel,Kloster Klingental,1.0,False
HGB_1_214_052,"Steinentorstrasse 47, 49",2611233.329260593,1266714.0122373358,dcb9cf02-94db-4833-8252-016fd1e8a84d_20240705,5,1513,"Frau Anna Kunigin Wwe. u. ihr von Haus, verkaufen
an Heinrichen Spilman den Metzger, ư seine Frau Elsbeth,
des Hus, Schüren & Hofstatt mit dem Garten darhinder, in
Steinenthor zu nechst am Thor, zwüschen der Stross so an der
Rinckmur hingat zu einer, u. Muspachs sel. hus zur andern
siten, zucht der Garten hinden an Spitals schrien, zinst die
Schüren von eig. dem Clingental 2 1/2sh. jtem der Caplanei zu
s. Martin, 3sh. dem Comenths s. Johans 1sh. u zuletst s. Maria
Magdal 18 dm u. 2ring brot ze wysung, u. ist das hus d garten
lidig, um 62 fl.",https://files.transkribus.eu/Get?id=YFYVIESEHOSDYGAZRNXJHYGF&fileType=view,dem Clingental ,Clingental ,0.8908645808696747,rel,Kloster Klingental,1.0,False
HGB_1_214_053,Steinentorstrasse 49,2611225.730588127,1266712.148412014,f63c3be0-bc51-45fe-8a7b-983cc1fb686e_20240705,10,1488,"Lienhart Einfaltig verkauft an Ulin Mornach
die Schuren in der vorstatt an den Steinen, zunechst
an dem thor, stosst henwertz an e Lienhart Mornachs
thorstrasst hus u. hinden an sin schuren, zinnsen 2sh. zu Clingental
3sh. zu sichartin, 21 dn den frauen an den Steinen, u. 1 sh.
zu s. Johanns, sonstfrei, um 28 ℔.",https://files.transkribus.eu/Get?id=VKHHQIMAUHBNHWESLWDSVULC&fileType=view,Clingental ,Clingental ,0.8568599820137024,rel,Kloster Klingental,1.0,False
HGB_1_214_053,Steinentorstrasse 49,2611225.730588127,1266712.148412014,ee0116bc-2eb0-4371-b000-9b7ad99bf66d_20240705,16,1420,"Clewin Meisters von Wildenburg, der Senger, Winger ze
Basel, verkauft Heinrich in Berwilr dem Spengler,
Jinger ze Basel, und Scheinen siner Ewirtin ein Huse
und Hoffstatt gelegen ze Basel under den Kremern, daz
man nemmet zer Seitren, ze einer siten nebend dem
Huss zer Tych und zer andern Siten an Ulrichs Harchs
Huss, ist Erbion den Frowen ze Clingental, denen
jerlichen darab gand 3℔ gen, Basler Zinspfenninge, u. Ring
Brotes Wysung und 2 sh. ze Erschatz in mutatione manus.
pro 61 Gulden.",https://files.transkribus.eu/Get?id=SQMBQBTMPYZQOVQOOYXMWMDO&fileType=view,den Frowen ze Clingental ,Frowen ze Clingental ,0.9930621236562729,rel,Kloster Klingental,1.0,False
HGB_1_215_021,Steinenvorstadt 15,2611342.0291606835,1266978.2774305167,52960247-52d4-460e-ba1d-91135624cfdb_20240705,19,1474,"Conrat Bittelmand bgr. u. torhuter an den Steinen,
verkauft an Ennelin Swarcz von Lofingen, ders Hus
genant zem feehm ort gelegen, an den Steinen.
uff dem undern birsich, neben dem holezins steg
hinden an Hannsen von Wissenburg des Webershus, zinset
voneig. 1sh. anlohl der Reten, mit 2 1/2 fl. zu Clingental
widerk mit 50 fl.
um 16 fl.",https://files.transkribus.eu/Get?id=SVVLDLDXEJAWRSJEOFCASDUE&fileType=view,Clingental ,Clingental ,0.9067158699035645,rel,Kloster Klingental,1.0,False
HGB_1_215_021,Steinenvorstadt 15,2611342.0291606835,1266978.2774305167,58967e27-ecaa-40e2-9760-f173ac9c121e_20240705,22,1483,"Elsbeten von Gündelshern verkauft Frau Dorothea Rosen,
blattin das Hus & Hofstatt genant zum Vehin Ort, in der
vorstatt an den Steinen uff dem undern Birsich, an den
in dem steg ze einer, u. Hans von Wissenburg des Webers
sel hus zer andern siten, zinset von eig. 1sh. dem herren
Reten fürer sol man geben 2 1/2 fl zu Clingental widerk.
sonstfrei, um 17fl.",https://files.transkribus.eu/Get?id=YSWEOVWLEUVFAWHABEACLECH&fileType=view,Clingental ,Clingental ,0.8930707573890686,rel,Kloster Klingental,1.0,False
HGB_1_215_045,Steinenvorstadt Th. v. 57 u. 59,2611276.7087499998,1266870.9999229666,fafa85fa-88ec-4524-81c5-1b6e446e7f45_20240705,12,1423,"git ze kaufen Angnes Erni, Peter Holdrians des
Harneschers eliche wirtin, Clausen Vinabend dem
Rebman u. Ennelin siner ewirtin, ein Hus u. Hofstatt
mit den zwem bleichmen derhinder, gelegen in der
vorstatt an den steinen, zwüschent filmans ele¬
webers u. der Strublinen Zinsen, so da von eig zinsent
u. h. u.
um 18 ℔.
das hus u. die eine Bleichin den
fertigungsbuch pg 266.
herren vons. Lienh. 35sh.
u. denne die ander bleichin den frowen von Clingenthal 30sh.
u. den frowen an den Steinen gand darab 3 fl. so widerk.
mit 60 fl.",https://files.transkribus.eu/Get?id=NRFKZDFGJMPWIEUWXEYXINDD&fileType=view,den frowen von Clingenthal ,frowen von Clingenthal ,0.8806154727935791,rel,Kloster Klingental,1.0,False
HGB_1_215_045,Steinenvorstadt Th. v. 57 u. 59,2611276.7087499998,1266870.9999229666,00c1fd3e-dcc9-410c-9a69-1e4d1227684a_20240705,20,1497,"Der Spital verkauft an Gorns Leiderer den Weber, u.
seine Frau Elsy, das Hus Bleiche u. stock, an den Steinen
an dem Rossmart, zwüschen Mathis Gronenzwigs, u. des
obgemelten Käufers hus gelegen sind, stosst hinden uff den
undern Birsich, zinst unen herren der Reten von eig. 6sh.
sodan dem Clingenthal 15sh. ư zu s. Lienhart 17 1/2sh. sonst
frei, sum 36 ℔ 5 sh.",https://files.transkribus.eu/Get?id=ZAEWZQQQAKTLJUFTOHAJGOKV&fileType=view,dem Clingenthal ,Clingenthal ,0.7533810436725616,rel,Kloster Klingental,1.0,False
HGB_1_215_090,Steinenvorstadt 58 / 60,2611220.1510246075,1266809.0164601482,b749e5a2-6549-4989-b9b5-d58595bc6e15_20240705,17,1516,"Conrat Hügli von Oberwyler, verkauft an Anna Kunzin,
wyl Clewi Kungs sel. Witwe, das Hus Hof Hofstatt Schen
u. Rephanten, in Steinenvorstatt, under dem Wag den hals,
zwüschen dem grossen Birsich, u. der müli glegen ist, zinset
mil. Herren der Räten 5 1/2sh. u. s. Johans bruderschaft 10sh. sodan
den Augustinern 1 ℔ 6sh. u. dem Clingental 1 ℔ 3sh. abl sonst frei,
um 100 fl.",https://files.transkribus.eu/Get?id=FFNYJBKLBBCXTCVMMHARTDNQ&fileType=view,dem Clingental ,Clingental ,0.860105037689209,rel,Kloster Klingental,1.0,False
HGB_1_219_008,"Teichgässlein 7, 9 u. untere Rebgasse 17",2611573.326918794,1267926.4124451969,b60dcc25-79f7-43f7-8057-aad2c5b6614c_20240705,12,1457,"Schultheissen Urkunde.
Das Closter sant Augustinus zu Basel verkauft Mathy.
von Kilchen dem Rebman zu minren Basel, und
Verenen siner Ewirtin das Huss und Hoffstatt mit
der Trotten und dem Höfflin darnebent, so gelegen
sind zu minren Basel in der Statt zwüschent dem
zwem Tychen nemlich das Huss nebent Lienhart
Grünensteins Müly genant die Schöne Müly ze einer
Siten und Heyni Kuoblochs Huss zer andern Siten, so
lit aber die Trott und das Höfflin hinder dem Huss und
ist genant Valkners Trott und ziecht hinder heruss an
die rechte Strass gegen Rappoltzhoff, zinsend von Eygen¬
schafft wegen, das Huss zwen Closterfrowen zu Clingental ge¬
nant die Zergeltne 6 sh. Phg. und 1 Huner, und die Trott
und d. Prott der Cottidian uff Burg 8sh. Zsphg. um 30 Gld. Klingenth. 2154",https://files.transkribus.eu/Get?id=GSZJQIIRBNLKWBPKGRIGEXHF&fileType=view,zwen Closterfrowen zu Clingental ,Closterfrowen zu Clingental ,0.7792028486728668,rel,Kloster Klingental,1.0,False
HGB_1_219_008,"Teichgässlein 7, 9 u. untere Rebgasse 17",2611573.326918794,1267926.4124451969,91f6ae8a-6df1-4b9e-8c1a-477f767074cb_20240705,"13, 14",1461,"Item git ze koffend Mathys von Kilchen
der rebman burger, Hansen Wergker von
Nunkilch seßhafft zu minren Basel,
das huß und hoffstat mit der trotten und
dem höfflin darhinder, genant Valkners trot
ten, so gelegen ist zu minren Basel uff dem
vordern tych nebent der Schenen müly
ze einer siten und Heinrich Knoblochs
huß zer andern siten und stosset die trott
hinden uß uff den mittlen tych und
hinfür an die straß gegen Sevogels schliffen
zinset von eygenschafft wegen nemlich
dz huß dem closter zu Klingental 6ß und
℔ huner und aber die trotten der cotti¬
dian uff Burg 4ß, pro sum 30 guld
die soll Hans Wergker dem erbern herren zu [sep] den Augustinern verzinsen und abtragen mit
1 1/2 guld geltes nach irs briefs sag und also
Mathysen dero lidig machen in massen er
gitt getzalt werde mit dem och der ersam
herr Hans von kouffenberg prior zen Augu¬
stinern ein gut benngen hatt als er sich
des offen bekant, item Heinrich Vogel
cottid. consensit et Andiat procurator in
Clingental.",https://files.transkribus.eu/Get?id=MDGLHKMGUVBMXYIVJNXVRFQB&fileType=view | https://files.transkribus.eu/Get?id=JBFJVGEVXMCHPPHSTXKCAUMY&fileType=view,dem closter zu Klingental ,closter zu Klingental ,0.9817394018173218,rel,Kloster Klingental,1.0,False
HGB_1_219_008,"Teichgässlein 7, 9 u. untere Rebgasse 17",2611573.326918794,1267926.4124451969,ae99715c-131f-4699-a522-47529bf2a0dd_20240705,15,1463,"Item gend ze koffen Heyni Wergker der
rebman von Nünkilch und Elsy sin
ewirtin, dem Closter zen Augustinern,
1 1/2 guld geltes jerliches zinses uff exalt.
ste cruer, von uff und ab dem huß und
hoffstatt mit der trotten darhinder so Bur¬
ky Rebers gewesen und gelegen sind zu (sic)
Basel zwuschent den zwen tychen nebent
der schönen müly, und Heyni Knoblochs
huß und die trott genant Valkners trott
zuht obsich an die ober straß gegen der
sagkmuly über, zinsend das huß den zwem
swestern den zergeltin (sic) closterfrowen zu
Clingental 6ß und 2 huner und die trott
der cottidian uff Burg acht ß cenß uff Mar¬",https://files.transkribus.eu/Get?id=ODIVKQWZOCYRGVCMYVIBTNGS&fileType=view,sic ) closterfrowen zu Clingental ,closterfrowen zu Clingental ,0.7555616438388825,rel,Kloster Klingental,1.0,False
HGB_1_219_008,"Teichgässlein 7, 9 u. untere Rebgasse 17",2611573.326918794,1267926.4124451969,1c60d7ca-64d2-4a7b-816c-9e3fc9ae3ed9_20240705,"17, 18",1465,"Item git ze koffen Albrecht Tries burger,
dem closter zu den Augustinern ze Basel,
drissig ß geltes damit ye zu zyten zu Basel
mergket win und wot koufft und verkoufft
die er ien humanthin richten sol uff Martini
von uff und ab dem huß und hoffstatt mit
der trotten und höfflin darhinder so genant
ist Valkners trott und gelegen zu mindren
Basel zwüschent der schönen müli und
Heinrich Knoblochs huß und zwüschent
den zwein tychen zinset von eygenschafft we-
gen den frowen zu Clingental 6ß und 4 hu¬
norari
ner und der cottidian uff Burg 4ß sodenn
von uff und ab sinem huß und hoffstatt
och mit sinen rechten so genant ist zem
7, 9 gibt obigen Zins d. Augustinen (1 1/2 gld um 1580
Narren und gelegen ze merren Basel in dem [sep] Ambergesslin zwüschent Jergen Schmeppers
des messerschmitz und meister Hoffmann des
schlossers hußern zinset von eygenschafft wegen
der stifft zu sant Peter 16 nuwer phening, pro
sum 30 guld.",https://files.transkribus.eu/Get?id=GKQWBGUARUABIWIBGMLYPYRV&fileType=view | https://files.transkribus.eu/Get?id=BZCVPWOSGXFZFSYVEMBXZZND&fileType=view,den frowen zu Clingental ,frowen zu Clingental ,0.9983554929494858,rel,Kloster Klingental,1.0,False
HGB_1_168_042,Riehentorstrasse 31,2611877.0584015287,1267687.0808151977,98d8a545-ea3c-43ac-8195-7120f8e06258_20240705,"6, 7",1461,"Item gend ze kouffend Peter Brand der reb¬
man burger und Gredlin sin ewirtin als
hoptverkouffer und Erhart Brand sin sin
als ein mitverkouffer, frow Ennelin Schynnog
lin wittwen und Erhart Ennelin und Ang¬
nesen ire elichen kinden, drig guld geltes
jerliches zinses uff Martini, von uff und sie
Peter Branden huß und hoffstat mit dem
garten darhinder so gelegen ist zu minren
Basel by dem obern thor zwüschent Han¬
sen von Mürgs und Hans Egers hußern
zinset dem huß Wettingen 1 ℔ 5ß, sodenn
uff einem zweyteil und einer halben ju¬
chart reben im banne minren Basel ge¬
legen unden uß zwüschent Henni Mun¬
tzinger und Botzen Lawährlins des murers [sep] güter da ist der zwenteil eygen, aber die halb
juchart zinset 8ß cenß uff Martini an ein
phrund gen Clingental die yetz herr Rudolff
Scherer besung (sic) nach zweyger briefen sag
sodenn zu merer sicherkeit uff einem drit¬
teil reben genant Zschalandt bletzlin geb.
gen zen Schiffen zwüschent Hansen Brug.
gers und Hansen Kungs güter, zinset der
presentz uff Burg 4 1/2 ß und 1 hun und
zu sant Claren 6ȡ item und dem ein
zwenteil reben in der Burg zwüschent Mar¬
tin Küblers und Heyni Gretzingers güter
stosset oben abhar uff Wertenbergs guter
zinset ½ clem sester rogken dem probst
zu sant Alban, pro sum 60 guld, sol
die güter in eren ze habent und den zinß
Martini ze gebent, item und globend die
hoptverkoffer den mitverkoffer vor schaden
zu verhüttend, item Johs gruber procurator
in Wettingen consensit.",https://files.transkribus.eu/Get?id=HVMLUBRCKOJXZIONCROOUDQO&fileType=view | https://files.transkribus.eu/Get?id=UTSSNYQUQGJVQFZOYGAGVKUK&fileType=view,Clingental ,Clingental ,0.8849547505378723,rel,Kloster Klingental,1.0,False
HGB_1_168_058,Riehentorstrasse 6,2611897.041268048,1267496.0091766869,b1f2426e-97e6-47e3-a333-a258284ce330_20240705,18,1415,"Schultheissen-Urkunde.
Eberlin Röslin der Hafengiesser, Burger zu Basel, und Gred
sin eliche Husfrow verkaufen dem Closter zu den Kartüseren,
in der minren Basel, daz Hus, den Hoff und och den Stok, so
man nempt Wasnegg, mit dem Garten darhinder, so gele¬
gen ist in der Stat zu minren Basel bi Sesserstürlin ein¬
Git an Clewi Pfiffers Hüslin zer andern Siten an dem
Hus zer Bebenen, und stosset der Gart hinder einsit an Lien¬
hart Teigers Gart und zer andern Siten und hinder an die
Karthuser, gibt von der Eigenschaft dem Kloster zu Clingental
2 1/2 sh. und 2 Hünr ze Zinse und von dem Erbrecht zusamen
mit dem Hüsli Clewi Pfiffers dem Domstift 2℔.
zer Bebenen = 8 Ao 1412
Rückseite nichts Näheres
Wasenegk = 6 Ao 1481
Carthaus Urk. No 79.",https://files.transkribus.eu/Get?id=QGTWCQIXGIHGLBXRFBQSQOJA&fileType=view,dem Kloster zu Clingental ,Kloster zu Clingental ,0.9935337454080582,rel,Kloster Klingental,1.0,False
HGB_1_168_059,Riehentorstrasse 8,2611897.041268048,1267496.0091766869,7bb6b6d8-15f0-4928-90f8-e288e7c187b5_20240705,3,1411,"Item het zu kofen gen Cuni Brand et
Geri uxor eig hus genant Zerbebnen
gelegen in der obren stat, sit an Eber¬
lin Hafengiesser et an Merkli von
Bibrach und zinst der Sidlererin 4 ℔
zins ȡ ze wienacht und den von Clin¬
gental 1 ℔ zins ȡ ze wienacht zins fron¬
vasten und hetz koft Werli Hofer et
Elsi uxor eig umb 20 guld die lehen
herren sint verhört.",https://files.transkribus.eu/Get?id=GYIROMTBNZEHOXCVFSGNEBAQ&fileType=view,den von Clin ¬ gental ,Clin ¬ gental ,0.7900641441345215,rel,Kloster Klingental,0.6963472778714064,False
HGB_1_168_059,Riehentorstrasse 8,2611897.041268048,1267496.0091766869,ab611493-f053-4b14-9160-d281adad8c8e_20240705,5,1423,"Schultheissen-Urkunde.
Peter Brand der Rebman Burger ze Basel, und Angnes sin
elich Frow verkaufen Henmann Schäler dem Liegler im obern
Ziegelhof und Burger ze minren Basel 3sh. ewiges Geltz uff
und abe irem Erbrecht irs Huses, Hofstat und Garten dahinder
genant zer Bäbenen, gelegen ze minren Basel in der obren
Stat by der Zehend Trotten, zwüschent dem Hus genant Wa¬
senegkund Henni Weltins Hus, zinst mit einem andern Hus
da by da Körber inne wonende ist, den Closterfrowen ze Klingen,
tal von Eigenschaft wegen 1℔, umb 17/2 ℔.
Auf der Rückseite:
Carthaus Urk. No. 98.
1487. Johannes Müntzer civis Bas redditus 35 sol. ad cum uti heredem
quondam Elome Schalerni sue matris pertinentes, vendit fratribus Carth,
Liensibus possessoribus domus sen aree dict zu der Bebenen pro 1 1/2 flor.
zer Behenn = 8 Ao 1412",https://files.transkribus.eu/Get?id=HKWMIWRNJUNVKQKBFRRMRNLD&fileType=view,"den Closterfrowen ze Klingen , tal ","Closterfrowen ze Klingen , tal ",0.9792363246281942,rel,Kloster Klingental,0.9866203028120104,False
HGB_1_168_059,Riehentorstrasse 8,2611897.041268048,1267496.0091766869,2e719ee7-6ffb-4e11-84a1-215152294c75_20240705,6,1423,"Item git ze kouffen Peter Brand und
Angnes sin efrow, Henman Schäler
dem ziegler im obern hof 35ß zinßd
geltz, vallet er Thome asli, uff und abe
dem erbe irs huses genant zer Babenen
mit dem garten dahinder sit in minren
Basel by der zehent trotten zwuschent
hüsern Wasenegk und Heni Weltins hus
das selb hus und ein ander hus da by da Korber
ine ist zinset den frowen ze Klingental jerlich
1 ℔ zinß d. umb 17 1/2 ℔.",https://files.transkribus.eu/Get?id=UDWEJKIHUIVKAGRXYXDREQLL&fileType=view,den frowen ze Klingental ,frowen ze Klingental ,0.9937777072191238,rel,Kloster Klingental,1.0,False
HGB_1_168_059,Riehentorstrasse 8,2611897.041268048,1267496.0091766869,a227b9be-78df-429d-a8f6-166f481712d5_20240705,8,1451,"Schultheissen Urkunde.
Peter Brand der Elter, ein Rebman, Burger ze Basel, ver¬
kauft dem Convent zu den Carthüsern ze minren Basel
das Huss und Hoffstatt mit dem Garten derhinder und dem
Höfflin darvor, so genant ist zer Bebenen und gelegen ze min
v ren Basel in der obern Statt, zwüschent dem Huss Wassnegk
und Henni Weltis sel. Huse, so den Kouffern vorhin sch bede
zugehörende sind, zinset von Eygenschafft wegen den Frowen
des Closters ze Clingental 10 sh. und 18 Phen ze Erschatz, so sich
die Hand verwandlet, und 18 sh. von der Erbschaft Meister Hen¬
man Schaler dem Liegler zu minren Basel, umb 60 Guldin,
Rückseite nichts.
Carthaus Urk. No 183.",https://files.transkribus.eu/Get?id=EJVBFRSFMOJLUZHKPFBPAKUJ&fileType=view,den Frowen des Closters ze Clingental ,Frowen des Closters ze Clingental ,0.9889771342277527,rel,Kloster Klingental,1.0,False
HGB_1_168_059,Riehentorstrasse 8,2611897.041268048,1267496.0091766869,ee69dc92-a505-42cd-9f23-eba5f9ab865a_20240705,9,1451,"Schultheissenurkunde.
Peter Brand der Elter, ein Rebman, Burger ze Basel, ver¬
Kauft dem Kloster der Karthäuser zu Basel, das Husz undt
Hoffstatt mit dem Garten darhinder und dem Höfflin daruor¬
so genannt ist zer Bebenen und gelegen ze minren Basel in
der oberen Statt zwüschent dem Husz Weisuegk und Henni Wet¬
Dis seligen Huse, zinset von Eigenschaft wegen dem Kloster zu
Clingental zehen Schilling nuwer Phenningen jerlichen uf
Sant Martins Tag, umb sechtzig Guldin Rinscher güter.
Brand Peter Eig. v. 8 bis 1451",https://files.transkribus.eu/Get?id=KEHZVJDXEGXQAWFZZOEGNVOW&fileType=view,dem Kloster zu Clingental ,Kloster zu Clingental ,0.994772881269455,rel,Kloster Klingental,1.0,False
HGB_1_168_060,Riehentorstrasse 10,2611818.742143513,1267586.7051683054,dcaf6e04-1a9d-4bd0-9298-4fba797733a9_20240705,"11, 12",1440,"Schultheissenurkunde.
Gredlin, eliche Tochter Oswalds Richen von Liestal, des Rebmans, sess
haft und Burgerszu minren Basel, so elich Frow was Hennin Weltins se
lige, wilent eins Rebmans und Bürgers zu minrem Basel, senun elich Frau
ist doman Webers, auch Burgers zu minren Basel, und Brwald Richen von
genannt als ein Vogt Peter Weltins, der vorgenannten Gredlin und Hen¬
nin Weltins seligen Rind, verkaufen den Karthäusern die zwey Hüsli, an¬
einander gelegen obman in der minren Stat Basel zwüschent der Zehent.
toren und dem Hus zer Bebenen, nemlich die vorgenannte Gredlin die vir
Geil, so sy von iren Kinden seligen, des vorgedachten Peters Gesursterden ze
Erbkomen ist, aber der vorgenannte Oswald im Namen desselben Peters
den jünssen Geil, zinsent von Eigenschaft wegen, nemlich das Hüsli wider
die Zehendtrotten dem Martrer Altar in Sant Claren Kilchen drischen
Schilling nüwer Phennigen jerlich en Sant Martins Tag, aber das ander
Hüsli nebent der Bäbenen zinset zehen Schilling sich nüwer Phennigger
lich uf den vorgenannten Sant hartins Tag den Frowen zu Klingental. [sep] umb fünftig Guldin Rinscher güter.",https://files.transkribus.eu/Get?id=HEACKTDSVFWKKALWNCGTYRDO&fileType=view | https://files.transkribus.eu/Get?id=YCWPEJHWGOAPNQDRKDJHBWMC&fileType=view,den Frowen zu Klingental ,Frowen zu Klingental ,0.9614452123641968,rel,Kloster Klingental,1.0,False
HGB_1_168_065,Riehentorstrasse 18,2611840.3049148666,1267627.9294196256,30715ebe-c2e0-4213-bb56-c6ef1223c986_20240705,12,1489,"Schultheissen Urkunde.
Andres Frug der Schnider, Burger zu Basel, und
Enneli sin elicher Gemahel verkaufen den Frowen
zu Clingental 1 ℔. Geltz jerliches Zinses, von uff und
abe irem Huss gelegen zu Mindren Basel by dem
obern Thor zwüschent Heinrichen Engelman
und Gitzman Lender Hüsern, so vormon Wern
lin Füfels gewesen ist, zinset den Frowen von
Clingental vormolis 8 sh. u. Pfg. umb 20 ℔.
Rückseite: ... Git jetz Barbel Bürgin od. meyerin, gibt jetz
Jacob Vellmins d. Räbmanns sel. W.
Klingenthal Urk. No 2437.",https://files.transkribus.eu/Get?id=USASXGLVVCJIFHENEQFAOWGU&fileType=view,den Frowen von Clingental ,Frowen von Clingental ,0.9954024851322174,rel,Kloster Klingental,1.0,False
HGB_1_168_065,Riehentorstrasse 18,2611840.3049148666,1267627.9294196256,edb7223f-0cf0-45f3-a423-e2ab2b5fddc5_20240705,"13, 14",1511,"Item da git ze kouffen der wolgelert herr Peter
Legenser meister in den siben frien kunsten
mit zunst wissen etc meister Ulrich Jsenflams
b. und der reten sins inn diser sach vogt
Rhiehenthorst dem erwirdigen herrn Augustin Lutenwanng
lutpriester des gotzhuses s. Theoder zu mindern
Basel, das hus und hoffstatt mit dem
höfflin darhinder, gelegen zu mindern Basel
in der ober statt neben Hanns Meiger ze
einer und Martin dem brodtbecken zer
anndern siten zinßt 5ß und 1 hun den
frowen zu Clingental und 2 1/2ß erschatz
dagegen git Hanns Meiger 2 1/2 ß und
1/2 hun von sinem hus im obgenanten
zins sodenn 2 ½ jucharten reben, inn min¬
dern Basel bann im Gilgenberg gelegen [sep] sind vor ziten zum teil agker und zum
teil reben und zum teil saffsern und
zum teil bloß gelennd gewesen neben, hien¬
hart ist gestrichen) (sic) sind die 2 1/2 jucharten
lidig eigen zinßt die vierd juchart den herren
von Wettingen 4ß jerlich uff Martini und
ring brots ze wisung, fürer noch witer sind
obgenante hus hoffstatt höffen und 2 1/2
jucharten reben nemantz versetzt, und
ist diser kouff beschehen umb 60 gl.",https://files.transkribus.eu/Get?id=JCFUIGCRKMNSVTTWCGYOGSGT&fileType=view | https://files.transkribus.eu/Get?id=BCZRUDXTSOTDRDMOOTYCCWXP&fileType=view,den frowen zu Clingental ,frowen zu Clingental ,0.9875770211219788,rel,Kloster Klingental,1.0,False
HGB_1_168_065,Riehentorstrasse 18,2611840.3049148666,1267627.9294196256,2bc5832f-2cba-4dc5-8b25-d2a77c58f31a_20240705,"15, 16",1513,"Item do geben zu kouffen der erwirdig herr
Augustin Lütenwang geschribenen rechten
doctor lutpriester der lütkilchen zu sant Theo¬
der zu mindern Basel so dem der bescheiden
Peter Lutenwang beide mit gwaltsame
Diebolt Zirckets ir harin rechtgebnen
vogts, der ersten pfrund unser lieben fro¬
wen altar der lütkilchen zu sant Martin.
3 guld gelts jerlichs zinses so die verkouffer
dem kouffere redes jars insonderhest uff
Simonis et Jude apli antwurten und
geben sollen, von uff und ab irs der verkouf-
feren nachgeschribnen güter, item huß und
hoffstatt mit dem höfflin derhinder gelegen
zu mindern Basel in der ober stat neben
Hans Meiger ze einer und Bastion Se¬ [sep] dem rebman zer anndern, zinßet 5ß und
ein hun den frowen zu Clingental von wegen
der eigenschafft und 2 1/2ß zu erschatz so sich
die hanndt verwandlet, dagen git Hans
Meiger 2 1/2 ß und 1/2 hun von sinem huß
in obgenanten zins, so dem 3½ juchart
reben in mindern Basel bann im Gilgen.
berg genant in der Ganß gelegen neben
Petter Gürtler seligen verlassen wittwe stos.
sent an Sckerpfadt ze einer und unden
harin wider die stat an Hans Bomgar¬
ters mettlin, und 3 jucharten eigen und
die 1/2 zinßt den herren von Wettingen 4ß
und ein ring brots zu wisung von we-
gen der eigenntschafft, fürer noch anders etc.
emptio facta pron 60 guld",https://files.transkribus.eu/Get?id=ZVDCXXIYMUKRUOMBNSTLTDMZ&fileType=view | https://files.transkribus.eu/Get?id=UCTHFKBMNENMRZCZMSXLZCMD&fileType=view,den frowen zu Clingental ,frowen zu Clingental ,0.9851558655500412,rel,Kloster Klingental,1.0,False
HGB_1_168_065,Riehentorstrasse 18,2611840.3049148666,1267627.9294196256,174c9500-e21a-4f21-8476-284d749015ad_20240705,17,1527,"Schultheissen Urkunde.
Balthassar Bürgy des Rebman, Burger zu mindern Basel.
und Barbara Meyerin sin eelich Husfrow verkaufen Han¬
sen Bientzen dem Müller, Burger zu mindern Basel
und Ursula siner Efrowen ein Huss und Gesess sambt
dem Gertlin darhinder, als das in Mindern Basel by
dem Ebern Thor zwischen Conratten Banwartten,
und Caspar Gutzwilern Hüsere gelegen, stosst vornen
uff die Strass, zinst den Frowen zu Clingenthal 1 ℔. 5 sh.
sint ablösig, zunst fry lidig eigen, umb 35 ℔. Stebler.
in tergo: Hanns Bientz d. müller koufft ein hus in mind Basel by dem
obern Keuel.",https://files.transkribus.eu/Get?id=NXDYXXSJRZQFIIEVCLYXUQWZ&fileType=view,den Frowen zu Clingenthal ,Frowen zu Clingenthal ,0.9952801465988159,rel,Kloster Klingental,1.0,False
HGB_1_168_066,Riehentorstrasse 20,2611843.9236091916,1267634.181430223,4668933f-c3d5-4af3-8d03-868f5b12c6ea_20240705,"10, 9",1428,"Item git ze kouffende jungher Cuntzlin
von Efrungen als ein vogt und in namen
frow Enelin Murnhartin als von Efrin¬
gen, Ulin de Münster vinicole eivi etc.
ein halbe schüren und die minren trotten
darne so man über und über nempt
Murnhartz trotten gelegen obman in der
minren statt Basel vorgl anemander ze
einer siten an des vorgl kouffers hus und
zer andern siten an der andren halben ver¬
koufferin schüren trotten darnne, zinset
über und über nemlich die vorges verkouffte
recht und d ander halb t so nach der ver¬
koufferin ist 10ß zinßd von eigenschaft
und ein hin jerlich geteilt Johnis et Andrer
den frowen ze Klingental und halb als [sep] git erschatz d der ob zinns ist umb 11 giban.
Johes de Howingen consensit.",https://files.transkribus.eu/Get?id=ERQXLTJRRAAIEKGTQYZREVIY&fileType=view | https://files.transkribus.eu/Get?id=EUBMJKYOAWINMBFKOSRTCALT&fileType=view,den frowen ze Klingental ,frowen ze Klingental ,0.9717653691768646,rel,Kloster Klingental,1.0,False
HGB_1_168_066,Riehentorstrasse 20,2611843.9236091916,1267634.181430223,f0ea33ab-3f77-44eb-81b6-bd5b1e67151c_20240705,"11, 12",1428,"Item gebent ze kouffen Ullin von Münster
vinicola und Enelin sin efrow Cuntz
lin de Efringen als ein vogt und in namen
frow Enelins Mürnhart genant von Efrin¬
gen 2 guld geltz jerlich zinses nat in ze
gebende uff und abe is halben schuren und
der minren trotten darne gelegen obman
in minren Basel ex und d vorgl verkof¬
fern hus ex alia an der andren halben
koufferin vorgl schüren und trotten die
selben zwo halben schüren und trotten
zinset über und über den frowen ze Klin¬
gental 10ß zinßd und ein hin jerlich Ho¬
his et Andree und halb sovil erschatz als
zinses, so demme uff und abe 3½ juchart
agkers sits im banne minren Basel in [sep] dem Gilgenberg ex una Lienhart Peigers
ex alia dem phad als man gon Krentzach
gat sint reben ein t saffra und teil bloß
gelend und sint 2 1/2 lidig eigen und die
vierde juchart erbe und zinset von eigen
schaft wegen den herren von Wettingen
4ß 2 zinß d jerlich Martini, umb
40 guld",https://files.transkribus.eu/Get?id=CSETUJWEUANHFRYOCRCCWFPU&fileType=view | https://files.transkribus.eu/Get?id=DAEECDXVTUIHQOLIEXUGRARS&fileType=view,den frowen ze Klin ¬ gental ,frowen ze Klin ¬ gental ,0.9807695945103964,rel,Kloster Klingental,0.7622203768871898,False
HGB_1_168_066,Riehentorstrasse 20,2611843.9236091916,1267634.181430223,8fce8e49-5f30-4d08-b214-965c69c8333e_20240705,13,1461,"Item het gefrönt Peter Tager des ersten Wernlin Geis¬
frachs sehuren und trotten, darnach 3½ jucharten
agkers mit reben und blossen gelend im Gilgenberg stossend
auf den phad und an Lienhard Peygers gut, sind 2 ½ lidig
eigen, aber die vierd zinset gen Wettingen 2 und 5ß cens
aber die trott und schüren und die ander schur und trotten
darnebend zinsen bed 10ß und 1 hun den frowen von Clin¬
gental die ersten 14 bag nach Valentin, die andern st.
nach invocavit, die dritten Mantag nach Guli.",https://files.transkribus.eu/Get?id=CCLSWFKYISCPBEVZSTWFJMEE&fileType=view,den frowen von Clin ¬ gental ,frowen von Clin ¬ gental ,0.9735524952411652,rel,Kloster Klingental,0.9688439868463242,False
HGB_1_168_066,Riehentorstrasse 20,2611843.9236091916,1267634.181430223,a580b8c9-88a6-44e8-a35f-3a991c3e853a_20240705,14,1462,"Item do bott Peter Tager uff Werlin Gerispachs
schüren und trotten, darnach 3½ jucharten agkers mit
reben und blossen gelend im Gilgenberg stossent an den
pfad und an Lienhart Peygers gut, sind 2 ½ lidig, eigen
aber die vierd zinset gen Wettingen 5ß 2ȡ, zins aber die
trott und schüren und die ander trott und schüren
darnebent zinsent bede 10ß und 1 hun den frowen zu
Clingenthal 1 ℔ 1ß zem ersten gericht.",https://files.transkribus.eu/Get?id=JUICWJWXCPDOVUXSMZXHJIAQ&fileType=view,den frowen zu Clingenthal ,frowen zu Clingenthal ,0.9918028563261032,rel,Kloster Klingental,1.0,False
HGB_1_168_066,Riehentorstrasse 20,2611843.9236091916,1267634.181430223,f1bf3776-1dca-4ae4-948e-06485c068ac9_20240705,"16, 17",1481,"Item git zu koffen Peter Jager der Sidensticker
burger, Gilgen Zehender dem rebman, des
ersten ein huß und hoffstatt so gelegen ist
in der obern statt vor an der Kilchgassen zwu-
schent Werlin Tüfels huß und Martins von
Brutbach trotten und stosst hindenzu an
meister Hanß Reylins garten zinset, den
frowen zu Clingental 5ß und 1 hun Mar¬
tini und 5ß cenß zu erschatz, des git im
Martin von Brutbach von siner schuren
wider
2 1/2 ß und 1/2 hun, Gilg Zehender, darnach 3 1/2
jucharten agkern zem teil reben und der mer
teil bloß glendtz in der Ganß stosset oben und
besitz (sic) an den Gyger pfad und zer andern
siten an Conrat Sumers gut funfftzig pfand
dem huß zu Wettingen jerlichen 5ß cenß [sep] Martini als etc.
proctuma funfftzig pfund.",https://files.transkribus.eu/Get?id=NAFFMAUBGVMWWDPXCZWSOLNG&fileType=view | https://files.transkribus.eu/Get?id=UQZRWLSOEQBENISRNRFQKRHY&fileType=view,den frowen zu Clingental ,frowen zu Clingental ,0.9960178136825562,rel,Kloster Klingental,1.0,False
HGB_1_168_066,Riehentorstrasse 20,2611843.9236091916,1267634.181430223,03d99c4f-1ed1-410b-a6fd-0d693d202d26_20240705,"18, 19",1481,"Item git zu koffen Gilg Zehender der rebman
burger und Gredlin sin ewirtin, meister Peter
Jager dem sydensticker, 2 1/2 ℔ geltes jerliches
zinses uff Martini von uff und ab irem huß
und hoffstatt so gelegen ist zu mindern
Basel in der obern Statt zwüschent Wernlin
Tufels huß und Martins von Brutbach trot
ten und stosset hindenzu uff meister
Hans Reylins garten zinset den frowen
zu Clingental 5ß und 1 hun des git Mar¬
tin von Brutbach als einem hofftrager
und 5ß zu erschatz, 2 1/2 ß und 1/2 hun
wider in, sodenn uff 3 1/2 jucharten reben
und bloß glendtz in der Ganß an zwen orten
am Yzger pfad und nebent Conrat Sumers
gut der sind 2 ½ juchart lidig eygen und die [sep] vierde juchard zinset
aber dem huß zu
Wettingen 4ß und
2 ȡ cenß, als etc., pro
suma
50 pfand.",https://files.transkribus.eu/Get?id=JWQFHXEERZQHILBGUYYTVZZY&fileType=view | https://files.transkribus.eu/Get?id=AYFNTUXFUOFYLMIHFNYAAXCF&fileType=view,den frowen zu Clingental ,frowen zu Clingental ,0.9906001687049866,rel,Kloster Klingental,1.0,False
HGB_1_168_066,Riehentorstrasse 20,2611843.9236091916,1267634.181430223,c1100c4f-54be-48e4-97e3-77b2c94b7254_20240705,20,1495,"Privat- Urkunde.
Bartholome Hartman von Krotzingen der Buman
Hindersess zu Basel, und Eilsi sin eelicher Gemahel
geloben, nachdem sie von den Predigern zu Basel
und Martin von Brupach dem Rebman, Burger zu
Basel, ein Huss gelegen by Riechenbergthor einsite nechst
nebent Jerg Meyers Trotten, zer andern Siten nebent
Hanns Begen Huss, und ein Höfli dorhinder, zinset von
Eigentschaft gon Clingental soh. Hansen Degen als eim
Treger, sodenn gon Clingental 1 ℔. 3 sh. widerkouffig, zu¬
sammen mit andern Gütern erkouft habend mit der Be¬
ladungen der Zinsen die Prediger von allen Kosten und
Schaden zu entheben.
Rückseite nichts Näheres.
Prediger Urk. No 1128.",https://files.transkribus.eu/Get?id=JISMTMXPKOLORHMQEKBVGHYG&fileType=view,Clingental ,Clingental ,0.5728636980056763,rel,Kloster Klingental,1.0,False
HGB_1_168_066,Riehentorstrasse 20,2611843.9236091916,1267634.181430223,c1100c4f-54be-48e4-97e3-77b2c94b7254_20240705,20,1495,"Privat- Urkunde.
Bartholome Hartman von Krotzingen der Buman
Hindersess zu Basel, und Eilsi sin eelicher Gemahel
geloben, nachdem sie von den Predigern zu Basel
und Martin von Brupach dem Rebman, Burger zu
Basel, ein Huss gelegen by Riechenbergthor einsite nechst
nebent Jerg Meyers Trotten, zer andern Siten nebent
Hanns Begen Huss, und ein Höfli dorhinder, zinset von
Eigentschaft gon Clingental soh. Hansen Degen als eim
Treger, sodenn gon Clingental 1 ℔. 3 sh. widerkouffig, zu¬
sammen mit andern Gütern erkouft habend mit der Be¬
ladungen der Zinsen die Prediger von allen Kosten und
Schaden zu entheben.
Rückseite nichts Näheres.
Prediger Urk. No 1128.",https://files.transkribus.eu/Get?id=JISMTMXPKOLORHMQEKBVGHYG&fileType=view,Clingental ,Clingental ,0.8667740225791931,rel,Kloster Klingental,1.0,False
HGB_1_168_066,Riehentorstrasse 20,2611843.9236091916,1267634.181430223,ca071ade-f2bf-47b3-8a39-78264f61fc9a_20240705,21,1510,"Item da git ze kouffen der erber Heintz Ma¬
der von Stetten, dem erbern Hanns Meiger
burger und sesshafft zu mindern Basel Elsin
siner efrowen, ein schüren in mindern
Basel gelegen by dem thor neben Jörg Meiger
und Cristan Suters husern, zinset jerlich
2 1/2 ß und 1/2 hun den frowen zu Clingen.
tal und 1 gl. geltz bemelten frowen zu Clin.
gental ist widerkouffig, fürer etc., facta
emptio pro 15 ℔.",https://files.transkribus.eu/Get?id=WDOHLAIHFBVNGTYLOCLWQDYX&fileType=view,den frowen zu Clingen . tal ,frowen zu Clingen . tal ,0.9694839517275492,rel,Kloster Klingental,1.0,False
HGB_1_168_066,Riehentorstrasse 20,2611843.9236091916,1267634.181430223,ca071ade-f2bf-47b3-8a39-78264f61fc9a_20240705,21,1510,"Item da git ze kouffen der erber Heintz Ma¬
der von Stetten, dem erbern Hanns Meiger
burger und sesshafft zu mindern Basel Elsin
siner efrowen, ein schüren in mindern
Basel gelegen by dem thor neben Jörg Meiger
und Cristan Suters husern, zinset jerlich
2 1/2 ß und 1/2 hun den frowen zu Clingen.
tal und 1 gl. geltz bemelten frowen zu Clin.
gental ist widerkouffig, fürer etc., facta
emptio pro 15 ℔.",https://files.transkribus.eu/Get?id=WDOHLAIHFBVNGTYLOCLWQDYX&fileType=view,bemelten frowen zu Clin . gental ,frowen zu Clin . gental ,0.9011310984690984,rel,Kloster Klingental,1.0,False
HGB_1_168_066,Riehentorstrasse 20,2611843.9236091916,1267634.181430223,4ab81b47-0f18-4ea1-9e97-12b10424b1a2_20240705,"22, 23, 24",1516,"Item do gabenn zu kouffenn die erbarn
Hanns Meiger und Elß Hürnlin sin ee
frow Kurger und sesshafft zu mindern Basel
dem ersamen Joß Beyer wussenthaffter schaff¬
ner der wurdigen abtissin des gotzhuses zu
Clingental in namen der genanten siner
wurdigen abtissin obgemelten gotzhuses,
vier pfundt geltes rechts jerlichs zinses so die
bemelten verkouffer redes jars besunder uff
Metardi bezalen sollen ir der frowen kouf-
ferin von uff und ab iren der verkouf-
fern diß nach bestimpten güter und under
pfender, item deß ersten huß hoffstat und
gesesse gelegen zu mindern Basel by Riehen
mar Thor neben Jörg Meiger zer einer und
dem Lutpriester zu sant Theoder zer anndern [sep] sitten, zinset vormals den bemelten frowen
zu Clingental 1 ℔ 3ß item zwey mann
werck matten in mindern Basel bann stos¬
Bent an den obern ablas und an die Hole¬
gassen ze einer neben Petter Meiger und Petter
Müntzinger zer anndern sitten item 1 juchar¬
ten reben in mindern Basel bann im Flösch¬
neben Mathis Müller dem ambtman und
Silvester Brugschlegel zer anndern sitten gle¬
legen zinset 4ß sant Theoder, item aber ein
zweyteil rebenn by Buchsboum muren
neben Hansen von Schoffhusen zinßt 3ß denen
von Berenfels item 9 jucharten ackers uff hohen
Durch stossennt uff Eberhart Scholers acker und
der frowenn zu sannt Clorenn zer anndern sitten
item 1 juchart ackers auch uff Hohenfürenn ge-
legenn neben der bemelten wurdigen frowen
zu Clingental und an miner herren der retten acker,
zum ziegelhoff gehörende zer annder sitten [sep] 6ȡ den ermelten frowen zu Clingental von
eigenntschafft tut 10ß da von gehörent
jerlichen der presentz uff Burg 3 1/2 ß
emptio facta pro 80 ℔.",https://files.transkribus.eu/Get?id=IWLCVTQSZUUZVQYQZKDWPAQR&fileType=view | https://files.transkribus.eu/Get?id=SJRTNBAFMJVGBVHAXLASJVBV&fileType=view | https://files.transkribus.eu/Get?id=HRPZFTFLWONOMTHPABCPKXZL&fileType=view,den bemelten frowen zu Clingental ,frowen zu Clingental ,0.9917529821395874,rel,Kloster Klingental,1.0,False
HGB_1_168_066,Riehentorstrasse 20,2611843.9236091916,1267634.181430223,4ab81b47-0f18-4ea1-9e97-12b10424b1a2_20240705,"22, 23, 24",1516,"Item do gabenn zu kouffenn die erbarn
Hanns Meiger und Elß Hürnlin sin ee
frow Kurger und sesshafft zu mindern Basel
dem ersamen Joß Beyer wussenthaffter schaff¬
ner der wurdigen abtissin des gotzhuses zu
Clingental in namen der genanten siner
wurdigen abtissin obgemelten gotzhuses,
vier pfundt geltes rechts jerlichs zinses so die
bemelten verkouffer redes jars besunder uff
Metardi bezalen sollen ir der frowen kouf-
ferin von uff und ab iren der verkouf-
fern diß nach bestimpten güter und under
pfender, item deß ersten huß hoffstat und
gesesse gelegen zu mindern Basel by Riehen
mar Thor neben Jörg Meiger zer einer und
dem Lutpriester zu sant Theoder zer anndern [sep] sitten, zinset vormals den bemelten frowen
zu Clingental 1 ℔ 3ß item zwey mann
werck matten in mindern Basel bann stos¬
Bent an den obern ablas und an die Hole¬
gassen ze einer neben Petter Meiger und Petter
Müntzinger zer anndern sitten item 1 juchar¬
ten reben in mindern Basel bann im Flösch¬
neben Mathis Müller dem ambtman und
Silvester Brugschlegel zer anndern sitten gle¬
legen zinset 4ß sant Theoder, item aber ein
zweyteil rebenn by Buchsboum muren
neben Hansen von Schoffhusen zinßt 3ß denen
von Berenfels item 9 jucharten ackers uff hohen
Durch stossennt uff Eberhart Scholers acker und
der frowenn zu sannt Clorenn zer anndern sitten
item 1 juchart ackers auch uff Hohenfürenn ge-
legenn neben der bemelten wurdigen frowen
zu Clingental und an miner herren der retten acker,
zum ziegelhoff gehörende zer annder sitten [sep] 6ȡ den ermelten frowen zu Clingental von
eigenntschafft tut 10ß da von gehörent
jerlichen der presentz uff Burg 3 1/2 ß
emptio facta pro 80 ℔.",https://files.transkribus.eu/Get?id=IWLCVTQSZUUZVQYQZKDWPAQR&fileType=view | https://files.transkribus.eu/Get?id=SJRTNBAFMJVGBVHAXLASJVBV&fileType=view | https://files.transkribus.eu/Get?id=HRPZFTFLWONOMTHPABCPKXZL&fileType=view,ermelten frowen zu Clingental ,frowen zu Clingental ,0.7512504551559687,rel,Kloster Klingental,1.0,False
HGB_1_168_069,Riehentorstrasse Th. v. 22 neben 20,2611850.0257568783,1267641.8324816409,16ba23ff-ac7e-4434-a9ee-d8473699f637_20240705,"5, 6",1428,"Item gebent ze kouffen Cuntz Thufel und
Gred sin efrow Heini Thufel und Anna sin
efrow und Henslin Hochertz und Elsy
sin efrow reblüte und burgere, Cuntzman
der Efringen als ein vogt und in namen
frow Enelin Mürnh als de Efringen, 2 gut
din geltz jerlichs zinses sollnend jerlich Mar¬
tini uff und abe ir halben schüren und
der trotten dar inne sit in minren Basel
ze einer siten Wernlin Meigenbergs des
wechslers trotten und ze der andern siten
Ulins von Münster halben schüren und
der trotten darumen, so vor ziten die vor¬
geß. halbe schür und trotten und Ulins
von Münster vorgl halbe schür und trott
ein schür und zwotrotten warent und den [sep] frowen ze Klingental von ir eigenschaft wegen
10ß zinßd jerlich Martini, so denne uff und
des obgl. Cuntzen Tufels 1 juchart reben sit
im bane minren Basel by Buchsmans
mur zwüschent Peter Meders und swester
Elsinen güter zinsent jerlich Hansen Zuber
als ein träger gegen den Predigern 2 1/2 ß zinß
Martini so denne uff des obgl. Heins Thufels
zweytel reben sit im banne Frdto zwu-
schent des obgl. Cuntz Thüfels und Heini
Aspachs reben zinset von eigenschaft wegen
jungher Hansen Sinlin 7.
jerlich Martini
so denne uff Henslin Hochhartz dritte neben
zwüschent her Tribogkes und herr Zschalander
reben zinset von eigenschaft wegen Wernlin
Meigenberg 5ß 4 zinßd jerlich Martini
im 40 guldin.",https://files.transkribus.eu/Get?id=DYAJEYETYDLRIXBOEXVJTAJH&fileType=view | https://files.transkribus.eu/Get?id=ZKBXYZYWHZFLJOSSWDNNKMPV&fileType=view,den [ sep ] frowen ze Klingental ,frowen ze Klingental ,0.9396296909877232,rel,Kloster Klingental,1.0,False
HGB_1_168_069,Riehentorstrasse Th. v. 22 neben 20,2611850.0257568783,1267641.8324816409,bff56724-1c58-41d1-b381-aca86ed28fc4_20240705,"7, 8",1443,"Schultheissen Urkunde.
Henni Walther von Brutbach, Burger zu Basel
und Ennelin sin Ewirtin verkaufen Frow Gredli
Riehenthorstr. Gastin siner Mumen 2Gld. Geltes jerliches Zinses
St. v, von uff und ab ir Schüren und Trotten, so gelegen
ist zu minren Basel in der oberen Statt nebend
Wernlin Meygenbergs Trotten und Schüren ze
einer Siten und Gerispachs von Krentzach Trotten,
zer anderen Siten, zinset von Eygenschaft wegen
den Frowen von Clingental 5sh. Zinspfg. und 1 Hun
umb Hold. M. B. der Zins liegt auf 18 u. 20 nach 1463
Rückseite: git jetz andres Suss der rebmann, jetz Samuel Wursteisen
der Mahler.
zeiche Rücke Klingenthal Urk. No 236. [sep] V. B. Siess Andreas u. Weisslisen Samuel
und Eig. v. 20 allen Ao 1558 bezw.
1687",https://files.transkribus.eu/Get?id=POHDLMNKHWTXZNHXGHVZQEWF&fileType=view | https://files.transkribus.eu/Get?id=PKXZRBRDMHIFBBAKSXWRYPOC&fileType=view,den Frowen von Clingental ,Frowen von Clingental ,0.9935380667448044,rel,Kloster Klingental,1.0,False
HGB_1_168_070,Riehentorstrasse Th. v. 22 neben 24,2611850.0257568783,1267641.8324816409,27a49090-0828-41f2-91b5-e10ec35372f4_20240705,"14, 15",1483,"Item git zu kouffen Clewi Walther der reb¬
man Jörgen Walther sinem bruder, das
huß und trotten darnebent genant Schmit
berg das gelegen ist zu mindern Basel
in der obern statt nebent Hansen Mun¬
tzingers huß zu einer siten und nebent
Martins von Brutbach trotten, zinst von
eigenschaft wegen dem gotzhuß zu sant Al
ban 3 gewonlich zinß pfenning und dem
gotzhuß zu Clingental 5 1/2 ß Martini und
die trott 6ȡ zu sant Alban und 6ß gen
Gnadental, so dem gand von huß und
trotten über und über 2 guld geltz nem
lich 1 1/2 guld gen Clingental und den halben
guld in die ellend herberg sind widerkouf-
fig und darzu gab er im och zu koffend [sep] sinen dritteil so er hatt in ir matten zu
Dietwiler ist eygen mit den worten und ge¬
dingen das Clewi der verkoffer das under gemach
uff dem keler hinden und vor an Mun¬
tingers huß und das schoppfflin darhinder
und darnach von demselben schöppfflin
hinder hin beß an den nuß bom und
darzu den halben vorkeler als verrdie mitler
mur gat als das alles underschlagen und
ußzeichnet ist mit ingang und usgang
weg und steg och mit dem geding das
Jörg das huß und trotten in eren haben
und all zinß von eigenschafft und erb.
schafft sol abtragen an Clewi sins bruders
kosten und schaden und och das derselb
Jörg Angnesen ir swester für iren teil
sol ußrichten 13 ℔ 7ß minus 4ȡ, item
und Jorg sol ein gang handurch Clewis
hindre gaden in sinen keller.
Gerichtsbuch der mindern Stadt P5.",https://files.transkribus.eu/Get?id=TQQVEQZVAYQWWTBNMHTOLUPO&fileType=view | https://files.transkribus.eu/Get?id=SXUGAYKGJGTEMPPUPYNFHIEK&fileType=view,dem gotzhuß zu Clingental ,gotzhuß zu Clingental ,0.9898885786533356,rel,Kloster Klingental,1.0,False
HGB_1_168_070,Riehentorstrasse Th. v. 22 neben 24,2611850.0257568783,1267641.8324816409,27a49090-0828-41f2-91b5-e10ec35372f4_20240705,"14, 15",1483,"Item git zu kouffen Clewi Walther der reb¬
man Jörgen Walther sinem bruder, das
huß und trotten darnebent genant Schmit
berg das gelegen ist zu mindern Basel
in der obern statt nebent Hansen Mun¬
tzingers huß zu einer siten und nebent
Martins von Brutbach trotten, zinst von
eigenschaft wegen dem gotzhuß zu sant Al
ban 3 gewonlich zinß pfenning und dem
gotzhuß zu Clingental 5 1/2 ß Martini und
die trott 6ȡ zu sant Alban und 6ß gen
Gnadental, so dem gand von huß und
trotten über und über 2 guld geltz nem
lich 1 1/2 guld gen Clingental und den halben
guld in die ellend herberg sind widerkouf-
fig und darzu gab er im och zu koffend [sep] sinen dritteil so er hatt in ir matten zu
Dietwiler ist eygen mit den worten und ge¬
dingen das Clewi der verkoffer das under gemach
uff dem keler hinden und vor an Mun¬
tingers huß und das schoppfflin darhinder
und darnach von demselben schöppfflin
hinder hin beß an den nuß bom und
darzu den halben vorkeler als verrdie mitler
mur gat als das alles underschlagen und
ußzeichnet ist mit ingang und usgang
weg und steg och mit dem geding das
Jörg das huß und trotten in eren haben
und all zinß von eigenschafft und erb.
schafft sol abtragen an Clewi sins bruders
kosten und schaden und och das derselb
Jörg Angnesen ir swester für iren teil
sol ußrichten 13 ℔ 7ß minus 4ȡ, item
und Jorg sol ein gang handurch Clewis
hindre gaden in sinen keller.
Gerichtsbuch der mindern Stadt P5.",https://files.transkribus.eu/Get?id=TQQVEQZVAYQWWTBNMHTOLUPO&fileType=view | https://files.transkribus.eu/Get?id=SXUGAYKGJGTEMPPUPYNFHIEK&fileType=view,Clingental ,Clingental ,0.6897051334381104,rel,Kloster Klingental,1.0,False
HGB_1_168_071,Riehentorstrasse 24,2611857.808451589,1267649.5756230082,fbee7eb6-f65d-42c8-8561-17608b95c534_20240705,"10, 11",1424,"Item gebent ze kouffen Andres Aspell an
sin selbs stat Caspar Meiger wilent des
sichlenschmides selig sun ouch an sin selbs
stat item aber der egeß. Andres Offnell in
namen und als ein vogt Vernlins des jetz
Kaspars swester für d er ouch trost etc. Han¬
sen Böscher dem hubschmid und Barbaren
siner elichen frowen dz hus und hofstat
mit dem garten dahinder genant Eptingen
sit in minren Basel in der obern stat
zwüschent Heym Keßlers selig hus und
herr Zangmeisters selige erben Schüren und
trotten zinset den herren ze sant Alban
3ß zinßd jerlich Martini und sovil erscha¬
den von Klingental 11ß zinßd halb Andree.
und halb Johis bapt, umb 80 guldin [sep] h. Tuner procurator dnor He Albani.
consensit",https://files.transkribus.eu/Get?id=JBXSOGZGCVZGAUPBLITDHIBA&fileType=view | https://files.transkribus.eu/Get?id=BLGKRCUUXXTVDYQEONSDTQHB&fileType=view,Klingental ,Klingental ,0.7481707334518433,rel,Kloster Klingental,1.0,False
HGB_1_168_071,Riehentorstrasse 24,2611857.808451589,1267649.5756230082,a546bef9-4a22-490f-81fc-ea3ee8f55eb3_20240705,"12, 13",1425,"Item gebent ze kouffen Hans Böscher von
Sowe (?) sie
Lindama der hubschmid b. und seß.
haft ze minren Basel und Barbara sin
elich frow. Andres Ospnell Seltets min¬
ren Basel 3 guldin geltz jerlich Martini uff
und abe irem hus hofstat und garten da¬
hinden genant Epting sitt in minren
Basel in der obren stat zwüschent Heym
Keßlers seligs hus und der trotten und
schüren herr Zangmeigers seligt wilent
des slossers erben, zinsent von eigenschaft
wegen den herren ze sant Alban jerlich ze
sant Martins t 3 gewonlich Baßler zinß
ph und 3 derselben zinßph. ze erschatz
in mit mang und über den sellen
und erschat
zinst sol man geben jerlich Sivis Di [sep] Aenpin richten und geben den closter¬
frowen ze Klingental 11ß zinßph. von
eins selgerates und jarzites wegen als
sy sprachent Heinrich Tuner sartor
procurator in sanct Albani consensit
umb 60 guldin.",https://files.transkribus.eu/Get?id=BGBEGSRRLVLCIBUDOPEWBIRL&fileType=view | https://files.transkribus.eu/Get?id=NAHCPYYRKBVFYIRDWKBVMGRW&fileType=view,den closter ¬ frowen ze Klingental ,closter ¬ frowen ze Klingental ,0.9679918785889944,rel,Kloster Klingental,0.9932112465057052,False
HGB_1_168_071,Riehentorstrasse 24,2611857.808451589,1267649.5756230082,2b14b1c4-f05a-4f98-951d-9baa17274a80_20240705,14,1426,"Item gebent ze kouffen Hans Böscher
civis etc. und Barbara sin elich frow, h.
Blawenstein dem ziegler sit eivi sh. das
hus und hofstat mit dem garten dahin¬
der site in minren Basel in der obern Stat
zwüschent des zangmeisters seligen Schüren
und Heyni Reßlers seligen hus zinset von
eigenschaft wegen den herren ze sant Alban¬
3 zinß (sic) Martini und 11ß zinß d sit
Martini in Klingental von solgeraten
wegen, umb 80 guld, h. Thoner pro¬
curator dnor sancte Albani consensit",https://files.transkribus.eu/Get?id=WTJHEWVHNMJHCUPKKZTLWSLQ&fileType=view,Klingental ,Klingental ,0.7218586206436157,rel,Kloster Klingental,1.0,False
HGB_1_168_071,Riehentorstrasse 24,2611857.808451589,1267649.5756230082,99fe7a32-3651-48d8-97d5-e3f689f73f26_20240705,15,1426,"Item git ze kouffen h. Blawenstein et
super domo predicta d
Angnesa eins uxor Kindree Ospnelle stellt
minren Basel 3 guld geltz solnend jerlich
Pentoste no cenßd etsens ut sup
umb 60 guldin no war etc. et reempt
andiat uxor venditon anditia est oder
je einen guldin mit 20 gulden
widet¬
koiffig etc.
Heinry Thuner dnor sancte
Albani consensit
z das vorgenannte haus ist: hus und hofstatt u. garten dahinter
in minten Basel in der obern statt zwischen des Langmeisters sel.
schüren u. heym Kesslers sel. hus zinset von eigenschaft wegen den fro¬
wen zu St. Alban 3 zins (sic) martini u. 11ß zins ȡ zu Clingental.
Gerichtsbuch der mindern Stadt P2
S. 118",https://files.transkribus.eu/Get?id=URUDOEFNEZXMVXTPBJVDVNFZ&fileType=view,Clingental ,Clingental ,0.8646214008331299,rel,Kloster Klingental,1.0,False
HGB_1_172_013,Rosshofgasse 11,2610985.882247186,1267390.2912206864,5df7a968-e581-4e11-b765-145ebb69f4de_20240705,21,1481,"Henslin Winckeler ư seine Frau Else, verkaufen an
Lienhart Einfaltig des Rats, 3 fl. gelts ab.
sodan dem Hus genant Velsperg, an den Spalen,
zwüschen Me Herren Marstall ze einer, u. Mr. Hanns Osy
des schumachers hus zer andern siten gelegen, zinst
voneig der Stift s.Peter 1 ℔ 2sh. u dem Closter Clingental
30sh. KKappannen,
um 60 fl widerk.",https://files.transkribus.eu/Get?id=RBFVXBXSCHHOEAESPCDMCTJI&fileType=view,dem Closter Clingental ,Closter Clingental ,0.9889305233955383,rel,Kloster Klingental,1.0,False
HGB_1_177_012,Sattelgasse Theil von 7 neben 5,2611180.6139903087,1267497.824072882,e03ce1a3-cd47-4402-8c65-d1f1af213c3a_20240705,"21, 22",1412,"Item git ze köffende Verena elta qud Clewi
Rüters dez spenglers burgers ze Basel et Gredlin ir
kint, Hansen von Tuchsel demme snider burger
der köfte so et Elsine se uxor dz huse und
hofstat mit dem gange hinder uf über daz
zünseli mit allen z und zug ze Basel in der
Sattelgasse hinder der fleischschalen zwuschent
He Jegers und He Stamlers selige hüsern vor
& sit aneng
und hinder tu sins achm so erb von eime cap.
lan so ie ze ziten ist der heilige drien küngen
altar in sant Peters kilchen gelegen git man
1 ℔ 5ß zins ȡ anga 4ring wiß Martz 3ß
ze erschatz item den frowe ze Klingental 2 ℔
zins ȡ 1 hun ze wiß Martini item von der
erbeß 1 ℔ Heintzman Mürer item 3ß den her.
ren ze sant Lenh item 8ß den herren ze sant [sep] Peter pro 50 guldin.",https://files.transkribus.eu/Get?id=RITAWPAHRCKBUIJXUTAZXHLD&fileType=view | https://files.transkribus.eu/Get?id=IBDKQQZSOOODCLEIKWCWJCFO&fileType=view,den frowe ze Klingental ,frowe ze Klingental ,0.9808641821146011,rel,Kloster Klingental,0.9278278244710989,False
HGB_1_177_012,Sattelgasse Theil von 7 neben 5,2611180.6139903087,1267497.824072882,56d37846-1940-4475-8925-21911cdf5699_20240705,23,1423,"Sotariats-Urkunde.
Petrus Steger sartor civis Basiliensis conducit ab hospita
li pauperum Basiliensi unam ipsius hospitalis domum
Sitam in civitate Basiliensi retro macellum nunci.
patam zem Kupfernagel inter domos Henmanni
Jeger institoris ex una et Henslini Blarer loricatoris
Bas parte ex altera, oneratam in ina libra den nov.
monasterio in Clingental, in 4 sol. ecclesie sancti Petri Bas.
in 12 sol. et 6 obilis cappellanie trium regum i eadem
ecclesia site ar 10 sol. Heintzmanno Murer civi Bas. ne¬
non 18 den monasterio S. Leonardi, pro am o censu
4 lib. et 10 sol.
ückseite nichts Näheres.",https://files.transkribus.eu/Get?id=SMDQIVNXEBTXMOUVJNSBHLSX&fileType=view,monasterio in Clingental ,monasterio in Clingental ,0.6364789505799612,rel,Kloster Klingental,1.0,False
HGB_1_177_029,Sattelgasse Theil von 8 neben 10,2611174.6899640025,1267501.5212436123,13f9908b-b039-4693-a61b-b804ffbc22cd_20240705,11,1405,"Item do gaben ze koffende Heinrich Füli bur¬
ger ze Basel et beli eig uxor daz huse hofstatt
und gesesse so gelegen ist ze Basel under den
Kremern by nide vallen an Henslis von
Waltikoffen dez underkouffers huse und zer andren
siten an demme huse so etwenne was Clewis
von Münster dez spenglers und in ist He Rosechs
dez watmans da von jerlich gangen 4 ℔ (Lüke,
den frowen ze Klingental von der eigenß ze zinse
(Lüke) item 1ß den herren ze sant Lenh zem
selgrete, so denne dz huse ouch under den Kre¬
mern Cic).",https://files.transkribus.eu/Get?id=WVNNSAVRFINVXBNIZJMUVYMF&fileType=view,den frowen ze Klingental ,frowen ze Klingental ,0.9670485407114029,rel,Kloster Klingental,1.0,False
HGB_1_177_029,Sattelgasse Theil von 8 neben 10,2611174.6899640025,1267501.5212436123,e6dde160-f818-4013-bd1c-bf9f53253ee8_20240705,"17, 18",1428,"Mr. Hans von Strassburg der alt werchmeister
u Katherin sin ewirtin, verkaufen an Rudolff
Meygenberg dem appenthezger u seine Frau
Ottilien, die zwey huser, gelegen eins hinder
der fleisch schal under den kremeren by nidern
vallen, zwüschent Bruggers des schniders u Hans
Richartz des Walmans Hüsern, ư ist erb von dem
frauen ze Clingental denen darab gand 4 ℔ u.
tring wisung, u. 2sh erschatz
so ist aber das ander hus gelegen unden dem
kremern hinder Wegenstettes u. Mr. Ulrich von
Nürenberg hüsern, ư dasselb istfrei,
dach vorbehept Hansen Eberlin ire rechtung als vor
siten Hans Werchmeister der vorgl. verk. el sun dise von
sin um 6 fl. zu einem erbe emphieng
v sum 7fl. [sep] Bernerk. das zweite Haus ist hinter Sattel¬
Gasse 10 u. hinter Schneidergasse
13 n 15",https://files.transkribus.eu/Get?id=RZBOHFZDSCPHSJZKQHSVPLJY&fileType=view | https://files.transkribus.eu/Get?id=QXDITXKIUNYIMMADNOBCICYZ&fileType=view,dem frauen ze Clingental ,frauen ze Clingental ,0.9981582313776016,rel,Kloster Klingental,1.0,False
HGB_1_177_029,Sattelgasse Theil von 8 neben 10,2611174.6899640025,1267501.5212436123,3bcdc7de-90d9-4993-aa07-3ef4724fb59b_20240705,"26, 27",1458,"Do gab ze kaufen Johanns burckardi ein priester jnnamen
sins herren des Deptors von Jsenhein, Claus Brandenburg
den schnider z d zyten ein pfrunder des Huses u. Anthonen
in der vorstatt s. Johanns jnnamen sins selbs auch des gedachten
Huses, dem Adam sunt dem gewantman u seine Frau
Margreden, das Hus & Hofstatt, genant sant Jergen brum
mit dem gemeinen gang so hinderhus in die Kremergassen gat,
als das hinder der Fleischscholen, einsyt nebent dem Huse
genanter Niderfallen, u andersite an dem Huse zem
Zumboum gelegen, daz jetzt Penthelin von Liebenstein der
tuchscherer inhat, ư ist beschehen dass ddam esin ehfrau
jährl den Bredigern von der eig. 4 ℔ tringbrot wisung u 2sh.
erschatz geben sollent harurende von den frauen ze Clingental
von denen es erbe was, ư den zu s. Lienhart geben 1sh.
von einem Selgerete, über das alles geben 6 fl. dem genanter.
Clausen von Brandenburg bis zu end siner wile & nach sinem [sep] sode an das vorgedacht gotshus s. Anthonen.",https://files.transkribus.eu/Get?id=APVDYIAMUFJRBBAQWQXCXYIJ&fileType=view | https://files.transkribus.eu/Get?id=ERKWNCWHOUBJPDHMHNKSAJQN&fileType=view,den frauen ze Clingental ,frauen ze Clingental ,0.995077982544899,rel,Kloster Klingental,1.0,False
HGB_1_177_032,Sattelgasse 14,2611173.181314692,1267461.1052147006,374d1c02-b2bf-48fc-9a26-20c251be7796_20240705,17,1441,"gend zu kaufen Claus Sunnenfrow der messerschmid
u Else Meygerin Oswald Meygers etzwen eins schliffers
ebwitwe, Elsen Keller Hansen von Münster Hofmeistes
ze sant Claren ebfrowen, 3fl gelts, ab irem Hus u. Hof¬
4/1743 statt mit der schliffen u. wassewall, so gelegen ist.
ze hinder ars ulbent Verlingers des goltsmids hus ze
einer siten u. Mr. Heinrich darus hus hinderzu der andern
siten, zinst voneig. Frow Ennelin von Loffen 30 sh. u der
Barfüsser closter 1 ℔, ư dem Clingental 1 ℔, ư den herren
ze sant Peter och 1 ℔, ư ab andern güter, um 60 fl.
widerk.",https://files.transkribus.eu/Get?id=XCGWAHKWSBQDGMNKOZSKMOLP&fileType=view,dem Clingental ,Clingental ,0.9472790062427521,rel,Kloster Klingental,1.0,False
HGB_1_177_032,Sattelgasse 14,2611173.181314692,1267461.1052147006,de3f1900-289e-4b7a-a355-410b92ce22f1_20240705,"26, 27",1460,"Der Schaffner de priors da Convents zu Bern
Clausen Sunenfro den messersmid der kauft hat,
das Hus Hofstatt ư Hyffe, als den genanten Bredigern
zu Bern u. bruder Thoman Sunnenfro jrem Corwentbruder
erblich ankomen ist, von wil. Oswalten Meiger von Jsene
dem Kiffer u Elsin siner ewirtin des genanten bruder Emans
frowatter & gromitter, ư gelegen ist ze hinden arss wider
die Niderfallen an Gerhartz von Blumenberg sel. hinderm
huse einsite u. Ulman wytlikers sel. hinderhuse zer
andern siten, zinset Frau Ennelin sel. erben so do
gewesen ist J. Hugen von Kouffen eliche wirtin Joshn sodem
Frau Verenen Rotin sel. erben 1 ℔ Frau Agnesen zem Winde
Closterfrauen u Clingental 1 ℔ & dem Spital 1 ℔ sonstfrei.
perrn das den Bredigern zu Bern der brieff u. das Wartzel
so Frumenfro gehept hat anden 50 fl. u. den 2 1/2 fl gelts
davon geburende, so jm frowenberg der Flosser jährl verbinden [sep] ist ze gebende von sinem Huse an dellartins sprung
gelegen",https://files.transkribus.eu/Get?id=CMUIRUJUIPXAUROEOHPHFJPZ&fileType=view | https://files.transkribus.eu/Get?id=JMFKZOYMNCBQXTPRLCLLEYGS&fileType=view,Closterfrauen u Clingental ,Closterfrauen u Clingental ,0.8332080642382304,rel,Kloster Klingental,0.9312660222368125,False
HGB_1_177_032,Sattelgasse 14,2611173.181314692,1267461.1052147006,8a215b09-9ac9-42c8-ad47-66a1cb80a632_20240705,28,1460,"Claus Sunnenfro u. seine Frau Elsin, verkaufen an
das Bredigercloster zu Bern, 2 1/2 fl gelts, ab jrem Hus
Hof und Siffen, als das aneinder ze Hinder ars wider
die nider fallen, an Heinrichs von Esch hinderhuse genant
zem wyssen huse d. meister Dorners sel hinderhus genant
zem pflug zer andern siten u auch hinder über den
Birsich gegen Lindenblusts seelhus zinset jährl zer
Clingental 1 ℔, soden Frau Ennelin sel. erben die do was
z. Hugen von kauffen sel ewirtin jährl 30sh. Frau Verenen
Rohnseberben 1 ℔ ư dem Spital ouch 1 ℔, sonstfrei.
um 50 fl. widerk.",https://files.transkribus.eu/Get?id=PQLFOPIHBSCAEQVCWILBIKOY&fileType=view,zer Clingental ,zer Clingental ,0.7524812817573547,rel,Kloster Klingental,1.0,False
HGB_1_177_032,Sattelgasse 14,2611173.181314692,1267461.1052147006,46b003a5-dbd8-4b09-a13c-ed7b62226bf0_20240705,37,1491,"Heinrich Oberlinger u seine Frau Katherin, verkaufen
an Hanns Negelin, das Hus & Hofstatt mit der Stiffe
zu Hinderars, anemander wider die nider vallen, zwüschen
den Hüsern zum wissen hus ư zum Pflug gelegen ist, reichet
hinder sich über den Birsich, zinst von eig. zu Clingental 10sh.
zu s. Peter 10sh. jtem 10sh. dem Spittel, u. 15sh. der von Louffen Erben
sodan sol man davon geben 2 1/2 fl. den Predigern zum Bernn, sonst
frei, um 62 ℔.",https://files.transkribus.eu/Get?id=CJQUEOFQHEGTVCDZEWDXLGTQ&fileType=view,Clingental ,Clingental ,0.8185482621192932,rel,Kloster Klingental,1.0,False
HGB_1_177_032,Sattelgasse 14,2611173.181314692,1267461.1052147006,3bda2629-1ddc-4253-bfdc-483001893772_20240705,39,1495,"Hanns Negelin der Seyffer, verkauft an Hannsen von
Mechel den Kremer, u. seine Frau Kath, das Hus & Hofstatt
mit der Stiffe, zu hinder arss anenwander, wider die nydervallen
zwüschen den husern zum wysen hus ư zum pflug gelegen ist,
reichet hindersich über den Birsich, zinst von eig. dem Clingental
10sh. sodan den herren s. Peter auch 10 sh. u. dem Spital 10sh.
desgl. der von Loufen Erben 15sh. zuletst sol man davon geben
2 1/2 fl den Predigern ze Bern, sonstfrei, sum 31 ℔.",https://files.transkribus.eu/Get?id=AHTQHDHYQUJVLZZTBUCCDRTW&fileType=view,dem Clingental ,Clingental ,0.885999321937561,rel,Kloster Klingental,1.0,False
HGB_1_177_032,Sattelgasse 14,2611173.181314692,1267461.1052147006,09bf20c2-1417-45e2-a84f-2633b3c66239_20240705,44,1501,"Haus von Mechel, der Kremer u seine Frau Katherina,
verkaufen an Bartholome Krafft den Bliffer, ư seine Frau
Verenen, die Stiffe hus & Hofstatt zu Hinderars an
einander wider die indern val, zwüschen den Hüsern zum
wissen hus ư zum pflug gelegen ist, stosst uff den Birsich,
zinst voneig. dem Clingental 10 sh. zu s. Peter 10sh. dem
Spital auch 10sh. ư der von Kauffen Erben 15sh. sodan sol
man geben den Bredigern zu Bern 2 1/2 fl sind widerk. sonst frei.
sum 55 ℔.",https://files.transkribus.eu/Get?id=LTRCTJOZTZAADNXKWBXSVLGS&fileType=view,dem Clingental ,Clingental ,0.9510860741138458,rel,Kloster Klingental,1.0,False
HGB_1_177_032,Sattelgasse 14,2611173.181314692,1267461.1052147006,677a93d8-604b-40e8-855c-45d2f4755c80_20240705,45,1502,"Vil erber lüte denen Barthle crafft der Seyffer sel. schuldig,
verbliben, haben seine Syffmüly, mit Hus & Hofstatt, hinder
der Flerischschal zu hinder ars uff dem obern Birsich gelegen,
zinst voneig. dem Clingental 10sh. u. 15sh. wil. der von Louffen
erben, jtem 10sh. zu s. Peter, u. 10sh. dem Spital, als eins
erblosen guts, in gericht verkauft.
Prior & Convent der Prediger closters zu Bern, boten darum
über der vorbestimpsten Zins & Hptg. 50 fl. sind Hptg. etc.
uff das so sund im gericht Hanns Brelman der Waffensmid, u.
ezalt wie er nach allen zinsen 2 ℔ 15 sh. jährl gelts u. jr Hptg. 55 ℔.
gegen dem Mr. Peter Ringysen der Peten ab sollicher Styffe ze geben
verschuben were, damit er mit verkistig wird, so hol er darum
55 ℔.",https://files.transkribus.eu/Get?id=YPMLNGLUPPPNMKVSBLUDRLIL&fileType=view,dem Clingental ,Clingental ,0.938199520111084,rel,Kloster Klingental,1.0,False
HGB_1_177_032,Sattelgasse 14,2611173.181314692,1267461.1052147006,7132c648-9df5-46c3-abf9-0970b27e04f2_20240705,47,1503,"Hanns Bielman der Waffenschmid, u. seine Frau Enele,
verkaufen an Lienharten Negele den Schliffer enet Rus,
u. seine Frau Katherin, die Bossen der Schloffmüle
mit Hus & Hofstatt, hinder der Fleischschol zu hinderers
uff dem obern birsich gelegen, zinst voneig. 10 sh. dem Clingenthal
u. dem Spital auch 10sh. u. wil. dero von Lauffen Erben 15 sh.
u. zuletst den Pres gerherrn zu Bern 2 1/2 fl um 5 ℔.
Die Schaffner willigen ein.",https://files.transkribus.eu/Get?id=DKKUWMPMMAENAERKCYABLEBL&fileType=view,dem Clingenthal ,Clingenthal ,0.9622540473937988,rel,Kloster Klingental,1.0,False
HGB_1_177_032,Sattelgasse 14,2611173.181314692,1267461.1052147006,873023a9-932b-4dae-8d0a-e935753b561b_20240705,50,1515,"Rethrine wyl. Lienhart Negelis des Seyffers sel. Wittib,
sodan Stoffel Negeli u. Cristiana desselben sel hind, verkaufen
der Werly Im Hoff dem Messersund als Vogt Gertruten siner
eeltochter, wyl Lorenz ortlis sel. Wittib, die Styffmülle mit
Hus Hofstatt hinder der Fleischschal zu hinder ars, uff dem
hindern Birsich gelegen ist, zinst zu Clingental 10sh. u. dem
Spital 10sh. jtem den herren s. Peter 10sh. von eig. sodan 15 sh.
den von Louffen, u. 1 ℔ 13sh. abl. gült, sonst frei, sum 50 ℔.
mit Zusatz wegen Vorkaufsrecht.",https://files.transkribus.eu/Get?id=EGNQSSRHFTGQNXVUMTGZKADP&fileType=view,Clingental ,Clingental ,0.9063129425048828,rel,Kloster Klingental,1.0,False
HGB_1_177_038,Sattelgasse Theil von 20 neben 22,2611160.057266843,1267491.6926161794,b2ec1617-9ace-45ea-8975-8abb1c392f94_20240705,10,1450,"As do Elsin Vormer sel wilent Mr. Oswald Martaus
des Watmans ewirtin, an jrem lesten durch ir seellen heils
willen, der Ellenden Herberg 20 fl. besetzt hat u. sw.
da bekante er sich daz en der Ellenden Herber 1 ℔ gelts
dafud ze kaufen gebenhett, ư hette ouch derz versichert uf
sin hus genant zem lörboum hinder der Schal uff
Wasserfallen gelegen, zwüschend Hansen Ysermlin u dem Hus
zer Nodrenfallen.
zinset 1 ℔ -ß 4 dn der Besenz uf Burg,
ư dem so gend darab denfrowen von Clingental 2fl gelts,",https://files.transkribus.eu/Get?id=CZKSODLAMJARNKZCPDWVKHGZ&fileType=view,denfrowen von Clingental ,denfrowen von Clingental ,0.9798966646194458,rel,Kloster Klingental,1.0,False
HGB_1_199_015,Spiegelgasse 11a,2611190.3853748473,1267741.9546882487,6fe97cd8-b6a9-4bfd-aea8-d0e1ca5944b3_20240705,14,1487,"Der Spital verkauft an Elisabeth Mastin genant
zweigerin, das Hus & Hofstatt genant zem hindern Bart
an der Spiegelgassen, zwüschen dem Hus zem Korb, ze
einer und dem Stall zem Blumen zer andern siten gelegen
ist, zinst den herren zu s. Martin von eig. 3sh. ư soll
man jährl auch geben zu Clingental 1 1/2 fl widerk mit 30 fl.
sonstfrei, um 10 fl.",https://files.transkribus.eu/Get?id=CRMTFDIUBLIVKWATXJHTXRFV&fileType=view,Clingental ,Clingental ,0.931483805179596,rel,Kloster Klingental,1.0,False
HGB_1_199_015,Spiegelgasse 11a,2611190.3853748473,1267741.9546882487,314965bc-1ccb-4726-9272-e5ee8dab03b9_20240705,17,1513,"Elsbeth Mastin die man nempt zwengerin, verkauft an
Hans Schymel den Truker gesellen, das Hus u. Hofstatt genant
zu dem hindern Bart, an dem Saltzberg, in der Spiegelgassen,
zwüschen dem Hus zum Korb zu einer, u. dem Stal zum Blumen
gehörend zur andern siten gelegen ist, zinst von eig. jährl zu
s. Martin 3sh. sodan sol man jährl auch geben zu Clingenthal 1 1/2 fl.
abl. sonst frei, um 50 fl.",https://files.transkribus.eu/Get?id=PLVGJLPOQKSBTCZDBZYKPQPH&fileType=view,Clingenthal ,Clingenthal ,0.8851815462112427,rel,Kloster Klingental,1.0,False
HGB_1_199_015,Spiegelgasse 11a,2611190.3853748473,1267741.9546882487,97146880-87ba-4088-b4de-30df34bb932b_20240705,18,1515,"Hanns Schymel der Truckergesell, zwoner zu Basel, u. seine
Frau Petronella, verkaufen an Elsbeth Martin die man nempt
zwengerin der Koufelerin, das Hus u. Hofstatt genant zu dem
hindern Bart, an dem Saltzberg, in der Spiegelgassen, zwüschen
dem hus zum Korb zu einer, u. dem Stal zum blumen gehörent
zur andern syten glegen ist, zinst jährl zu s. Marti 3sh.
sodan sol man geben zu Clingental 1 1/2 fl. abl. sonst frei, um
54 fl.",https://files.transkribus.eu/Get?id=SBIOOSILHOACGELXMSRDZRRN&fileType=view,Clingental ,Clingental ,0.8631353378295898,rel,Kloster Klingental,1.0,False
HGB_1_199_015,Spiegelgasse 11a,2611190.3853748473,1267741.9546882487,7817884e-2da8-4664-a43d-e0dd13f8be44_20240705,19,1518,"Elsbeth Martin genant Zwengen die Kouffelein, verkauft
an Hansen Hablüzel, Caplan der hohen Stift, das Hus u. Hofstatt
am Saltzberg in der Spiegelgassen, zwuschen dem Hus zum Korb.
u. dem Stall zum plumen gehörend glegen, u. zum hindem Bart
genant ist, zinst von eig. den heuen s. Marti 3sh. u. den Frauen zu
Clingenthal 1 1/2 fl. u. Ursula Grauer auch 1 1/2 fl. sind beid zins abl.
sonstfrei, sum 20 fl.",https://files.transkribus.eu/Get?id=KRZAOWVTVWYTXFTTEAETHEQP&fileType=view,den Frauen zu Clingenthal ,Frauen zu Clingenthal ,0.9811648726463318,rel,Kloster Klingental,1.0,False
HGB_1_199_015,Spiegelgasse 11a,2611190.3853748473,1267741.9546882487,26b2d5c3-efeb-4660-adc5-a4bba773bd4c_20240705,21,1524,"Hanns Hablüzel, Caplan der hohen Stift, verkauft an Anna
Schellbon jnvoneri zu Basel, das Hus u. Hofstat am Saltzberg
in der Spiegelgassen, zwüschen dem Hus zum Korb, u. dem
Stall zum Pennen gehörig gelegen, u. zum hindern part genant
ist, zinset von eig. den herren zus. Marti 3sh. u. dan den Frauen
zu Clingental 1 1/2 fl. u. Ursula Grauer auch 11 1/2 fl. sind beid zins
abl. sonstfrei, sum 16 fl.",https://files.transkribus.eu/Get?id=RKFXUAXVXARLOFBSHGAVTQPB&fileType=view,den Frauen zu Clingental ,Frauen zu Clingental ,0.9964659065008163,rel,Kloster Klingental,1.0,False
HGB_1_218_023,Streitgasse 10,2611423.3963586967,1267185.3524371795,6c0f9e90-38ef-4aaf-953b-47ea9d973ca0_20240705,4,1411,"Item gab ze koffende Bertzscheman von
Wintertur der schuchmacher burger et Nesa
eig uxor, Conr Kühler dem mider burger der
köfte daz huse und hofstat mit sinen ze und
zugehörden genant zem grünen Ring gelegen
in der stat Basel miter dem Hannenberg
et zem Kaltenbrunnen ist erbe von den frowen
ze Klingental git man 1 ℔ 8 ß zins d angt
ze zinse 1 ring pan ze wiß 1ß ze erschatz
pro 40 gl Joh. de Höwingen consensit.",https://files.transkribus.eu/Get?id=EOYIHAXQJWCGVXKVEISCZZGD&fileType=view,den frowen ze Klingental ,frowen ze Klingental ,0.9485975801944733,rel,Kloster Klingental,1.0,False
HGB_1_218_023,Streitgasse 10,2611423.3963586967,1267185.3524371795,c66abe95-7278-4431-8155-b7c286578789_20240705,6,1440,"Vasel wil. Jergen Eberwins des Steinmetzen sel.
Gurstin, ư ir kinden Elsen Ennelin u Esselis
verkaufen an Heinrichen Vogelin den Winman iren
swager, 2fl gelts, ab jrem Hus & Hofstatt genant
zem gulden ring, so gelegen ist an Lampartengassen
nebend dem Hus phannenberg ze einer siten, ư
Peters zer Müschelen hus zer andern siten, zinset
voneig ze Clingental 10sh. um 40 fl widerk.",https://files.transkribus.eu/Get?id=HJHGWJXMEWGEFZXMTZLUGKPN&fileType=view,Clingental ,Clingental ,0.8698810935020447,rel,Kloster Klingental,1.0,False
HGB_1_218_023,Streitgasse 10,2611423.3963586967,1267185.3524371795,e1bc17cc-8da1-4479-8613-e5cb2ce2a28d_20240705,9,1488,"Hannss Holsteiner der Reissigknecht, ư seine Frau Clara
verkaufen an Hannsen Silberberg den jungern den gwantman
ư seine Frau Margaret, 2fl gelts, ab jrem Hus & Hofstatt
genant Grünenstein, mit dem gertlin darhinder, an
Lamparttergassen, am Hus Pfannenberg, u. gegem Hus
zer Offelen über gelegen, reicht hinden an das Hus zer
Müschellen, zinst dem Clingenthal voneig. 10 sh nonor
zwen ring brot ze wisung, u. 1 sh erschatz, um 40 fl.
widerk.",https://files.transkribus.eu/Get?id=ROHJPFBSENSSDVIUYWLMZUFO&fileType=view,dem Clingenthal ,Clingenthal ,0.9882192313671112,rel,Kloster Klingental,1.0,False
HGB_1_223_008,Totentanz 1,2611104.7113872073,1267897.0619914383,5d5a833b-6eb6-410b-8237-09cc9feed772_20240705,8,1452,"Do git ze kaufen Mr Claus Drugkler der Brotbegk
u. seine Frau Gredlin, Conraten lichen von Buchen dem
brotbegken, u. seine Frau Gredlin, das Hus & Hofstatt,
ist ein orthus, gelegen in der vorstatt ze sant Johanns
gegen den Bredigern über an dem ort als man gegen dem
Ryn hinab gat, ze einersiten ư zer andern siten,
nebent einem hus ist der Johannser, zinset voneig dem
Clingental 2 ℔ woch 2ring wisung, u. denne so gand
zu s. Peter 2 1/2 sh.
um 85 fl.",https://files.transkribus.eu/Get?id=PAOQLXWWVUYNULNRDINVXKZN&fileType=view,dem Clingental ,Clingental ,0.9877131581306458,rel,Kloster Klingental,1.0,False
HGB_1_223_008,Totentanz 1,2611104.7113872073,1267897.0619914383,9393cbe2-769e-411f-9f27-4dc53c3f714e_20240705,15,1503,"Fritz Müller der Brotbeck, u. seine Frau Margred, ver¬
kaufen an Mr. Simon Siner, u. seine Frau Claren, naml
ein Hus in s. Johans vorstatt, zu Hanns Schorendorff gelegen
gegen den Bredigern über, ư ist ein eckh als man zum rin hinab
gat, zinst voneig. dem Klingental 2 ℔ uod 2 ring brot zu
wysung, dan sol man jährl geben zu s. Peter 2 1/2sh.
sonst frei, um 40 ℔.
Der Frauen zinsmeister willigt ein.",https://files.transkribus.eu/Get?id=SJHZXJEILEPDCTSAEGXECTZB&fileType=view,dem Klingental ,Klingental ,0.9824681580066681,rel,Kloster Klingental,1.0,False
HGB_1_223_012,Totentanz 7,2611089.933062477,1267922.2659541322,46fe0f30-8603-4e14-881e-460053e2bfaf_20240705,5,1429,"Katherin von Grenzingen verkauft an Heinr.
Wagker den vischer u Elsinen siner ewirtin, das
Hus & Hofstatt genant Tschechternellen hus, gelegen
in der vorstatt ze erner, nebend dem Hus ze
Baldegg ze einersiten, u. derin Gartnern hus zer
andern siten, zinset voneig. den frowen ze Clingental
3℔, u. 10sh erschatz
sum 10 ℔.",https://files.transkribus.eu/Get?id=ZVYHNZKXVQRGNAOXHZPBVCLS&fileType=view,den frowen ze Clingental ,frowen ze Clingental ,0.9988502413034439,rel,Kloster Klingental,1.0,False
HGB_1_223_012,Totentanz 7,2611089.933062477,1267922.2659541322,bb23e3be-7d86-408e-9f32-3c4867fe7bb6_20240705,10,1528,"Lienhart Oberlin der Metzger, ouch sine sel. son Lienhart,
und Hans verkaufen an Katherina senmanin hindersess zu
Basel, ein Hus u. Hofstatt in der vorstatt ze crütz, vor
der Prediger Closter über, zwüschen Hansen Hindermeyster, u.
Conraten dem Vichhirten gelegen, zinst dem closterfrauen zu
Clingental jährl. 30 sh. u. 5sh. zu erschatz, sodan der Presenz
uf Burg 8 dn. sonst frei, sum 50 ℔.",https://files.transkribus.eu/Get?id=ZZFDPFACBXMKTYTOQQOFXMXV&fileType=view,dem closterfrauen zu Clingental ,closterfrauen zu Clingental ,0.9955130815505981,rel,Kloster Klingental,1.0,False
HGB_1_227_012,Webergasse 1,2611437.539118857,1267886.4808642608,b4122e53-c577-43fc-9aaa-991fc7defca0_20240705,"4, 5",1512,"Item da geben zu kouffenn der erbar Hanns
Speti 1 und sesshafftig zu mindern
Basel und Katherin Negelin sin eliche
gemachel, dem wirdigen wolgelerten herr
Ludwig Grüninger priester und meister in
den siben fryen kunsten capelan und otti¬
dianer der lütkilchen zu sant Martin.
zu Basel der an statt und im namen der
wolgelerten ersamen herren lutpriester und
gemeiner caplanen und in sonders des ambt
der cottidian erst gemelter lütkilchen 2 guld
jerlichs zinses so die verkouffere jerlich uff Ostern
den herren kouffern zu Basel antwurten sollen
von uff und ab der verkouffern huß und hoff¬
stat genant zum rotten Stein gelegen zu mindern
Habenschmid Georg neben
z Ao 1520
Basel an der nidern Ringassen einsit an [sep] Jörg Hubenschmit zer anndern neben Cun¬
radt Hubenschmit, zinset dem gotshuß zu
Clingental von der eigenschafft 1 ℔ 5ß en
hin uff sant Lucien tag, so dem 1 Guld
sant Sanntleons bruderschafft zu sant Theo¬
dern widerkouffig und hendt dan noch
Hanns Neglins hinder 5 ℔ schuld daruff
so dem ouch von uff und ab der verkouffere
schliffen underhalb der segen gelegen neben
Antheng Stempfers oll trotten und gegen
der ziegel muly über zinst dem gotz huß
zu Gnadental zu Basel von der eigenschafft
2 ℔ glich teylt zu den vier fronfasten fürer
noch witters mit beladen facta emptio 40 guld.
Gerichtsbuch der mindern Stadt A",https://files.transkribus.eu/Get?id=KJEQQGXMKHITBUGZGBTVDHJW&fileType=view | https://files.transkribus.eu/Get?id=ZGFPSNOLAMDUYHCXVYXYMYCG&fileType=view,dem gotshuß zu Clingental ,gotshuß zu Clingental ,0.993164911866188,rel,Kloster Klingental,0.9465729817410777,False
HGB_1_227_012,Webergasse 1,2611437.539118857,1267886.4808642608,b4122e53-c577-43fc-9aaa-991fc7defca0_20240705,"4, 5",1512,"Item da geben zu kouffenn der erbar Hanns
Speti 1 und sesshafftig zu mindern
Basel und Katherin Negelin sin eliche
gemachel, dem wirdigen wolgelerten herr
Ludwig Grüninger priester und meister in
den siben fryen kunsten capelan und otti¬
dianer der lütkilchen zu sant Martin.
zu Basel der an statt und im namen der
wolgelerten ersamen herren lutpriester und
gemeiner caplanen und in sonders des ambt
der cottidian erst gemelter lütkilchen 2 guld
jerlichs zinses so die verkouffere jerlich uff Ostern
den herren kouffern zu Basel antwurten sollen
von uff und ab der verkouffern huß und hoff¬
stat genant zum rotten Stein gelegen zu mindern
Habenschmid Georg neben
z Ao 1520
Basel an der nidern Ringassen einsit an [sep] Jörg Hubenschmit zer anndern neben Cun¬
radt Hubenschmit, zinset dem gotshuß zu
Clingental von der eigenschafft 1 ℔ 5ß en
hin uff sant Lucien tag, so dem 1 Guld
sant Sanntleons bruderschafft zu sant Theo¬
dern widerkouffig und hendt dan noch
Hanns Neglins hinder 5 ℔ schuld daruff
so dem ouch von uff und ab der verkouffere
schliffen underhalb der segen gelegen neben
Antheng Stempfers oll trotten und gegen
der ziegel muly über zinst dem gotz huß
zu Gnadental zu Basel von der eigenschafft
2 ℔ glich teylt zu den vier fronfasten fürer
noch witters mit beladen facta emptio 40 guld.
Gerichtsbuch der mindern Stadt A",https://files.transkribus.eu/Get?id=KJEQQGXMKHITBUGZGBTVDHJW&fileType=view | https://files.transkribus.eu/Get?id=ZGFPSNOLAMDUYHCXVYXYMYCG&fileType=view,dem gotz huß zu Gnadental zu Basel ,gotz huß zu Gnadental ,0.9856980443000793,rel,Kloster Klingental,1.0,False
HGB_1_227_012,Webergasse 1,2611437.539118857,1267886.4808642608,178ce29e-d582-4403-89e1-6aa66e6bb053_20240705,"7, 8",1520,"Item da geben zu kouffen Katherina wylent.
Lienhart Negelin des schlyffers burgers zu Basel
seligen elich gelasne wittwe und yetzo Hanns
Spetins zu Bern wonende eliche hußfrow,
dem erbern Jacob Vesten burger zu Basel, das
huß und hoffstatt genant zum roten Stein¬
sonder mit der gesichten der dryen fenstern hin¬
den uß so es hatt im miner frowen von
Clingental gärtlin das daselb an das mul¬
meisters gartlin stosset gelegen zu mindern
Basel inn der Wobergassen zwüschen Georgen
Hubenschmids und Georg Bosten husern
zinßt von eigenschafft yetzgenanten frowen
zu Clingental 1 ℔ 5ß glych geteilt zu dem
Vest Jac. Eig. v. 7 bis 1521
vier fronvasten ein hun oder dafür 1ß uff
Batt, Conr
unt. Rheingasse 21 nach 1465
Martini und 3ß zinß d zu erschatz so sich [sep] die hand verwandelt des empfohenden halb
2833
me 1 ℔ 5ß auch gutter Baßler d sant
Ranthlen zu sant Theodern ablösig mit 25 ℔.
ouch 2 guld gelts der Lütkichen zu Sant Martin
mit 40 gl. houptguts ablösig und aber 1 guld
oder dafür 1 ℔ 5ß mit 20 guld ablösig und ist
wyter niemanden versetzt und ist daruber diser
kouff geschen umb 25 guld.",https://files.transkribus.eu/Get?id=WKOECCEFPPPJQMQRMWCBUZPE&fileType=view | https://files.transkribus.eu/Get?id=MNOUYLDBMBUPSVIQGMFTZIHL&fileType=view,yetzgenanten frowen zu Clingental ,frowen zu Clingental ,0.8110947832465172,rel,Kloster Klingental,1.0,False
HGB_1_227_012,Webergasse 1,2611437.539118857,1267886.4808642608,5aa914a7-198e-4744-bba3-5a1d32663eec_20240705,"10, 9",1521,"Item da gebenn zu kouffen die ersamen Jacob
Vest burger zu Basel und frow Anna Riehe¬
rin sin elich hußfrow, dem erbern Georgen
Nüwel dem metzger ouch burger ze Basel Do
rotheen Jungermennyn, das huß und hoff¬
statt genant zum roten Item sonder mit
den gesichten der dryen fenstern hinden uß
so es hatt im miner frowen von Clingental
gärtlin das daselbs an des mulmeisters gart
lin stosset gelegen zu myndern Basel an
der Wobergassen zwüschen Georgen Huben,
schmits und Conraten Botten husern, zinßt
von eigenschafft yetzgenanten frowen zu Clin¬
gental 1 ℔ 5ß glich geteilt zu den vier fron¬
Hubenschmid Jergsch
Ao 1826
vasten und schun oder 1ß uff sant Marti
Vest Jac. Eig. v. 1 seit 1520
tag.
und 3ß zu erschatz so sich die hand ver¬
z. roten Stein Webergasse [sep] E
wandelt des empfahenden halb, me 1 ℔ 5ß
sant Ranthleon zu sant Theoder uff
vasnacht ablösig mit 25 ℔, 1 ℔ 5ß der
lutkilchen zu sant Martin uff Ostern
ablösig mit 40 guld houptguts und aber
ein guld gelts uff Galli ablösig mit 20 guld
herrn meister Heinrich Rücken capplan
zu sannt Peter ablosig mit 20 guld houpt.
guts alles nach der briefen sag wyter ist
es niemanden versetzt, und ist dorüber
der kouff geschen umb 25 guld.",https://files.transkribus.eu/Get?id=XOLJULRXMYBTKDBGVCWIIAZH&fileType=view | https://files.transkribus.eu/Get?id=AAJBDGZYLFACOPTRZOYRTMGJ&fileType=view,yetzgenanten frowen zu Clin ¬ gental ,frowen zu Clin ¬ gental ,0.8780653774738312,rel,Kloster Klingental,0.9912571313934203,False
HGB_1_227_013,Webergasse 3,2611441.6184567846,1267895.0684376382,7421105a-7825-4eeb-b452-e98407e9d842_20240705,"5, 6",1431,"Item gebent ze kouffen Heintz man Diet¬
noh von Tanus der ufflatter sesshaft und
b. ze minren Basel Elschi sin elich frow,
dem ersamen herrn He von Thünsel oberste
zunftmeister ze Basel daz hus mit sinen zu¬
gehörde ist erb und gelegen in minren
Basel in der Webergassen by Klingental zwu-
schent Hans Rebers und Hans Höflingers
des kesslers husern zinset von eigenschaft uf
gen den closterfrowen ze Klingental 2 1/2 ℔ zins
d jerlich diniß angart ein hin ze wisung ze
vasnacht und 3ß derselben zinßd ze erschatz
und über den selben zinß wisung und erschatz
sol man jerlich von erbt des selben huses
diniß angar/. swester Elsin, Besingerin und
Theintzmann Dietrich v Tann Eig.
Beginen de Basel ouch 1/2 ℔ zinßd geben [sep] umb 60 guld.
bruder Hans von Howingen
procurator in Klingental consensit,",https://files.transkribus.eu/Get?id=OVGJDWRNKTGKQSFGWEHPCSQP&fileType=view | https://files.transkribus.eu/Get?id=GCVQDIPBVELDODQDUHMZMKJY&fileType=view,den closterfrowen ze Klingental ,closterfrowen ze Klingental ,0.9851035922765732,rel,Kloster Klingental,1.0,False
HGB_1_227_013,Webergasse 3,2611441.6184567846,1267895.0684376382,8bf38c35-9ab0-4ecd-8ec5-5576d6f65de3_20240705,11,1484,"Michel Annold der hubenschmid als Hauptverkauft
und Peter Arnold der Brotbech, Gebruder, als Mitver¬
Käufer, B. zu B. verkaufen an Paul hirsinger 8
Gulden Gelts jerl. zinses uff Mitvassen ab.
Michel Amolis des houptverkouffers huß in mindern
Basel gegen dem gesten ihr beider huß (um der
Hämersiten, an der Badstuben zem Fröwlin und gegen
Clewin Miegens Mülin übe. an Orl über, einsite an
Regelein der Seisserin, zer andern an Hans Pferters
des Webers huß, zinset jerl. den Frowen zu Clings
tal 14ß, sodan 30 ß gelltz (Lücke) einem Moler
widerkäufig mit 30 ℔.
umb 60 gl. in Gold-",https://files.transkribus.eu/Get?id=TLZHKGVVTIPHNFLPBQITXNUG&fileType=view,den Frowen zu Clings tal ,Frowen zu Clings tal ,0.8800870776176453,rel,Kloster Klingental,1.0,False
HGB_1_227_014,Webergasse 5,2611443.3440597556,1267901.971282879,8f10af61-02e4-4dc3-ace2-49383487f20b_20240705,"5, 6",1464,"Schultheissen Urkunde.
Frow Gred Philippssin ein Nadlerin und Wittwe,
Burgerin ze Basel, verkauft dem Clausen Vissler,
dem Schnider, Burger ze Basel, das Huss und Hoff
statt, so gelegen ist ze mindren Basel in der Weber¬
gassen zwüschent Hannsen von Eschenberg und
Hannsen Höfflingers des Kesslers Hüsern, zinset
von Eygenschafft wegen den Frowen des Closters zu
Clingental 2 sh. gen Bassler Zinsspfenning und ein Han-
und 4sh. zu Erschatz so sich die Hand verwandlet des
Empfahendenhalb dem Gotzhuss ze Blotzhen 10 sh. u. B.
Pfg. um 16 ℔. Bassler Pfenningen.
Nachweise siehe Rückseite
St. Urk. No 1733. [sep] Eschenburg hs. v. Eig. v. 7 Ao 1463
Höfflinger hs. Eig. v. 3 Ao 1463
Groff Melcher Eig. v. 5 nach 1564
5 gibt 1ß 1 Hun mehr in Klingenthal Ao 1538
M. B. Philiss Naders neben Th. v. 5 neben 3
auf S. v. Th. v. 5 neben 7 Ao 1436",https://files.transkribus.eu/Get?id=JZIVFFLQATHIYHEOVHGPNMBX&fileType=view | https://files.transkribus.eu/Get?id=STQKMSNMRENMSEEYTDSWIVEY&fileType=view,den Frowen des Closters zu Clingental ,Frowen des Closters zu Clingental ,0.989940881729126,rel,Kloster Klingental,0.9928867463277786,False
HGB_1_227_015,Webergasse Th. v. 5 neben 3,2611443.3440597556,1267901.971282879,272a42f5-7c37-4ab8-b209-41289538c94c_20240705,"8, 9",1427,"Item git ze kouffende Vrena relta qui
Wernlin Heniggis oltin testor civis etc.
Johan Heflinger dem keßler und Greden
siner elichen frow daz hus und hofstatt so
erb ist und gelegen in minren Basel in
der Webergassen zwüschent Heintzman Off¬
latters und Peterhans Mags seligt des stif¬
fers hußern, zinset von eigenschaft wegen
den frowen ze Klingental 1 ℔ 4ß zinßd
jerlich Martini und 2 hünr ouch Mar¬
tini und über den selben zins wisung
und erschatz sol man jerlich richten und
geben Clewin Phlegler 14ß 8 ouch Martini
und Clausen Rebsamen civi etc. vich
Höfflinger hs J. Ressler neben 3 auf S. v. Th. v. 5 neben 3
14 ß gans ȡ sit Martini des selben huses
Meg heinrich Eig. v. Th. v. 5 neben 7 ao 1400
sy zem zweyt ze erb komen ist als [sep] sprach von Martin irem Rind so sy hatte
Hansen Fulliker selig eim küffer wilent
irem elichen mane, umb 24 ℔, Joh de Ho¬
wingen consensit.",https://files.transkribus.eu/Get?id=VQZPKHEXQQOSCKPKADPVQKDV&fileType=view | https://files.transkribus.eu/Get?id=VTFBRDHQRBWVNKIOQGRBZJAJ&fileType=view,den frowen ze Klingental ,frowen ze Klingental ,0.987588420510292,rel,Kloster Klingental,1.0,False
HGB_1_227_015,Webergasse Th. v. 5 neben 3,2611443.3440597556,1267901.971282879,f5717200-8783-4761-ae22-1940aef3e14b_20240705,12,1436,"Item git ze kouffen Claus Stabster
a in
namen Ennelins siner elichen frow so toch
ter waz wilent des alten saltzschriberin, bru-
der Hansen von Howingen comeß in Klin¬
nüwer Basler d.
gental 14ß 4 jerlichs zinses so sy hatt uff dem
erbrecht des huses gelegen in minren Basel
in der Webergassen zwüschent Heintzman
Afflatters seligen und Philips Nodlers frowen
hußern da die eigenschaft den frowen ze Klin¬
gental zugehört etc, umb 14 ℔.",https://files.transkribus.eu/Get?id=OWFOIFXHYXJXWMDOQBDWCBMC&fileType=view,den frowen ze Klin ¬ gental ,frowen ze Klin ¬ gental ,0.9551887214183807,rel,Kloster Klingental,0.7622203768871898,False
HGB_1_227_017,Webergasse 7,2611445.4423643774,1267911.5017359634,0ff1c5f7-9ffe-4e0a-845c-72370a004448_20240705,"14, 15",1427,"nunchor Heintzmann Thertner
Richardi de Altdorff
Henman de Altdorff
dem küffer wilent des obge Richatz bruder
iren dritte und damach alle andree ire recht
so sy hatte an dem hus gelegen in der in
ren stat Basel an der Webergassen
beg Klin
gental zwüschent den frowen ze Klingental
vorgl und herr Hüglins selig erben huß
Zinset von eigenschaft wegen den selben
frowen ze Klingental 9 ß zinßd jerlich
Martini 1 hun ze vasnacht und 2ß ȡ
selben zinß ze erschatz, so denne Dietr. von
derhint
Stal dem Schulth ouch von eigenschaft wegen
8 ß.
jerlich (Lüke)
und 2ß ze erschatz.
Kengenthal
5 Ao 1436
umb o das bruder Hans von Howin
Hüglin heini de neben 7 auf S. v. 9 Ao 1437 [sep] Gerichtsbuch der mindern Stadt P2.",https://files.transkribus.eu/Get?id=PFLGPEAWAQZIPXDZIGOYMTRC&fileType=view | https://files.transkribus.eu/Get?id=QUOFOTIITHXMPBMLNCQCRHTD&fileType=view,den selben frowen ze Klingental ,frowen ze Klingental ,0.985192620754242,rel,Kloster Klingental,1.0,False
HGB_1_227_017,Webergasse 7,2611445.4423643774,1267911.5017359634,765c3f6e-8cc3-44da-b023-0b2d1cf975c1_20240705,"16, 17",1437,"Item gebent ze kauffen Hans von Altdorff
der kuffer burger und Enelin sin efrow, herrn
Cunrat Riffen lutpriester zu sant Martin der
ouch in namen sin selbs der cappla und des
buws daselbs kouft, einen guld geltz jerlich
zinses sollnend jerlich zuß sancte Pauli uff
und abe der verkouffern huß hofstat und stoss
am hus sit in minren Basel in der
Webergass zwuschent Oswald Stehellins und
Heini Hüglins seligen frowen hußern zin
set von eigenschaft wegen den frowen ze
Klingental 9 ß und ein hin jerlich Mart¬
im, item Dietrich von Senhein 7ß Martini.
so denne denne frowen ze Klingental ung
1 guldin geltz kouft und widerkouffig mit
15 guld aber den Predigern 1/2 guld geltz [sep] kouft und widerkouffig mit 8 guld, so
denne uff einer halben juchart bloß gelend
und reben sit in bano minren Basel
nidman by den opfelbömli zwüschent Lien¬
hart Herbstes und (Lüke) des schiffmans
güter zinset dem sutermeister ze Klingen.
tal 3ß jerlich Martini, so denne uff 42ß
geltz so inen jerlich git Jacob zer Palmen
der wenman sint kouft und widerköuffig
mit 16 phund von gewissen gutern nach
wisung eins briefes so die obgenanten ver¬
kouffere dem egenanten kouffer in namen
als vor geantwurt und zu iren handen
geben haben, umb 20 guld.",https://files.transkribus.eu/Get?id=VBPVERFECVRWRNAAIKZMQWAL&fileType=view | https://files.transkribus.eu/Get?id=HSZYMHOKMACWYSXTWWLEZDCU&fileType=view,den frowen ze Klingental ,frowen ze Klingental ,0.9792039394378662,rel,Kloster Klingental,1.0,False
HGB_1_227_017,Webergasse 7,2611445.4423643774,1267911.5017359634,765c3f6e-8cc3-44da-b023-0b2d1cf975c1_20240705,"16, 17",1437,"Item gebent ze kauffen Hans von Altdorff
der kuffer burger und Enelin sin efrow, herrn
Cunrat Riffen lutpriester zu sant Martin der
ouch in namen sin selbs der cappla und des
buws daselbs kouft, einen guld geltz jerlich
zinses sollnend jerlich zuß sancte Pauli uff
und abe der verkouffern huß hofstat und stoss
am hus sit in minren Basel in der
Webergass zwuschent Oswald Stehellins und
Heini Hüglins seligen frowen hußern zin
set von eigenschaft wegen den frowen ze
Klingental 9 ß und ein hin jerlich Mart¬
im, item Dietrich von Senhein 7ß Martini.
so denne denne frowen ze Klingental ung
1 guldin geltz kouft und widerkouffig mit
15 guld aber den Predigern 1/2 guld geltz [sep] kouft und widerkouffig mit 8 guld, so
denne uff einer halben juchart bloß gelend
und reben sit in bano minren Basel
nidman by den opfelbömli zwüschent Lien¬
hart Herbstes und (Lüke) des schiffmans
güter zinset dem sutermeister ze Klingen.
tal 3ß jerlich Martini, so denne uff 42ß
geltz so inen jerlich git Jacob zer Palmen
der wenman sint kouft und widerköuffig
mit 16 phund von gewissen gutern nach
wisung eins briefes so die obgenanten ver¬
kouffere dem egenanten kouffer in namen
als vor geantwurt und zu iren handen
geben haben, umb 20 guld.",https://files.transkribus.eu/Get?id=VBPVERFECVRWRNAAIKZMQWAL&fileType=view | https://files.transkribus.eu/Get?id=HSZYMHOKMACWYSXTWWLEZDCU&fileType=view,denne frowen ze Klingental ,frowen ze Klingental ,0.8992099314928055,rel,Kloster Klingental,1.0,False
HGB_1_227_017,Webergasse 7,2611445.4423643774,1267911.5017359634,89ed8f2c-f94c-4472-a0ff-1cd2a01f3eb8_20240705,23,1493,"Schultheissen.
Margret Rottgebinen Hansen Rotgeben sel. Witwen ver¬
gabt dem Gotzhuse zu sant Theoder 1 ℔. jerlichs Zinses
von uff und abe irem Brittenteil des Huses gelegen
zu Mindren Basel in der Webergassen, einsite an
Hannsen Thirter dem Weber, zer andren an Clewin
Mügen des Müllers Schüren, zinset das gantz Huss 9 sh.
dem Gotzhus zu Clingental und 5 sh. zu sant Martin ze
Basel.
in tergo frow Margreth Rotgeben vermacht 1℔ geltes sant Theodor zu eym
jarzit.
gibt Velltin Osswalt.",https://files.transkribus.eu/Get?id=PWCTJRWYLBNGDZURQYOOAFVF&fileType=view,dem Gotzhus zu Clingental ,Gotzhus zu Clingental ,0.9826834946870804,rel,Kloster Klingental,1.0,False
HGB_1_227_017,Webergasse 7,2611445.4423643774,1267911.5017359634,b62186da-1bdf-4a3d-9ad9-049ccc192006_20240705,24,1493,"Margreth Rotgebin, wylent Hansen
Rotgeben sel. Wittib mit Cleinhansen Reynner dem
müller, irem vogt zinst ierlichs 1 ℔ pfennig gelts uf die
alte Vassnacht widerkeufig mit 20 ℔ von uf und ab der
Verkeuferin dritteil des Huses gelegen zu mindern
Basel in der webergassen, einsit neben Hansen Pfister
dem weber, andersit an Clewin Meyen des müllers schu¬
ren, zinst das gants Hus 9ß pfennig dem gotshus
Clingenthal und 5ß zu sant Martin ze Basel, dar¬
nach fry ledig eigen.
git nun Paule Velgenhauwer der brotbeckh, git
Hans Velgenhouwer der Brotbeckh, gibt Velltin Osswald.
gibt jetz Johann Zude der beck, jetz Caspar Hotz.
Rotgel hs. neben 8 auf S. v 7 Ao 1481
Theodor A. Urbar u. Registratur 1531 fol. 38 v.",https://files.transkribus.eu/Get?id=XIZQPUYYFLJTSYYAZYWSTEFX&fileType=view,dem gotshus Clingenthal ,gotshus Clingenthal ,0.9731462001800537,rel,Kloster Klingental,1.0,False
HGB_1_227_017,Webergasse 7,2611445.4423643774,1267911.5017359634,eb86a5b4-72ad-45e3-b0c1-3da20d048574_20240705,25,1493,"Theodor B. Registratur 1613 fol. 13 [sep] ein brief weisst dass Margreth Roth¬
geben weilendts Hansen Rothgeben sel. Wittib
mit Cleinhansen Regner dem müller irem
vogt, zinset jerlichs 1 ℔ pfennig gelts uf die alt
Jassnacht, widerkeuffig mit 20 ℔, von uf und ab der
Verkeufferin drittheil des Hauses gelegen zu mindern
Basel in der webergassen, einseith neben Hansen
Pfürter dem weber, anderseit an Cleuwe Mügen
des müllers Scheuren, zinst das gantz Haus 9ß
pfennig dem Gotshaus Clingenthal, und 5ß zu
sant Martin ze Basel, darnach frey, ledig, eigen.
gibt nun Valentin Osswaldt der verlbeckh
uf Invocavit 1 ℔, gibt jetz Johannes Tschude der
sind Eig v 7 ao 1739
verl beckh, jetz Caspar Hotz",https://files.transkribus.eu/Get?id=NHNFYAEPKWYJFDFHZBRKQBRZ&fileType=view,dem Gotshaus Clingenthal ,Gotshaus Clingenthal ,0.9791659315427145,rel,Kloster Klingental,1.0,False
HGB_1_227_018,Webergasse 9,2611446.075896111,1267916.8794376866,aac1285a-152f-401a-985f-6eed3e2cc34e_20240705,9,1425,"Item git ze kouffen bruder Johan von Ho¬
wingen procurator in Klingental, Heynn
Aspach vinicole dz hus und hofstat mit
dem höflin dahinder sit in minren Basel
in der Webergassen zwüschent Peter Hansen
Stiffer und Richartz von Altorff selig hu¬
Bern gegen Stehellis hus über stosset hinder
zu an der vorgl frowen ze Klingental gar¬
ten der zu der mülin gehört zinset den sel.
ben frowen ze Klingental 10ß zinßd Mar¬
tini von eigenschaft wegen, umb 36 guld
Altdorf Rich. Eig. v. Th. v. 7 neben 9 seit 1417 bis 1427",https://files.transkribus.eu/Get?id=XRFPEJKWNOHHONXHPKZXROWD&fileType=view,den sel . ben frowen ze Klingental ,sel . ben frowen ze Klingental ,0.9020612410136631,rel,Kloster Klingental,0.8530717885437735,False
HGB_1_227_018,Webergasse 9,2611446.075896111,1267916.8794376866,52f259c2-f70c-455a-8f40-8a01c1c8e4eb_20240705,17,1478,"Item git zu koffend Hans Scherer der Kübler
Michel Arnolt dem hubenschmitz, zwelff
schilling geltz jerlichen uff Galli abbatz von
uff und ab sinem huß und hoffstatt mit
sinen rechten, so gelegen ist zu mindern
Basel in der Webergassen zwüschent den
frowen zu Clingental und Peter Beringer
des haffners hußern, zinset den getz gemelten
minen frowen zu Clingental 10ß und
thun Martini, pro summa 12 ℔.
Scherer hs. Ww Eig. v. 9 bis 1481",https://files.transkribus.eu/Get?id=CUARARYTYHOLBAFEMBKTMQYM&fileType=view,den getz gemelten minen frowen zu Clingental ,minen frowen zu Clingental ,0.8976312790598188,rel,Kloster Klingental,1.0,False
HGB_1_227_018,Webergasse 9,2611446.075896111,1267916.8794376866,badaa98a-246c-4d4c-8f5f-8e2cdaa324d6_20240705,18,1481,"Item git zu koffend frow Else Schermenin
wilent Hansen Scherers des Küblers seligen
ewirtin und ir kind, meister Claus
Muygen dem müller, das huß und hoff¬
stast mit sinen rechten so gelegen ist zu
mindern Basel in der Webergass zwu-
schent Hannsen Rattgel und Peter Berin
ger des haffners hußern zinset den frowen
zu Clingental 10ß und 1 hun als etc.
pro sua 23 ℔ davon sol meister
Claus der koffer Michel Arnolt abtragen
1 guld geltz widerkoiffig mit 11 1/2 ℔.",https://files.transkribus.eu/Get?id=EYQUNUZHXYUQEVYEJGLGBHNT&fileType=view,den frowen zu Clingental ,frowen zu Clingental ,0.992052361369133,rel,Kloster Klingental,1.0,False
HGB_1_227_020,Webergasse 11,2611447.0528579024,1267923.103930628,7afa0dce-ef62-4d87-a293-3622ce56f9a4_20240705,18,1422,"Item git ze kouffende Clewin Suter.
Walther Küffer ein hus mit dem höli
dahinder sit in minren Basel in der
Weber gassen by Klingental zwüschent
Peter Gloggners und Hans von Zeglin¬
gen Hüsern, ist obe von Klingental zum
set ien 1 ℔ 4ß zinßd s put Martii.
ni, Johan de Howingen consensit,
umb 50 guldin.
Suterli Clewin Eig. v. 11 Ao 1421",https://files.transkribus.eu/Get?id=ZHIRLMUQFRPYLWSVHSGXOZGG&fileType=view,Klingental ,Klingental ,0.9567939639091492,rel,Kloster Klingental,1.0,False
HGB_1_227_020,Webergasse 11,2611447.0528579024,1267923.103930628,573647a9-793e-4d1e-bd23-6ed2d24dce12_20240705,19,1428,"Item git ze kouffen Welti Küffer, Clewin
Suterlin dem winled eivi etc, und Annen
siner efrowen dz hus hofstat mit dem
höflin dahinder in minren Basel by
Klingental zwüschent Hans von Zeg.
lingen hus und dem hus genant Sliengen
zinset von eigenschaft wegen den frowen
ze Klingental, 1 ℔ 4ß zinßd und ein
hin jerlich Andree, umb 40 guld.
Joh de Howingen procurator dnors in
Klingental consensit.",https://files.transkribus.eu/Get?id=LDLZESYXZWEEYQTIQWIOJXOG&fileType=view,den frowen ze Klingental ,frowen ze Klingental ,0.9920002967119217,rel,Kloster Klingental,1.0,False
HGB_1_227_020,Webergasse 11,2611447.0528579024,1267923.103930628,949d62d2-3560-4929-a00d-8675d370a935_20240705,"20, 21",1446,"Schultheissen Urkunde.
Ulrich von Benfeld der Haffner, Burger ze Basel,
und Otilg sin Ewirtin, die von Peter Burger,
dem Besetzer und Angnesen siner Ewirtin, daz
Huss und Hoffstatt mit dem Höfflin darhinder,
so gelegen ist ze minren Basel in der Statt in der
Webergassen zwüschend Ceuwi Scherners und
Henman Holtzachs Hüsere, gekoufft hand mit soliche
Geding, dass sie dem Closter zu Clingental davon jer¬
lichen richten söllent 1. 4sh. Zinsphg. und 2 Gld. von
der Eygenschafft, erhalten die Erlaubnis, die 2Gld.
abzulösen Schernen Hs. Eig. v. 9 Ao 1463
Holtzach hs. Eig. v. 13 seit 1423 [sep] Rückseite:
git nu der Haffner.
Ulrich der Haffner git 2 gld.
12ß uff Martini 1446
1466, sesta ante purit. Mariae.
das ist dieser brief erlost mit dem Hoff so der
schaffner nach sins beziehbriess getan hat und us
dem varenden gut ist soviberlasst das dem schaffner
an für versessen zinsen worden sind 2 gld. 12ß. Noch
stunden in us 1 ℔ 7ß und 8ß musst der schaffner
geben ze rechnung standent im ach uss.",https://files.transkribus.eu/Get?id=JVKNTJEJQPCIIEYGBBNRWOXR&fileType=view | https://files.transkribus.eu/Get?id=EVXEOLNBZCVMNVSLMWGSZAYK&fileType=view,dem Closter zu Clingental ,Closter zu Clingental ,0.9952225089073181,rel,Kloster Klingental,1.0,False
HGB_1_227_020,Webergasse 11,2611447.0528579024,1267923.103930628,93205c5e-c065-4e52-9494-eace6a32635e_20240705,26,1465,"Item do bott der schaffner zu Clingental
namen siner frowen uff Peter Haffners
als eins flüchtigen huß und hoffstatt 32ß
als zem ersten gericht gelegen in der Weber
gassen zwüschent Oßwald Holtzachs und
Hansen Scherners huß, zinset 12ß minen
frowen von Clingental, Donnerstag nach
Martini 33ß z nach Andree bot der schaff
ner 40 guld, der schaffner behub dz si¬
nen frowen 5ß in versessnen zinsen von
eygenschafft und widerkoiffig 4 ℔ 9 ß u.
Martini verfallen.",https://files.transkribus.eu/Get?id=XIEZCHBBINHSITPVNLUZDCMD&fileType=view,minen frowen von Clingental ,minen frowen von Clingental ,0.8995686918497086,rel,Kloster Klingental,1.0,False
HGB_1_227_021,Webergasse 13,2611448.8129771994,1267930.673036244,6ede9b9e-cae3-46ac-9c6a-75e7989c521c_20240705,18,1423,"Schultheissen Urkunde.
Henni Vogelbach von Süllikon und Henni Rümelli
von Wil verkaufen Hans Holtzach dem Spengler und
Burger ze Basel daz Hus und Hofstat mit dem Höfelin
dahinder, ist Erbe und gelegen in der minren Stat
Basel und ist genant Stiengen wider Klingental
zwüschent Heinrichs und Weltins der Küffer Hüsern,
zinset dem Kloster ze Clingental von Eigenschaft wegen
33 sh. Zinspfg. und 2 Hünr und 10 sh. ze Erschatz, wenne
sich die Hand verwandelt, um 20 Gld.
in tergo: Hans Holtzach der spengler koufft Suma 20 flor. dis sind die brief
über das hus daz uns Oswald Holtzach geben hat für des hus zum roten fogel.
Klingenthal Urk. No 1771.",https://files.transkribus.eu/Get?id=JWMTCFGJVZKHVZIQPSEOUDSL&fileType=view,dem Kloster ze Clingental ,Kloster ze Clingental ,0.9970119297504425,rel,Kloster Klingental,1.0,False
HGB_1_227_021,Webergasse 13,2611448.8129771994,1267930.673036244,25a8ea49-89d2-4fe9-bab1-caaf63c75fb7_20240705,19,1423,"Item git ze kouffen Henni Vogelban,
von Sullikon, Johan Holtzach dem Speng
ler civi etc. ein hus und hofstat mit dem
höfli dahinder genant Sliengen sitt in
minren Basel wider Klingental zwu-
schent Heinrich und Weltins der kuffern
hußern zinset den frowen ze Klingental
vorgl. 33 ß zinßd und 2 huner jerlich
(Lüke) und 10ß erschatz, pro sung
20 florg, Johannes de Howingen pron
rator in Klingental consensit.
wie Klingenthal Urk. No 1771",https://files.transkribus.eu/Get?id=UPHGFOCQRZSUOUXMBINBUXKH&fileType=view,den frowen ze Klingental ,frowen ze Klingental ,0.9803765118122101,rel,Kloster Klingental,1.0,False
HGB_1_227_021,Webergasse 13,2611448.8129771994,1267930.673036244,6ff929ae-d692-4223-ab22-a64e81739cca_20240705,21,1465,"Schultheissen Urkunde.
Oswald Holtzach der Kouffman, Burger ze Basel.
gibt dem Closter zu Clingental sin Huss und Hoffstatt
mit dem Höfflin davor, so genant ist Schlingen und
gelegen ist in mindren Basel ze nechst by dem Closter¬
hoff zu Clingental nebent dem Huss das Ulrichs von
Benfeld des Haffners sel. was, ze einer Siten, und Hein¬
richs zem Pflug Hus, das yetz Elssen Tuchliwescherin
ist zer andern Siten, stosset hinden uss an des Müli¬
meisters Huss zu Clingental, mit der Beladung des
Hoffzinses, nemlich 16/2 sh. u. Thg. und 2 Huner, so die
Frowen von Clingental bysshar Gerlichen von Eygenschafft
wegen daruff gehept hand und 20 Gld, tauschweise ge¬
Schmidin alse die Gyflewescherin Eig. v. 15 seit 1462
gen das Haus zum Roten Vogel,
(Rückseite nichts Näheres.
Schliengen
13 Ao 1481
Klingenthal Urk. No 2229.",https://files.transkribus.eu/Get?id=TNPITUGNRWGYRITVJMABIVGW&fileType=view,die Frowen von Clingental ,Frowen von Clingental ,0.9795195311307907,rel,Kloster Klingental,1.0,False
HGB_1_227_021,Webergasse 13,2611448.8129771994,1267930.673036244,9ce08a89-384a-46e3-a4e0-329242a74b37_20240705,22,1481,"Item zu koffen die geistlichen frowen zu
Clingental, Peter Beringer dem haffner bur¬
ger Margreten siner ewirtin das huß und
hoffstatt mit dem höfflin so genant ist Schlier
gen zu mindern Basel in der Webergassen zu
obuost als man by dem obern thor zu Clingen¬
tal wil in gat stosset mit dem höfflin an
Cleinhansen des müllers huß zu einer siten
und an der kouffern huß zer andern siten zin
set den vorgemelten frowen zu Clingental und
irem gotzhuß 16ß, als etc., pro summa 53 ℔.
Klingenthal Eig. v. 13 seit 1465",https://files.transkribus.eu/Get?id=TMBJPABCBNFTXPRMWOQZZSUV&fileType=view,den vorgemelten frowen zu Clingental ,frowen zu Clingental ,0.9611131191253662,rel,Kloster Klingental,1.0,False
HGB_1_227_021,Webergasse 13,2611448.8129771994,1267930.673036244,ab4a3e8a-3da0-409d-bcdc-6d099b14f03d_20240705,23,1481,"Item git zu kouffen Peter Beringer der haf¬
ner burger und Margreten sin ewirtin,
Fridlin Graff schaffner zu Clingental der von
in siner frowen und des gemeinen conventz
namen hat koufft, 2 1/2 ℔ geltes jerlichen
uff Martini zu gebend, von uff und ab
irem huß und hoffstatt mit dem neben
höfflin so genant ist Schliengen und ge¬
legen zu mindern Basel in der Webergas-
sen zwüschent der kouffern und Cleinhan
sen des müllers hußern zinset vormals
den vorgemelten frowen zu Clingental 16ß.
und 1 hun als etc, pro sum 50 ℔.
Beringer Pet. Eig. v. 13 Ao 1500",https://files.transkribus.eu/Get?id=NBHEBFYMFSDGFOBYIPNREPIU&fileType=view,den vorgemelten frowen zu Clingental ,frowen zu Clingental ,0.9834158420562744,rel,Kloster Klingental,1.0,False
HGB_1_227_021,Webergasse 13,2611448.8129771994,1267930.673036244,edf02548-a3e8-44ff-9bdd-e809b81c2a6b_20240705,24,1481,"Schultheissen Urkunde.
Peter Beringer der Haffner, Burger ze Basel, und
Margreth sin Ewirtin verkaufen dem Closter zu
Clingental 2 1/2 ℔ u. b. Pfg. von uff und ab irem Hus
Hoffstatt, so genant ist Schliengen und gelegen ze
mindern Basel in der Webergassen nebent der
Verkoufferen Huss zu einer und Cleinhansen
des Müllers Huss zer andern Siten, zinset von
Eigenschaft wegen dem Closter zu Clingental 16 sh.
u. Pfg. und 1 Hun, umb 50 ℔.
in Vergo: 2 ½ ℔ geltz git Peter Beringer d. haffner zeffelin von dem hus
Pliengen u. 16ß zun gehören dem canvent. Galles Steinmetz d. haffner,
1559 deni Johat Stoffel Fischer die Klingenthal Urk. 2366.
2 ½ ℔ abgelöst mit d. hogeptgut von 5 ℔.",https://files.transkribus.eu/Get?id=TNHDRCIPAPHMMPUYSMPHREAO&fileType=view,dem Closter zu Clingental ,Closter zu Clingental ,0.9951852709054947,rel,Kloster Klingental,1.0,False
HGB_1_227_021,Webergasse 13,2611448.8129771994,1267930.673036244,970a5065-c505-4bd4-ac42-d1e3da59e012_20240705,25,1481,"Schultheissenurkunde.
Peter Beringer der Hafner burger zu
Basel und Margreth sin ewirtin verkaufen dem
Closter Clingenthal 2 ½ ℔ nüwer basler pfennig
uf Martini von uf und ab irem Hus, Hofstatt
mit allen Rechten und zugehörungen, so genant
ist Fliengen und gelegen zu mindern Basel in der
Webergassen neben der verkoufern Hus zu einer siten, und
Cleinhansen des müllers Hus zur andern siten; zinset
von eigenschaft den genanten frowen zu Clingenthal
16ß nuwer pfennig und 1 Hun. Die 2 ½ ℔ sind mit
50 ℔ Basler werung abzelösen oder geteilt 1 ℔ gelts mit
20 ℔ und die 16ß mit 10 ℔.
2 1/2 ℔ gibt Peter Beringer der Hafner und gehört an der
Metterinpfrund; git Gallus Steynmetz d. Haffner
Christof Fischer hat die 2 1/2 ℔ abgelöst, gestrichen.
Clingenthal A. Zinsbuch fol. 286.",https://files.transkribus.eu/Get?id=ZMVYGFZXUDIGMTGPYAITCDQL&fileType=view,den genanten frowen zu Clingenthal ,frowen zu Clingenthal ,0.9851466536521911,rel,Kloster Klingental,1.0,False
HGB_1_227_032,Webergasse Th. v. 21 vorderer Theil,2611488.37551158,1267955.967573455,e31ffa6a-dc4f-4926-8b26-c50677703f31_20240705,"4, 5",1435,"Item gebent ze kouffen Adelheit relta quom
Niclaus Potnower alten lapsary, Pentellin
Byderbman dem stiffer der obgl. Adelheyten
eman und Hansen Stiefvatter, daz hus mit
sinen rechten und zugehörden ist erb und ge¬
legen in minren Basel in der Webergassen by
Klingental ze einer siten an der von Klingen,
der Hertrichen
tal hus so vor ziten de heren waz und
zu der andren siten an der Löwlin hus, so
denne die siffen in Edtis citate sit nem¬
lich dz nider rad mit sinen steinstatten
in der oli trotten als man ouch zen Klingen
tal gat dz obge hus zinset von eigenschaft
wegen Heinrich Halbysen civi etc 7ß zinß
und ein hin jerlich Martini und 1 guld
den frowen ze Klingental jerlich Martini, ist [sep] widerkoiffig mit 4 guld, so zinset die stiff
4 zinß d den frowen ze sant Claren jerlich
diniß angart, umb 35 guld",https://files.transkribus.eu/Get?id=YSWQIKTTVNZGWJUKTCXYIXXU&fileType=view | https://files.transkribus.eu/Get?id=RNRZAYPCNIEMYMGKPYBUVIBO&fileType=view,den frowen ze Klingental ,frowen ze Klingental ,0.8373054042458534,rel,Kloster Klingental,1.0,False
HGB_1_227_045,Webergasse Th. v. 37 Mitte u. Ecke,2611545.5806925385,1267976.9091134246,38da4ceb-26ac-4af2-aa77-8d6ca85e1105_20240705,"8, 9",1530,"Schultheissen-Urkunde.
Anna Winbrennerin, wilent Hansen Springers sel. ver¬
hers erze lassene Witwe, jetzt wonhaft zu Zürich, verkauft dem
Anthoni Grieben dem Müller Burger zu mindern
Basell, und Elssen siner Eefrowen, das Huss und Hof¬
stat, wie das in mindern Basel by sant Blesythor an
der Webergassen uff dem Tsch gelegen, zu einer neben der
Verkauffern Huss, ist ein Brthus so merachgenant,
zinst gen Klingenthal 5 sh. zu Eigenschafft und sant Theo¬
ders Pfarkirchen 1 ℔. 5sh., um 65 Guldin B. [sep] Rückseite der Urk. No 1973.
diser brief wissl 2 1/2 gld. geltz gend geder
Hans Meyenberg ein hobtschuhlner und Bu¬
dolf den Wegenstett ein mitschuldner und
lagend vor de Kohner und vallend uf sant
Cathistag.",https://files.transkribus.eu/Get?id=SXDOBXTTWCRIQZDXAACFYPOC&fileType=view | https://files.transkribus.eu/Get?id=LEIFGAHFDMWPJLAQKGNAMNEM&fileType=view,Klingenthal ,Klingenthal ,0.9875240325927734,rel,Kloster Klingental,1.0,False
HGB_1_227_049,Webergasse 2,2611451.0733186756,1267885.3406060596,3806d1d5-bfb1-4e3f-bccd-ea9459760862_20240705,"12, 13",1484,"Item do gend ze kouffen die erbern Michel
Arnold der hubenschmid als ein houptverkouffer
und Peter Arnolt der brotbeck gebrüder als mit
verkouffer burgere zu Basel, dem ersamen Paule
Hirsinger der geistlichen frowen abtissin und
convent zu sant Claren schaffner burger zu
Basel der im selbs koufft hatt, dry guldin
geltz jerliches zinses so sy im jerlichen uff
mitfasten antwurten und weren sollent, von
uff und abe unser beder huß und hoffstatt
mit der hamersmitten gelegen zu mindern
Basel an der badstuben zem Frömlin und
gegen Clewin Mügen mülin uber am ort
zinset jerlichen 1 ℔ dem spital von der eigent
schafft sodann von uff und abe Michel Ar¬
Miltz Claus Eig. v. unt. Thengasse 14 Ao 1507
nolds des houptverkoussers huß und hoffstatt [sep] och gelegen zu mindern Basel gegen dem gemel¬
ten huß über einsite an Negelerin der stiffern
zer ander an Hanns Pfisters des webers huß zin¬
set jerlichen den geistlichen frowen zu Clingental
14ß, sodenn 30ß geltz (Lüke) einem moler
kouff und widerkouffig mit 30 ℔ sodenn von
uff und abe des houptverkouffers zweyen hamer
sitten gelegen in der obgenanten frowen zu sant
Lanis matten genempt uff dem Wager
stost an meister Josten seligen des keßlers ha¬
mer der ander an Hans ynger des keßlers
hämer zinset jerliches ein ℔ 5ß den gemelten
frowen von sant Cloren do git und ist beladen
der ein hamer mit hamer zangen amboß und
werckgeschir den gemelten frowen zu sant Cloren
2 guld geltz kouft und widerkoiffig mit 40 gl.
sodenn dz gemelt huß so ir beeder ist und der ander¬
hamer zinsent jerlich 2gl geltz dem wisen 6ß.
walten Holtzach alten zunfftmeister kouff und
widerköffig mit 40gl. inhalt der alten briefen, und ist
diser kouff beschehen umb 60 guld in gold.",https://files.transkribus.eu/Get?id=UZGBGCGTSWTGOGLTJEWYHBHY&fileType=view | https://files.transkribus.eu/Get?id=UBPONPMNFCSRLUZKTNQLRTGF&fileType=view,den geistlichen frowen zu Clingental ,geistlichen frowen zu Clingental ,0.9608421921730042,rel,Kloster Klingental,1.0,False
HGB_1_227_051,Webergasse Th. v. 4 Ecke,2611460.2839914802,1267897.9672952213,51d7200c-81f2-480a-a80d-abca9535e67e_20240705,17,1484,"Schultheissen Urkunde.
Hanns von Altdorff Schultheis und Frow Angnes sin
eliche Gemahel verkaufen der Bruderschaft sant
Fanthaleons 1 ℔. 5 sh. Zinses von uff und abe iren
Hüsern und halbe Schüren an einander gelegen
zu Mindren Basel in der Webergassen stosst an
das Badergessli und die Schür an Negelerin der
Stifferin und hinderzu an Hannsen Kobi des
Metzgers Huss, zinset jerlichen den Frowen zu Clin¬
gental 6 sh. und 2 ℔ dem Gotzhuss zu sant Theoder¬
und ab einem Grundstuck, um 25 ℔.
= Eckhaus am Badergässlein
Gerichtsbuch Snndern Statt¬",https://files.transkribus.eu/Get?id=XJVUHVDMCMOWYQXKCOIMIUSW&fileType=view,den Frowen zu Clin ¬ gental ,Frowen zu Clin ¬ gental ,0.9900936384995779,rel,Kloster Klingental,0.9912571313934203,False
HGB_1_227_051,Webergasse Th. v. 4 Ecke,2611460.2839914802,1267897.9672952213,a42c5f66-aa85-4386-88da-155adea5570b_20240705,"18, 19",1484,"Item do gend ze kouffen der ersam Hanns
von Altdorff genant Schriberli schulths und
Angnes sin elicher gemahel, dem ersamen Hein¬
1 nemer
richen Turmer und Heinrichen Kochli alten
meister sant Tanthaleons bruderschafft bede
burgere zu Basel die imamen derselben bru¬
derschafft kouft hand 1 ℔ 5ß geltz so sy jerli¬
chen bezalen uff sant Angnesen der heiligen
sungfrowen tag, von uff und abe iren
husern und die halbe schüren anemander
gelegen zu mindern Basel in der Weber
gassen stosset in das Bader geßli und
stosset die schüren an Negelerin die stiffern
und hinden zu an Hannsen Kobi des metz
gers huß zinset jerlichen den frowen von
Clingental 6ß Martini, sodann 2 ℔ zu [sep] Gant Theoder glich geteilt zu den vier fronfasten
sodann von uff und abe 1/2 Juchart reben ge¬
legen im bann zen Schiffen zwüschent Joß
Schencken und Fridli Colmer ist fry lidig ei¬
gen sint fürer mit versetzt, und ist der kouff
beschehen umb 25 ℔.",https://files.transkribus.eu/Get?id=VZSQGFDNLEWKBXOYWTAGWKWM&fileType=view | https://files.transkribus.eu/Get?id=MOAOCAZRSSVTRAXCGXFIVVYP&fileType=view,den frowen von Clingental ,frowen von Clingental ,0.9732370227575302,rel,Kloster Klingental,1.0,False
HGB_1_227_052,Webergasse Th. v. 4 neben 6,2611460.2839914802,1267897.9672952213,0090885e-6e8c-4fb7-89f6-a32914c644b5_20240705,6,1476,"item gend zu kouffen Clewi Kelwart
pfrunder zu Clingental, Hansen Schriberlin dem
waffl. burger zu mindern Basel, das Hus und
Hoffstatt mit der schüren darnebent so gelegen
sind in mindern Basel in der Webergassen am
art des Beltzgesslins ze einer siten und nebent
Hansen Negellin des schliffers schüren zer andern
siten, stosset hindenzu uf das husslin zem
Beltz, da ist die scher lidig eigen, aber das huss
zinset minen frowen zu Clingenthal 6ß.
Martini und dem gotzhus zu sant Theodor 2 ℔,
pro summa 90 gld.
Gerichtsbuch d. mindern Stadt P5.",https://files.transkribus.eu/Get?id=JODPYUKDVTRHMOGEEUXXJJRG&fileType=view,minen frowen zu Clingenthal ,minen frowen zu Clingenthal ,0.9850593656301498,rel,Kloster Klingental,0.9704784305807344,False
HGB_1_227_052,Webergasse Th. v. 4 neben 6,2611460.2839914802,1267897.9672952213,73eda848-5591-4e96-ad79-1d17405e17b5_20240705,7,1484,"Schultheissen Urkunde
Hanns von Altdorff Schultheiss und Frow
Angnes sin eliche Gemahel verkaufen der Bruder¬
schaft sant danthalcons 1 ℔ 5ß Zinses von uf und
abe iren Hüsern und halbe Schüren anemander
gelegen zu mindern Basel in der Webergassen stost
an des Badergässli und die Schür an Wegelerin der
Klifferin und hinderzu an Hannsen Robi des
Metzgers Hus, zinset jerlichen den Frowen zu Clin¬
gental 6ß, und 2 ℔ dem Gotzhus sei sant Theodor
und ab einem Grundstück, um 25 ℔.
Bruderschaften Urk. No 5
Gerichtsbuch Emindern Stadt und",https://files.transkribus.eu/Get?id=NVCITCNSBRXVMPRHRXUDRWSG&fileType=view,den Frowen zu Clin ¬ gental ,Frowen zu Clin ¬ gental ,0.9867985347906748,rel,Kloster Klingental,0.9912571313934203,False
HGB_1_227_052,Webergasse Th. v. 4 neben 6,2611460.2839914802,1267897.9672952213,a1b76356-8603-4605-a01e-c3d72bf04b57_20240705,"8, 9",1487,"dem do gend ze kouffen der ersam Hanns
v. Altdorf genant Schriberli, schultheiss und Angnes
sin elicher gemahel, dem ersamen Heinrichen
E Ebergasse Türmer Brüber geschrieben: nuwer) und Heinrichen
Köchli alten meister sant Panthalions bruder¬
schaft, beede burgere zu Basel die innamen
derselben bruderschaft kouft hand 1 ℔ 5ß geltz so
sy jerlichen bezalen uf sant Angnesen der heiligen
jungfrowen tag, von uf und ab iren hüsern und
die halbe schüren anemander gelegen zu min¬
dern Basel in der Webergassen stosset in das
Badergessli und stosset die schüren an Vegelerin
die stifferin und hinden zu an Hansen Kobi
des metzgers hus, zinset jerlichen den frowen von
Klingenthal 6ß Martini sodann 2 ℔ zu sant
dergässlein, 1 nach 1463, stosst hint. an Webergasse 6
soli hs. Eig.
Theodor zu den vier fronfasten [sep] u. a. Liegenschaft
sent fürer mit versetzt, und ist der Kauff
beschechen umb 25 ℔
Gerichtsbuch d. mindern Stadt S. 5.
Bruderschaften Urku",https://files.transkribus.eu/Get?id=SUTLFRKSLMKXMUYIQZPNHFBG&fileType=view | https://files.transkribus.eu/Get?id=YERLDGELQRPNOMPCIJYNWKEK&fileType=view,den frowen von Klingenthal ,frowen von Klingenthal ,0.9740665555000305,rel,Kloster Klingental,0.9918367404334514,False
HGB_1_227_055,Webergasse 10 u. Ochsengasse 23,2611463.9883347796,1267924.6131385586,7092a081-3673-404a-8765-d555e2752701_20240705,"8, 9",1477,"Item git zu koffend Dorothe Zymermann von
Costantz zu Basel, Josen Ysenflam dem schly
ffer burger, dz huß und hoffstatt vor und hin¬
den mit der Stallung und hoffstatt darnebenh
so genant ist zem swartzen Adler und gelegen
zu mindern Basel in der Crützgassen an dem
ort zwüschent Wernlin Meylins schüren und
Heini Segers huß uff der stegen, zinset und
erbschafft über und über 6 ℔ zenß geteilt zu
den zwem sant Johans tagen nemlichen un¬
nen frowen zu Clingental 1 ℔ von der eygen¬
schafft. 1 ring brotz zu wysung und 5ß
zu erschatz, darnach der Prediger closter von
der erbschafft 4 et und von dem garten 3ß.
debergasse 3 Ochsengasse 21) = eim schüren vomsa
zu letst dem gotzhuß zu sant Theoder von
Segerin Gerg hieben 12 lut der steinen) Ao 1478
dershoffstatt und dem stall darnebent 10ß. [sep] und einem lutpriester 5ß alles cenß pro
sum
15 guld 5ß.",https://files.transkribus.eu/Get?id=ODVFTZJZDLQPVHKMYHVVBPXV&fileType=view | https://files.transkribus.eu/Get?id=UHPLWRPFAKUHSSSDCOXAFNXL&fileType=view,un ¬ nen frowen zu Clingental ,frowen zu Clingental ,0.87716872493426,rel,Kloster Klingental,1.0,False
HGB_1_227_055,Webergasse 10 u. Ochsengasse 23,2611463.9883347796,1267924.6131385586,d15fe34d-74be-4a95-913f-cee59b88a476_20240705,"12, 13",1515,"Item da gibt zu kouffen der ersam
meister Joß Jsenflam burger und der
ratten der stat Basel, dem erbarin mei¬
ster Jacob Mennell dem zimerman b. und
sesshafft zu mindern Basel Dorothean
siner eefrowen das huß und hoffstat mit
dem hinderhuß und höfflin so do gelegen
in der mindern stat Basel genant zum
schwartzen Adler lit (folgt eine grossere Lüke
zinset den herren zu den Predigern 2 ℔
und 6 crützer nämlich geteilt im jare
zu den zweien sant Johans tag von wegen
der eigenschafft, so dem den frowen gon
Clingental 10ß uff Martini auch von
eigenschafft zu erschatz, um 2 ring
Jsengass Eig v. 10 seit 1477 bis 1522
brotz zu wisung emptio facta über die [sep] beladung pro 31 ℔.",https://files.transkribus.eu/Get?id=RSQPKOJECLPWOTPLQFZPVTWY&fileType=view | https://files.transkribus.eu/Get?id=FNSCMCYWZWNZWQICXTLCZKSF&fileType=view,den frowen gon Clingental ,frowen gon Clingental ,0.9802109599113464,rel,Kloster Klingental,1.0,False
HGB_1_227_055,Webergasse 10 u. Ochsengasse 23,2611463.9883347796,1267924.6131385586,1bf71a37-ed5f-4ded-9f81-5089de9f0228_20240705,16,1522,"Item da gyt zu kouffend der erber meister Joß
Jsenflam der elter burger zu Basel, dem erbern
meister Jacoben Mennel dem zymerman und
Dorotheen siner elichen husfrowen, das huß und
hoffstatt genant zum sel swartzen Adler mit
der stallung auch dem höfflin und garten dar¬
hinder zu mindern Basel inn der Crützgassen
zwüschen herrn doctor Johannsen Silberberg
und Oßwalt Zyffen des müllers stallungen ge¬
legen, zinset von eigenschafft 5ß dem gotz huß
zu Clingental und me 2 ℔ 2 1/2 ß glych geteilt
zu beiden sannt Johanns tag und baptiste
und ewangeliste dem gotzhuse zu den Bre¬
digern und wyter ist es alles memanden ver¬
setzt und der kouff darüber beschen umb",https://files.transkribus.eu/Get?id=ZMYCBPYTLOIJTTJEIXRPAAKG&fileType=view,dem gotz huß zu Clingental ,gotz huß zu Clingental ,0.9583667159080506,rel,Kloster Klingental,0.9904079625425367,False
HGB_1_227_055,Webergasse 10 u. Ochsengasse 23,2611463.9883347796,1267924.6131385586,a24cbabf-e45a-4c0b-82ab-89873c03c3b8_20240705,"17, 18",1522,"Item do gebenn zu kouffen meister Jacob
Mennell der gymerman burger ze Basel und
Dorothea sin efrow, dem erbern Andressen
Caspar dem müller zu Clingental Mergelin
siner efrowen, das huß und hoffstatt genant
zum swartzen Adler mit dem höfflin und
gärtlin hinden und vor zu mindern Basel
inn der Crützgassen vorm roten Ochsen hi¬
man hinden gegen Gall Haffner zwüschen herrn
doctor Johann Silberberg und Oßwalt Zyffen
des müllers stallungen zinset von eigenschafft
dem gotz huse Clingental 10ß und dem Brediger
closter 2 ℔ 2 1/2 ß glych geteilt zu beiden
sannt Johanns tag und wyter zinßfry.
Mennel Jac. Eig v 29 seit 1515
und ist, daruber diser kouff geschen umb
10 gibt obige Zinsen Ao 1524 u. 1539 [sep] Gerichtsbuch der mindern Stadt P8.",https://files.transkribus.eu/Get?id=LJZIDKZWADMWYICLEEQKCTGV&fileType=view | https://files.transkribus.eu/Get?id=BKDZSNHNDUFEPKZMRDRPRHBE&fileType=view,dem gotz huse Clingental ,gotz huse Clingental ,0.9674401432275772,rel,Kloster Klingental,1.0,False
HGB_1_227_056,Webergasse 12,2611468.0004968797,1267937.582978885,7a2818f2-98f7-49e5-940f-316f12645952_20240705,17,1465,"Item do bot der schaffner ze Clingental als
zem ersten gericht uff das orthus gegen Clin
gental über gelegen, das Adelheiten Wescherin
seligen was, zinset minen frowen von Clin¬
gental 2 guld ewigs geltz, 1 ℔ 11ß zinßen
Donnerstag nach Martini 1 ℔ 2ß, Donners
Stag aȵ pur. Marie 1 ℔ 3ß cenß von ver¬
sessner zinsen und mißbuws wegen.
(darunter ist folgende Bemerkung stat 5ß
3 ℔ 14 1ß versesse zinß)
Klingenthal frönt 12 Ao 1466",https://files.transkribus.eu/Get?id=JOQLECVGJHHNKBKVTSDSWDUV&fileType=view,minen frowen von Clin ¬ gental ,minen frowen von Clin ¬ gental ,0.9599205454190572,rel,Kloster Klingental,0.8459089006866112,False
HGB_1_227_056,Webergasse 12,2611468.0004968797,1267937.582978885,c90b035a-30fc-4731-92fb-a8308dfbc962_20240705,20,1478,"Item git zu koffen frow Gery Segerin wittwe,
Heinrich Seltensperg dem müller, das huß
und hoffstatt mit dem höfflin oder hoffstatt
darnebent sivil und sich mit recht erfundet
genant te) uff der Stegen, gelegen zu mindern
Basel in der Weber gassen nebent Henman
Tottnower des schliffers huß und gegen dem
closter hoff zu Clingental über zinset dem jetz
gemelten closter zu Clingental 6ß und der
Augustiner closter zu Basel 8ß und 2 huner
von eins jarzit wegen und ob sich mit recht
erfunden das zweyger ß mer davon giengen
sol er och geben und mit mer
pro suma
consensit Fridon Gauff procurataris ze Klingenthal u. Osswalt
16 ℔ Holtzach procuratoris ze St. Theodori.",https://files.transkribus.eu/Get?id=XBVBVCXVXDORFMJUUZPKXOWG&fileType=view,dem jetz gemelten closter zu Clingental ,closter zu Clingental ,0.9879792630672455,rel,Kloster Klingental,1.0,False
HGB_1_227_071,Webergasse 32,2611537.702986452,1267958.672287557,de5dddae-d429-4f3c-b141-d6b3161c30a1_20240705,8,1432,"Item git ze kouffen Claus Holden der Kan
rer burger etc. und Gerin sin efrow, Hey¬
miman Gassen burger ein guld geltz
jerlichs zinses sollnend assumpt uff und
abe irem hus und gesaße set in minren
Basel in der gassen als man von Klin¬
gental wider sant Blasien thor gat mit
dem höflin dahinder ist erb, zinsent von
eigenschaft wegen der bruderschaft ze sant
Johan uff Burg ze Basel 8ß jerlich
Martini und 1/2 hin 10ß den fronen
ze Klingental ouch Martini von jar
ziten wegen, umb 55 guld.",https://files.transkribus.eu/Get?id=RMYGXUHPPCTBCJECWFRIWJYL&fileType=view,den fronen ze Klingental ,fronen ze Klingental ,0.9614938497543335,rel,Kloster Klingental,0.7925680194134068,False
HGB_1_227_071,Webergasse 32,2611537.702986452,1267958.672287557,dbd1a0e5-bfe7-48be-aed9-4606a88e11df_20240705,9,1434,"Item git ze kouffen Claus Holder der Kasse
und Geri sin efrow, Peter Ludin, dem wagner
ein guld geltz jerlich zinses solnend jerlich (Lüke
uff irem hus hofstatt und gesaß sit in minren
Basel in der Webergassen zwüschent h. Bondorf
Orerch
hus und dem hus zer zer roten Kieben sie
zinsent von eigenschaft wegen den frowen ze
Klingental 5ß und sant Joder 1ß der kilchen
8ȡ und eim lutpriester 4ȡ und 9ß der bruder¬
schaft ze sant Johan Burg jerlich Johanis, umb
20 guld.",https://files.transkribus.eu/Get?id=FJCDZSKOVWOYJNFRSSLFPXEY&fileType=view,den frowen ze Klingental ,frowen ze Klingental ,0.9802579283714294,rel,Kloster Klingental,1.0,False
HGB_1_227_071,Webergasse 32,2611537.702986452,1267958.672287557,92ee9111-2f54-43d4-a739-18cd44468c49_20240705,"10, 11",1442,"Privat- Urkunde.
Hanns Sager von Willisow der Rebknecht, sesshaft ze
minren Basel, und Gredelin sin Efrow verkanten
dem Kloster ze Clingental 3 1/2 Gld. jerlichs Zinses uff
und abe irem Huse und Hoffstatt gelegen in der
minren Statt Basel an der Webergassen als man
gen sante Bleyen gatt, nebent Heinrich Bondorfs
des Küblers Hus, ze einer Siten, und dem Hus zem
Roten Krewel zer andern Siten, zinset den Frowen
zu Klingental von Eigenschaft 12 sh. Zinspfg und gen
sant Theoder 1sh. u. Pfg. der Bruderschaft uff Burge
8sh. Zinspfg und 1 Hun, item ab Grundstücken, um
Hs Gld. dager hs. Eig. v. 32 Ao 1442
Klingenthal Urk. 207. [sep] 4 Guldin minder ein Ort, Hauptgut 75 gulden, git
Hans Säger uf sant Mathis tag, sint widerköffig.
1466, quarta ante Valentini.
Hans Säger und Gredlin sin Ehefrau bekennen,
dem Kloster Klingenthal von ausstehenden Zinsen
29 ℔ 7ß 8 ȡ schuldig zu sein und verzichten auf die
Leihe der Liegenschaft,
1555 Dienstag 1. Aug.
Hans Vetzer löst den Zins von 1 gld. ab¬
Man gibt von disem sampt zweyen andern darzu ge¬
hörenden briefen mit mehr dem 6ß bodenzins
uf dem hus Willisan in Wäbergassen.",https://files.transkribus.eu/Get?id=SHDSYIUZKKFLDLTIPIKCEAJR&fileType=view | https://files.transkribus.eu/Get?id=HDUDMTSFMBEGXYOETHASNVIZ&fileType=view,den Frowen zu Klingental ,Frowen zu Klingental ,0.995319589972496,rel,Kloster Klingental,1.0,False
HGB_1_227_071,Webergasse 32,2611537.702986452,1267958.672287557,2cc3c11c-6748-44e9-a728-70fb7cdf5e6b_20240705,"13, 14",1466,"Official-Urkunde.
Antheng Wetzel der Karrer zu mindern Basel und
Ennelin sin Gewirtin verkaufen dem Closter,
Clingental 3 1/2 Gld. Gelts vo uff und ab einem Huss und
Hofstat, so sy vormals von demselben Closter gekoufft
hand, zu mindern Basel in der Webergassen zwü¬
schen Heinrich Bondorffs sel. Huss zu einer und zu der
andern Sitten nebent dem Huss zem Roten Krewel¬
genant gelegen, und stosset hinden an den Lich, zu
set von Eygentschaft den Frowen zu Clingental 6 sh. u.
Pfg. der Tütkilchen zu sant Theoder 1 sh. der Bruder¬
schafft sant Johanns Capellen uff Burg 4sh. und 1/2 Hun¬
umb zo Gld. z. roten Krewel = 34 Ao 1434
34 stosst hin an auf den Teich. [sep] Rückseite der Urk. No 2237.
1479 Sabbato Cantate.
Das Kloster Klingenthal spricht Clewi Brügli den
Karrer und Angnes Tunower sine Eefrow den 3½ gld.
zinses auf des wendig geschriebenen hauses Wileisan
ledig und verkauft ihnen 1 gld. zinses ab demselben haus
um 20 gld., ausserdem haben sie den zins von der Eigen¬
schaft zu bezahlen. Die Ehegatten Rhingli versprechen
das haus in Ehren zu halten wie Thong Wetzel und seine
Ehefrauselig.
1498 Montag vor St. Galli.
Das Kloster Klingenthal spricht heinrich Keller
den Brotbeck Margret seine Eefrau als Hauptverkäuf
und hans Syff den Müller als Mitverkauffer der 3½ gld.
zinses Cob und verkauft ihnen das haus um 20 gld.
hauptgut und 1 gld. zins ausseddem haben zu den Zins
von der Eigenschaft zu bezahlen, die Ehegatten Keller
versprechen das haus in Ehren zu halten, wie vorher
Clewi Brügli.
Wetzel der Karrer git 3 1/2 gld. (folgen 34 unleserliche
Hans Fatzer der Kiebler git bodenzins 6ß von uf und
Casse
ab einem haus Willisan genannt an der Webergassen
gestrichen und so Clewin brugglin gab 1 gld uf pfingsten,
1555, 1. Aug.",https://files.transkribus.eu/Get?id=RRGJTZGUTAPBSXQYBZDYOQIO&fileType=view | https://files.transkribus.eu/Get?id=UPJBZNYCHDIPNLWPDTXBRJDQ&fileType=view,den Frowen zu Clingental ,Frowen zu Clingental ,0.9937500953674316,rel,Kloster Klingental,1.0,False
HGB_1_227_071,Webergasse 32,2611537.702986452,1267958.672287557,5b2a34bf-7db5-475b-bdd2-0dca5c38a80a_20240705,16,1475,"Schultheissen Urkunde.
Das Closter ze Clingental frönt das Huss und Hoffstatt mit
dem Höfflin darhinder, so genant ist zem Roten Krewel
und gelegen zu mindern Basel in der Webergassen,
uff dem mittlen Tych zwüschent Rützschen zem
Phlug des Kuffer.
d Meister Erh.
Bartenhein.
undache die Recht so. ug Wetzel der Barrer der erbles abgangen, daran ge¬
des Murers sel Hüsere, zinset von Eygenschafft wegen
dem Closter ze Clingental jerlichen 6 sh. der Bruder¬
schafft zu sant Johans uff Burg 4 sh. und 2 Hun und der
Lütkilch zu sant Theoder 1 sh. u. Pfg. versessen
Zinse, und kauft es um 20 Gld.
z. roten Kreuel = 34 Ao 1434",https://files.transkribus.eu/Get?id=ROLVWTHCZGUHKLNFRELDWVTO&fileType=view,dem Closter ze Clingental ,Closter ze Clingental ,0.9947217255830765,rel,Kloster Klingental,1.0,False
HGB_1_227_077,Webergasse 40,2611562.7803665893,1267969.4078428005,2c9b08b3-f786-4894-b5be-bc39683e4931_20240705,"20, 21",1433,"Item git ze kouffen Hans Harscher der kuf
fer burger etc, und (Lüke) sin efrow Johan¬
Wähinger, einen guld geltz sollnend jerlich
Ambrosy, uff und abe irem hus und gesaß
sit in minren Basel in der gassen als man
nebent Klingental wider sant Blasenthor
gat zwüschent dem hus zem roten Löwen und
Henslins von Uruchtsic) des sniders orthhus
zinsent von eigenschaft wegen der putie
uff Burg ze Basel 15ß jerlich und einen
guld geltz jerlich (Lüke) so denne ein
zweitel reben sit im banie minren Ba-
sel nidman uß by dem opfelbomlin und
Heyn Gistes und Henman Wüsten ze
ben zinsent von eigenschaft wegen den fro¬
wen ze Klingental 8ß jerlich Martini [sep] umb 58 guldin.",https://files.transkribus.eu/Get?id=HWUNZJBFANUZXKAOICGCVLCN&fileType=view | https://files.transkribus.eu/Get?id=SWQNMKQSHDBVOATACYPCLOUQ&fileType=view,den fro ¬ wen ze Klingental ,fro ¬ wen ze Klingental ,0.9855256179968516,rel,Kloster Klingental,0.900806764764095,False
HGB_1_227_079,Webergasse 42 und Untere Rebgasse 19,2611569.418444641,1267971.4875493492,30d3ea73-6af6-4828-8a7c-e9c9c2aa41c3_20240705,"14, 15, 16, 17",1509,"Item da gibt zu kouffen der erber Henslin
Binder der fürman burger und sesshafft
zu mindern Basel und Angnes sin e.
frow, den wirdigen frowen zu Clingen¬
tal, vier guld geltz so die verkouffer den
bemelten frowen zu Clingental, vier guld
geltz so die verkouffer den bemelten frowen
hynanthin jerlichen uff sant Valentinstag.
richten im weren sollen, von uff und ab
des ersten der verkouffer hus und hoff mit
dem stall daram, wie dz zu mindern Basel
an der Webergassen zu oberst am ort gelegen
ist ein eckhuß so vormals Fleckensteins
gewesen zinst von eigenschafft der presentz
uff Burg 10 ß und 2 huner sodann dem
142 gibt 4 gld. in Klingenthal
Ao 1558 u. and ber
18ß Ao
bemelten frowen zu Clingental siner
1583
am Binder hs. Eig. v. 42 seit 1506 [sep] an er mit 1630.
dan von uff und ab irer schüren ouch zu
mindern Basel gegen sant Claren kuchen
über gelegen zu einer an Bettings stall
zu der andern an den hoff der herberg zum
Ochsen ist lidig eigen item von uff und ab
irem zweiteil reben in mindern Basel
bann niden us im Tantgruben geßlin
zu einer an her Heinrich von Sennheims
gut und zu der andern uff Clewi
Hüglis zugt zinst dem Spittal zu Basel
von eigenschafft 6ß und den bemelten
frowen zu Clingental 1 ℔ item von uff
und ab juchart bloßgelend niden us
zwüschen den wegen gelegen zu einer Gürt¬
ler zu der andern Heman Bocks aberli¬
zinst von eigenschafft zem Clingental 6ß
item von uff und ab irem Kirsgarten
und rebaker an Schörren aneinandern [sep] und zu der andern an Peter Gürtler zinst
von eigenschafft zu sant Lienhart 8ß
item von uff und ab 1 mannwert mat
ten by Schörren brucken gelegen zu einer an
den tich und zu der andern an Bartlime
Hartman zinßt Heinrich Bitzschi als
einem treger 2ß item sodann von uff
und ab 27 jucharten ackers nach by ein
andern in mindern Basel ban gegen Rie¬
hen ushn by der Santgruben gelegen stos¬
sen uff miner herren almend acker so er
von Conrat Ruchen von Riehen und Eber¬
hart Scholer erkoufft hat zinst iede juchart
1ß von eigenschafft zu sant Peter, item von
uff und ab 5 jucharten ackers an Cluben
gelegen lit zwüschen Clingental gutern [sep] und stist zinsen von eigenschaft,
zu sant Martin 11 1/2ß, fürer mit beladen,
emptio pro 80 guld. in gold.",https://files.transkribus.eu/Get?id=FJEIQMTRSFGZJQBRWEHVVUAD&fileType=view | https://files.transkribus.eu/Get?id=PMRDKVRLMRVULUKOOHVBRKEU&fileType=view | https://files.transkribus.eu/Get?id=LONQQXXXNEQKPUEQIPYAAFSK&fileType=view | https://files.transkribus.eu/Get?id=HDFQURNPIRHLUYXEISIQCDZD&fileType=view,Klingenthal ,Klingenthal ,0.6585446000099182,rel,Kloster Klingental,1.0,False
HGB_1_227_079,Webergasse 42 und Untere Rebgasse 19,2611569.418444641,1267971.4875493492,30d3ea73-6af6-4828-8a7c-e9c9c2aa41c3_20240705,"14, 15, 16, 17",1509,"Item da gibt zu kouffen der erber Henslin
Binder der fürman burger und sesshafft
zu mindern Basel und Angnes sin e.
frow, den wirdigen frowen zu Clingen¬
tal, vier guld geltz so die verkouffer den
bemelten frowen zu Clingental, vier guld
geltz so die verkouffer den bemelten frowen
hynanthin jerlichen uff sant Valentinstag.
richten im weren sollen, von uff und ab
des ersten der verkouffer hus und hoff mit
dem stall daram, wie dz zu mindern Basel
an der Webergassen zu oberst am ort gelegen
ist ein eckhuß so vormals Fleckensteins
gewesen zinst von eigenschafft der presentz
uff Burg 10 ß und 2 huner sodann dem
142 gibt 4 gld. in Klingenthal
Ao 1558 u. and ber
18ß Ao
bemelten frowen zu Clingental siner
1583
am Binder hs. Eig. v. 42 seit 1506 [sep] an er mit 1630.
dan von uff und ab irer schüren ouch zu
mindern Basel gegen sant Claren kuchen
über gelegen zu einer an Bettings stall
zu der andern an den hoff der herberg zum
Ochsen ist lidig eigen item von uff und ab
irem zweiteil reben in mindern Basel
bann niden us im Tantgruben geßlin
zu einer an her Heinrich von Sennheims
gut und zu der andern uff Clewi
Hüglis zugt zinst dem Spittal zu Basel
von eigenschafft 6ß und den bemelten
frowen zu Clingental 1 ℔ item von uff
und ab juchart bloßgelend niden us
zwüschen den wegen gelegen zu einer Gürt¬
ler zu der andern Heman Bocks aberli¬
zinst von eigenschafft zem Clingental 6ß
item von uff und ab irem Kirsgarten
und rebaker an Schörren aneinandern [sep] und zu der andern an Peter Gürtler zinst
von eigenschafft zu sant Lienhart 8ß
item von uff und ab 1 mannwert mat
ten by Schörren brucken gelegen zu einer an
den tich und zu der andern an Bartlime
Hartman zinßt Heinrich Bitzschi als
einem treger 2ß item sodann von uff
und ab 27 jucharten ackers nach by ein
andern in mindern Basel ban gegen Rie¬
hen ushn by der Santgruben gelegen stos¬
sen uff miner herren almend acker so er
von Conrat Ruchen von Riehen und Eber¬
hart Scholer erkoufft hat zinst iede juchart
1ß von eigenschafft zu sant Peter, item von
uff und ab 5 jucharten ackers an Cluben
gelegen lit zwüschen Clingental gutern [sep] und stist zinsen von eigenschaft,
zu sant Martin 11 1/2ß, fürer mit beladen,
emptio pro 80 guld. in gold.",https://files.transkribus.eu/Get?id=FJEIQMTRSFGZJQBRWEHVVUAD&fileType=view | https://files.transkribus.eu/Get?id=PMRDKVRLMRVULUKOOHVBRKEU&fileType=view | https://files.transkribus.eu/Get?id=LONQQXXXNEQKPUEQIPYAAFSK&fileType=view | https://files.transkribus.eu/Get?id=HDFQURNPIRHLUYXEISIQCDZD&fileType=view,bemelten frowen zu Clingental ,frowen zu Clingental ,0.8986132740974426,rel,Kloster Klingental,1.0,False
HGB_1_227_079,Webergasse 42 und Untere Rebgasse 19,2611569.418444641,1267971.4875493492,30d3ea73-6af6-4828-8a7c-e9c9c2aa41c3_20240705,"14, 15, 16, 17",1509,"Item da gibt zu kouffen der erber Henslin
Binder der fürman burger und sesshafft
zu mindern Basel und Angnes sin e.
frow, den wirdigen frowen zu Clingen¬
tal, vier guld geltz so die verkouffer den
bemelten frowen zu Clingental, vier guld
geltz so die verkouffer den bemelten frowen
hynanthin jerlichen uff sant Valentinstag.
richten im weren sollen, von uff und ab
des ersten der verkouffer hus und hoff mit
dem stall daram, wie dz zu mindern Basel
an der Webergassen zu oberst am ort gelegen
ist ein eckhuß so vormals Fleckensteins
gewesen zinst von eigenschafft der presentz
uff Burg 10 ß und 2 huner sodann dem
142 gibt 4 gld. in Klingenthal
Ao 1558 u. and ber
18ß Ao
bemelten frowen zu Clingental siner
1583
am Binder hs. Eig. v. 42 seit 1506 [sep] an er mit 1630.
dan von uff und ab irer schüren ouch zu
mindern Basel gegen sant Claren kuchen
über gelegen zu einer an Bettings stall
zu der andern an den hoff der herberg zum
Ochsen ist lidig eigen item von uff und ab
irem zweiteil reben in mindern Basel
bann niden us im Tantgruben geßlin
zu einer an her Heinrich von Sennheims
gut und zu der andern uff Clewi
Hüglis zugt zinst dem Spittal zu Basel
von eigenschafft 6ß und den bemelten
frowen zu Clingental 1 ℔ item von uff
und ab juchart bloßgelend niden us
zwüschen den wegen gelegen zu einer Gürt¬
ler zu der andern Heman Bocks aberli¬
zinst von eigenschafft zem Clingental 6ß
item von uff und ab irem Kirsgarten
und rebaker an Schörren aneinandern [sep] und zu der andern an Peter Gürtler zinst
von eigenschafft zu sant Lienhart 8ß
item von uff und ab 1 mannwert mat
ten by Schörren brucken gelegen zu einer an
den tich und zu der andern an Bartlime
Hartman zinßt Heinrich Bitzschi als
einem treger 2ß item sodann von uff
und ab 27 jucharten ackers nach by ein
andern in mindern Basel ban gegen Rie¬
hen ushn by der Santgruben gelegen stos¬
sen uff miner herren almend acker so er
von Conrat Ruchen von Riehen und Eber¬
hart Scholer erkoufft hat zinst iede juchart
1ß von eigenschafft zu sant Peter, item von
uff und ab 5 jucharten ackers an Cluben
gelegen lit zwüschen Clingental gutern [sep] und stist zinsen von eigenschaft,
zu sant Martin 11 1/2ß, fürer mit beladen,
emptio pro 80 guld. in gold.",https://files.transkribus.eu/Get?id=FJEIQMTRSFGZJQBRWEHVVUAD&fileType=view | https://files.transkribus.eu/Get?id=PMRDKVRLMRVULUKOOHVBRKEU&fileType=view | https://files.transkribus.eu/Get?id=LONQQXXXNEQKPUEQIPYAAFSK&fileType=view | https://files.transkribus.eu/Get?id=HDFQURNPIRHLUYXEISIQCDZD&fileType=view,den bemelten frowen zu Clingental ,frowen zu Clingental ,0.9904226064682007,rel,Kloster Klingental,1.0,False
HGB_1_227_079,Webergasse 42 und Untere Rebgasse 19,2611569.418444641,1267971.4875493492,30d3ea73-6af6-4828-8a7c-e9c9c2aa41c3_20240705,"14, 15, 16, 17",1509,"Item da gibt zu kouffen der erber Henslin
Binder der fürman burger und sesshafft
zu mindern Basel und Angnes sin e.
frow, den wirdigen frowen zu Clingen¬
tal, vier guld geltz so die verkouffer den
bemelten frowen zu Clingental, vier guld
geltz so die verkouffer den bemelten frowen
hynanthin jerlichen uff sant Valentinstag.
richten im weren sollen, von uff und ab
des ersten der verkouffer hus und hoff mit
dem stall daram, wie dz zu mindern Basel
an der Webergassen zu oberst am ort gelegen
ist ein eckhuß so vormals Fleckensteins
gewesen zinst von eigenschafft der presentz
uff Burg 10 ß und 2 huner sodann dem
142 gibt 4 gld. in Klingenthal
Ao 1558 u. and ber
18ß Ao
bemelten frowen zu Clingental siner
1583
am Binder hs. Eig. v. 42 seit 1506 [sep] an er mit 1630.
dan von uff und ab irer schüren ouch zu
mindern Basel gegen sant Claren kuchen
über gelegen zu einer an Bettings stall
zu der andern an den hoff der herberg zum
Ochsen ist lidig eigen item von uff und ab
irem zweiteil reben in mindern Basel
bann niden us im Tantgruben geßlin
zu einer an her Heinrich von Sennheims
gut und zu der andern uff Clewi
Hüglis zugt zinst dem Spittal zu Basel
von eigenschafft 6ß und den bemelten
frowen zu Clingental 1 ℔ item von uff
und ab juchart bloßgelend niden us
zwüschen den wegen gelegen zu einer Gürt¬
ler zu der andern Heman Bocks aberli¬
zinst von eigenschafft zem Clingental 6ß
item von uff und ab irem Kirsgarten
und rebaker an Schörren aneinandern [sep] und zu der andern an Peter Gürtler zinst
von eigenschafft zu sant Lienhart 8ß
item von uff und ab 1 mannwert mat
ten by Schörren brucken gelegen zu einer an
den tich und zu der andern an Bartlime
Hartman zinßt Heinrich Bitzschi als
einem treger 2ß item sodann von uff
und ab 27 jucharten ackers nach by ein
andern in mindern Basel ban gegen Rie¬
hen ushn by der Santgruben gelegen stos¬
sen uff miner herren almend acker so er
von Conrat Ruchen von Riehen und Eber¬
hart Scholer erkoufft hat zinst iede juchart
1ß von eigenschafft zu sant Peter, item von
uff und ab 5 jucharten ackers an Cluben
gelegen lit zwüschen Clingental gutern [sep] und stist zinsen von eigenschaft,
zu sant Martin 11 1/2ß, fürer mit beladen,
emptio pro 80 guld. in gold.",https://files.transkribus.eu/Get?id=FJEIQMTRSFGZJQBRWEHVVUAD&fileType=view | https://files.transkribus.eu/Get?id=PMRDKVRLMRVULUKOOHVBRKEU&fileType=view | https://files.transkribus.eu/Get?id=LONQQXXXNEQKPUEQIPYAAFSK&fileType=view | https://files.transkribus.eu/Get?id=HDFQURNPIRHLUYXEISIQCDZD&fileType=view,zem Clingental ,zem Clingental ,0.5105916559696198,rel,Kloster Klingental,1.0,False
HGB_1_035_010,"Brunngässlein 6, 8 + Theil v. Aeschenvorstadt 55 (Ecke im Gässlein)",2611705.591794844,1266899.2179804747,0c5a9e03-4d3b-4dac-8739-19aa6d578895_20240705,6,1475,"Jkr. Margarz von Schönenberg, verkauft an
Andris ung u Elsin sin Ehefrauen, ein Hus u.
garten gelegen in der vorstatt ze Eschemerthor,
im gesslin als man in die Malacz gassen gat,
zwüschen Franz Wagnern ze einer, ư dem eingen gesslin,
100 zer andern siten, gelegen ist, stosst an Hanns satter,
zinset voneig. 11sh. an die Presenz der hohen Stift,
aber 9 1/2sh. und Clingenthal, sodan 1 fl. und Gnadental
widerk mit 20 fl. ư dem Verkäufer 8 sh. sonstfrei,
sum 20 fl.",https://files.transkribus.eu/Get?id=OAMGIDNUDDQPLHLDPQPUWNQN&fileType=view,Clingenthal ,Clingenthal ,0.9416298866271973,rel,Kloster Klingental,1.0,False
HGB_1_035_010,"Brunngässlein 6, 8 + Theil v. Aeschenvorstadt 55 (Ecke im Gässlein)",2611705.591794844,1266899.2179804747,f1211c07-f25b-43bf-bca5-f66ec2550abd_20240705,7,1475,"Andris Mugy der Metzger verkauft an Mr.
Heinrich Rieherrn des Rats u. seine Frau Agerta, ein
Hus u. garten gelegen in der vorstatt ze Eschemerthor
by sant Jacobs brunnen, im gesslin gelegen ist, zumben
Franz Wagnern ze einer, ư dem gesslin zer andern
siten, stosst hinden an Hanns Sattlern Locherin,
zinset voneig. 1sh. andie Presenz uf Burg, 9 1/2sh. zum
Clingental u. 8 sh. Jkr. Margnart von Schönenberg
funer sol man jährl geben 1 fl gelts zu Gnadental widerk.
mit 20 fl. sonstfrei, sum 20 fl.",https://files.transkribus.eu/Get?id=RVQWYVBNIJBSDJDRJFSDOCSQ&fileType=view,Clingental ,Clingental ,0.7832351922988892,rel,Kloster Klingental,1.0,False
HGB_1_035_010,"Brunngässlein 6, 8 + Theil v. Aeschenvorstadt 55 (Ecke im Gässlein)",2611705.591794844,1266899.2179804747,db267163-f27a-4a96-8c3e-ce4a4594ec39_20240705,10,1521,"Hans Rümeli Bgr. zu Rinfelden, u. seine Frau Margreth Wölflin
verkaufen an Ruprecht Winter den Kremer, das Hus u. Hofstatt
gnant zum Phlug, hinden u. vor, so vor ziten drü hüser gwesen
und zusamen gebuwensind, mit der Hofstatt hinder dem hindern
hüslin, und mit dem gang u. der privaten, in derselben hindern
hofstatt, u. das alles an der Fryenstrass, vor dem Hus Salckemper,
über, zwüschen dem Hus zum Sonis u. der gassen als man in die
wysse gassen gat glegen, zinsen überhaupt von eig. der Besenz uf
Burg 2 ℔, ư sovil ze erschatz 6 ȡ u. d. dem Raten erndgeltz 4.
z. Zins Brot ze wysund
sodanungevertich ein halb Juch. Reben in Eschamervorstatt,
hinder s. Jacobstummen, zwüschen der gassen u. Lienhart Billings
sel. garten glegen, zinst von eig der Besenz uf Burg 5 ½ sh.
zu Clingental 9 ½ sh. u. den augustinerherren 1 ℔ 3 sh. um 517 ½ fl.
fertigungsbuch.",https://files.transkribus.eu/Get?id=XLFITPQFYCRLHPFHMCOLPBTV&fileType=view,Clingental ,Clingental ,0.8980586528778076,rel,Kloster Klingental,1.0,False
HGB_1_062_017,Gemsberg Theil von 5 neben Spalenberg 21,2611119.1888852376,1267345.4795183502,87cc0141-d9f5-40b0-b36d-005490f3dabb_20240705,24,1458,"Do bekanten sich
Heinrich David carnfer u Wiblin sin Ehefrau, enna
ư Andres Byschoff von Rettstatt der frauen bruder ezalia
daz sy vereinbart sient von der 250 u. 10 fl wegen so
derselb Andres dem genanten Heinrich & siner frauen der
swester in vergangnen ziten gelihen hat, die sie zum lengst
solten widerkert & das bishar mit getan haben, geben bis
die Bessung
zu Bezalung zu underphand erst. irs Hus & Hofstatt
genant Richenberg uf dem Höwberg, nebent Peter Roten
garten u dem Garten so zu dem Hus zem Wolffe gehört,
zinst jährl. den Augustinern 10sh. ze Clingental 7 1/2 fl.
mit widerk. mit 130 fl. ư denn ist es Mr Clausen von Andlo
vorhin auch zu einer sicherheit verwesetzt, ư andere güter",https://files.transkribus.eu/Get?id=RFXDIIOCZEWWAOTFIDLSTTNL&fileType=view,Clingental ,Clingental ,0.8623226881027222,rel,Kloster Klingental,1.0,False
HGB_1_062_025,Gemsberg 6,2611114.162756456,1267324.228984908,bcfa7cda-8bda-41aa-a395-810d8bdcee45_20240705,19,1460,"Do gab ze kaufen Frau Elsin von Nach Hannsen
Volezen dem metzger, das Hus u. Hofstatt genant zem
dörren sode, uff dem Howeberge gelegen ist, einsit
an des jüngen Richisheim hus genannt Liebenstein u.
andersite nebent Hanns Ulrich Dampftions hus, zinst jährl
voneig. wegen dem Probst u. Conrent zu s. Lienhart 9 1/2sh.
soden einen sintter zu Ernzyt ư einen sung brot ze wisung,
ư Edn erschatz, sonstfrei, denn das dis hus u. ouch Heinrich
Davids bede Hüser gent jährl. zu Clingental 15 fl. sint
widerk mit 260 fl.
sum 100 fl.
20fl. mit bezalt die übrigen 130 fl. sol der Käufer den gen.
von Clingental bezalen oder sie verzinsen",https://files.transkribus.eu/Get?id=IJZWJBHOPZZIJXHMHSCOAILJ&fileType=view,Clingental ,Clingental ,0.9876714944839478,rel,Kloster Klingental,1.0,False
HGB_1_062_025,Gemsberg 6,2611114.162756456,1267324.228984908,9251dafd-5283-45f5-8467-31b0da31a61b_20240705,33,1512,"Da hat sich bekannt Franz Gabician der Cremer
eines uffrechten Kouffs verkouffe und zu kouffen ge¬
geben Martin Lebzelter dem Cremer der von im recht
und redlich koufft hat das hus genant zum dürren
Zos zu Basel uff dem Gensberg gelegen Zinst von ei-
genschafft den Herren zu sant Lienhart 5 od. 6ß und
des closterfrowen zu Clingental 1 fl. ablösig gelt
etc.",https://files.transkribus.eu/Get?id=LQUFUBCRRENLXCYBEOVXKHPL&fileType=view,des closterfrowen zu Clingental ,closterfrowen zu Clingental ,0.9465487450361252,rel,Kloster Klingental,1.0,False
HGB_1_062_025,Gemsberg 6,2611114.162756456,1267324.228984908,7cac8421-0693-40f8-8d69-0ea70cbbff57_20240705,35,1521,"Franz Galiecan, Wirt zum Ochsen, Bgr zu mindem Basel,
verkauft an Marti Lepzelter den Lepkücher, u. seine Frau Enele,
das Hus u. Hofstatt uff dem Heuberg, zwüschen Jacob Meyers des
gwandtmans stal, u. Hans Grunachers des Mezgers hus glegen
u. zum dessen sod genant ist, zinst voneig. den herren s. Lienhart
9 1/2sh. u. ein hower tamen, sodan den frauen zu Clingental 1 fl. abl.
sonst frei, sum 100 fl.",https://files.transkribus.eu/Get?id=BBQHASNGOZZDZORUMHKQOIKK&fileType=view,den frauen zu Clingental ,frauen zu Clingental ,0.9899554252624512,rel,Kloster Klingental,1.0,False
HGB_1_017_007,Badergässlein 1,2611470.8526294795,1267901.1066928576,045dba61-b7fb-4d13-be71-a9b257803623_20240705,14,1415,"Item het zu koffende gen Gred fil da
Elsine Meigers tu He Füschers eig man
tor et advocato iren teil. so si ze erb ho¬
men sind an dem husli so lit gegen der
badstuben zem Frowli uber, sit an
dem hus zem Beltz et Stehelis hus zinst
gen Clingental 2 ℔ 4ß zins d und
thun Martini et 6ß zins d erschatz
so denn iren teil an der badstuben zer
Truw 1 sit neben dem hus so Hr. Hans
nengiessers ist, et neben der badsten
ben zem Fröwili und gehört die badstub
zer Truw och in den obgenant zins.
wand der obgenant zins ab beden got
et eit Werli Meiger pro 19 ℔.
1 gibt an Klingenthal 3℔ 5 1/29 Ao 1422
Gerichtsbuch der mindern Stadt Br.
z. fulen Beltz neben 1 auf S. v. 3 Ao 1422
fol. 7",https://files.transkribus.eu/Get?id=CTRWFCVGSNMFVFYVZUVXDSSI&fileType=view,Clingental ,Clingental ,0.8494225144386292,rel,Kloster Klingental,1.0,False
HGB_1_017_007,Badergässlein 1,2611470.8526294795,1267901.1066928576,ff16adda-153a-4fb4-b981-464c7593cdd9_20240705,17,1426,"Herr Schaler der Ziegler im obern Ziegelhof verkauft
an Bruder Hansen von howingen das Badtüblin,
zer Truge¬
Sodenne dz hüslin vor dem Badstüblin zer Truwe
über, stosset hinden an herr Stehellis hus und ouch
an die hofstat genant zem Beltz vor und hinden,
zinsen über und über beyde dz Badstüblin und huß
in den Frowen ze Klingental 3 ℔ 5 1/2 ℔ zins v.
jerl. vocavit, 2ß derselben zinsph. ze Erschatz
um 155 Gilden.
die obgeschr. Güter zinsens von Eig. wegen dem hus ze
Wettingen minren Basel.",https://files.transkribus.eu/Get?id=IFIAJTYZXSBBJMCBQIWLHKKR&fileType=view,den Frowen ze Klingental ,Frowen ze Klingental ,0.9853851348161697,rel,Kloster Klingental,1.0,False
HGB_1_017_007,Badergässlein 1,2611470.8526294795,1267901.1066928576,8029504d-7d59-4ae9-b4a1-6466d1d981d0_20240705,18,1429,"Item git ze kouffen Cuntzlin Bader von
Altkilch civis etc. und Elsy sin efrow Cri¬
stan dem siffer dz hußlin mit sinem hof¬
lin davor, sit in minren Basel in dem
gäßlin zem Frowelin zwüschent der hofstat
zem Beltz und Henman Stähellins des wap-
penschmiden hus und gegen der badstuben zem
Frowelin über, zinset von eigenschaft wegen
den frowen ze Klingental 1 ℔ zinßphennig
jerlich ze vasnacht, umb 30 1/2 guld, bruder
Hans von Howingen ein wissenthafter.
schaffner der obgl frowen ze Klingental sinen
zinst und willen geben hat doch den selben
Cristen des stiffer 2
433 bis 1434
sinen frowen unschädlich.
z. Guten Beltz neben 1 auf S. v. 3 Ao 1517",https://files.transkribus.eu/Get?id=MVXEBLKMTARJJEYPWEECKDOH&fileType=view,den frowen ze Klingental ,frowen ze Klingental ,0.9948605895042419,rel,Kloster Klingental,1.0,False
HGB_1_017_007,Badergässlein 1,2611470.8526294795,1267901.1066928576,980d86d4-5dd6-4507-8b7d-e114dbc786ec_20240705,19,1433,"Item git ze kouffende Crista der stiffer ein
lenbruder zu den Predigern ze Basel, Peter
Schaltenbrand, dz hußli und hofstatt mit dem
höflin site in minren Basel in dem gäßlin
zem Trömlin zwüschent der hofstat zem Beltz¬
und Oswald Stehellins hus und gegen der
badstuben ze Brodlin über, zinsent von
eigenschaft wegen den frowen ze Klingental
1℔. jerlich ze vasnacht und 4ß ze erschatz
ze habende ze nützende und ze nessende etc.
Hans von Höwingen procurator in Klin¬
gental consensit.",https://files.transkribus.eu/Get?id=QVAWGSCHMMRGQBNUPAYTXIXS&fileType=view,den frowen ze Klingental ,frowen ze Klingental ,0.9917416870594025,rel,Kloster Klingental,1.0,False
HGB_1_017_007,Badergässlein 1,2611470.8526294795,1267901.1066928576,d1e0eb9f-5f8b-4780-9a78-6bcf4985349a_20240705,20,1434,"Item git ze kouffen bruder Crista der stiffer
ein leybruder uff dem hof des closters an den
Steinen ze Basel mit herrn Johannsen Stein¬
bach eim priester und schaffner des closters
an den Steinen vorgenant, Oswald Stehellin
dem wappensund dz husli mit dem höfli
da by vor und hinden etc. sit in minren
Basel in dem gäßlin zem Frömlin ze einer
siten an dem hus zem Beltz so des kouffers
ist und zer andern siten an des selben
kouffers sitten und hus, zinsent von
eigenschaft wegen den closterfrowen ze Klin¬
gental 1 ℔ jerlich Juvocavit, 4ß ze erschatz
G. Göwlin = Bergasse
n 2. 6
in untat Ma. etc. umb 60 minus 2 guld.
d. Sna
Stahelin Oser. Eig. v. Webergasse 4 Ao 1459",https://files.transkribus.eu/Get?id=ZMTKOYYHRKDRYWMSSKSUKBWK&fileType=view,den closterfrowen ze Klin ¬ gental ,closterfrowen ze Klin ¬ gental ,0.9668039480845133,rel,Kloster Klingental,0.7898235228125329,False
HGB_1_017_008,Badergässlein 3,2611478.9129142133,1267904.6579906673,b51748d1-4346-4680-ae75-0e9e11677bf6_20240705,15,1416,"Gred Tuschers verkauft an Werli Meyger an halben Theil
der Badstube zer Truwas und den halten Teil des
huses zem Beltz, beddit an Stehelis hus, zinsen
be d Sament den von Clingental 2 ℔ 3ß zins. Meben)
um 19 ℔.",https://files.transkribus.eu/Get?id=FCKAVAQDSOBKMVXOAFNFXETF&fileType=view,den von Clingental ,Clingental ,0.9371167023976644,rel,Kloster Klingental,1.0,False
HGB_1_017_008,Badergässlein 3,2611478.9129142133,1267904.6579906673,ddb9dbd0-ab58-4226-b962-95737ec0f4d3_20240705,21,1464,"Frow Else Rocklins, wil. Oswald Stehelin des Wassen
Schmidts Wwe, Enelin ihr Hind, und Clauf Rogklin
verkaufen an Conrat Stehelin Kinder 10 gulden
Gelts jerl. uf. Juvocavit ab.
esen 3 hütern u der Schmitten, och der Schüren das
nebent, so aneinander gelegen sind an Ost der Beltzgass
lin gegen der Badstuben zu Froulin über und nebent
heinrich Togins sel. Schuren)
zinset das hinder huß dz genant is zem Beltz den Frowen
zu Clingental 6ß
um 200 gl. Togsin hrch. neben Weberg. Th. v. 4 neben 6 Ao 1464",https://files.transkribus.eu/Get?id=QDXKTZSOSRGAMFBHLBYGSEWV&fileType=view,den Frowen zu Clingental ,Frowen zu Clingental ,0.9514731019735336,rel,Kloster Klingental,1.0,False
HGB_1_017_013,Badergässlein 6,2611479.7777292095,1267899.3216729115,6dbafa7c-75a6-45de-bb41-5fcad55ba20c_20240705,14,1416,"Item het zu koffende zem Gred Frischers den
halben teil des huses zer Truwen so ein bad.
stub ist und lit 1 sit neben der badstuben
zem Trömli et neben Hans Grotzinger so
dem den halben teil des huses zem Beltz
bed sit an Stehelis hus zinsen bed samend
den von Clingental 2 ℔ 3ß zins ȡ Marttin
eit Werli Metzger balneator umb
19 ℔.
z. Truwer = 6 Ao 1422
z. Gröwli = 2 Ao 1425
Gerichtsbuch der mindern Stadt P.",https://files.transkribus.eu/Get?id=ETMEFXMPSSXLHZMGZUZRBIOK&fileType=view,den von Clingental ,Clingental ,0.9525679349899292,rel,Kloster Klingental,1.0,False
HGB_1_017_013,Badergässlein 6,2611479.7777292095,1267899.3216729115,d6ab6e15-5a06-4e7f-aade-17399fc78365_20240705,"20, 21",1426,"Item git ze kouffende herr Schaler der Ziegler
im obern ziegelhof minren Basel, bruder
Hansen von Howingen procurator in Klin¬
gental, dz badstüblin genant zer Trüne sit
in minren Basel zwüschent dem badstüblin
zem Fröwellin und Huglis Schiff selegen
erben hus vo denne dz hußlin vor dem
badstüblin zer Trüne über gelegen stosset
hinden an herr Stehellis hus und ouch an
die hofstat genant zem Beltz vor und
hinden mit iren t etc. zinsent über und
über beyde dz badstüblin und hüslin dem
obge frowen ze Klingental 3 ℔ 5 1/2 ß zinß
Z jerlich invocat 2ß der selben zinßph
1 Ben an Reiseng 2 ao 1432
verkouffen guter zinsent von eigenschaft
z. Wwe = 6 Ao 1432 [sep] wegen
dem
hins ze
Wettingen minren Basel.",https://files.transkribus.eu/Get?id=OAPEIOSDJFESGQWWNVQNGKQT&fileType=view | https://files.transkribus.eu/Get?id=QMWFOKEVWJASMOSXRJATEVUC&fileType=view,dem obge frowen ze Klingental ,frowen ze Klingental ,0.9721857070922851,rel,Kloster Klingental,1.0,False
HGB_1_017_013,Badergässlein 6,2611479.7777292095,1267899.3216729115,903b0ee3-2d41-40b0-a25b-753076e3dc1b_20240705,22,1432,"Item git ze kouffen Elsy relta quond Antz
lin Bader, Cunrad Penniker dem gerwer
civi etc. dz hußlin ze Truwe mit siner hof¬
stat und andren sinen rechten und zuge¬
horden etc. ist erb und gelegen in min
ren Basel in dem geßlin genant zem Trowelin
und Hüglins Schulth seligen genant zem
Schiff wilent erben huse zinsent von eigen
schaft wegen den frowen ze Klingental 2℔
und 5 ½ ß zinßd jerlich invocavit umb
Jo guld, bruder Hans von (sic) consensit",https://files.transkribus.eu/Get?id=NGZXVNXMCQWWXRRSGJYIVHPG&fileType=view,den frowen ze Klingental ,frowen ze Klingental ,0.9919654279947281,rel,Kloster Klingental,1.0,False
HGB_1_017_013,Badergässlein 6,2611479.7777292095,1267899.3216729115,2ae563cf-a117-4454-b372-e38c828c546c_20240705,23,1432,"Item gebent ze kouffen Cunrat Tennler
der gerwer und Gred sin frow als houpt¬
schuldner und Hans Plottrer sutor Urselli.
sin efrow obg. houptschuldner tochter als
mitschuldner, Elsen Relten guond Cuntzlin
Bader, 3 1/2 guld geltz jerlichs zinses solnend
jerlich exalt ste crus de et sup der kouph
schuldner hus und hofstat sit in minren
Basel genant zer Truwe in dem geßlin
zem Tromlin zinset von eigenschaft we-
gen dem frowen ze Klingental 1 ℔ 3ß.
minus 3ȡ, umb 70 guld.",https://files.transkribus.eu/Get?id=RFWELDBVBEWYVKPJZJUHBIBT&fileType=view,dem frowen ze Klingental ,frowen ze Klingental ,0.9961701035499573,rel,Kloster Klingental,1.0,False
